{
"type": "FeatureCollection",
"name": "county_geographies_sample",
"crs": { "type": "name", "properties": { "name": "urn:ogc:def:crs:OGC:1.3:CRS84" } },
"features": [
{ "type": "Feature", "properties": { "geo_id": "01027", "geo_name": "Clay", "geo_level": "county", "year": 2021 }, "geometry": { "type": "Polygon", "coordinates": [ [ [ -85.653654, 33.106634 ], [ -85.65308, 33.212117 ], [ -85.643482, 33.495885 ], [ -85.765427, 33.498593 ], [ -85.782735, 33.469349 ], [ -85.870053, 33.476757 ], [ -85.85189, 33.498742 ], [ -85.904909, 33.498655 ], [ -85.922817, 33.454576 ], [ -85.923762, 33.396206 ], [ -85.976525, 33.38187 ], [ -85.980293, 33.29419 ], [ -86.118198, 33.29632 ], [ -86.120567, 33.194511 ], [ -86.17283, 33.195681 ], [ -86.17437, 33.104394 ], [ -86.009313, 33.104642 ], [ -86.00917, 33.09026 ], [ -85.974715, 33.105286 ], [ -85.653654, 33.106634 ] ] ] } },
{ "type": "Feature", "properties": { "geo_id": "01091", "geo_name": "Marengo", "geo_level": "county", "year": 2021 }, "geometry": { "type": "Polygon", "coordinates": [ [ [ -88.07349, 31.990182 ], [ -87.667769, 31.991355 ], [ -87.622756, 32.005482 ], [ -87.624005, 32.132345 ], [ -87.521946, 32.132816 ], [ -87.523405, 32.25483 ], [ -87.472206, 32.264919 ], [ -87.47308, 32.307614 ], [ -87.52429, 32.307293 ], [ -87.524485, 32.482028 ], [ -87.674479, 32.480866 ], [ -87.694239, 32.4807 ], [ -87.728774, 32.498759 ], [ -87.728775, 32.499938 ], [ -87.728521, 32.524532 ], [ -87.812559, 32.52456 ], [ -87.85342, 32.532086 ], [ -87.901264, 32.523172 ], [ -87.956211, 32.470405 ], [ -88.031623, 32.43361 ], [ -88.046335, 32.377087 ], [ -87.970943, 32.344347 ], [ -87.930661, 32.310574 ], [ -88.019145, 32.28524 ], [ -88.007077, 32.185313 ], [ -88.035812, 32.14501 ], [ -88.070615, 32.0617 ], [ -88.114087, 32.058056 ], [ -88.117433, 32.01682 ], [ -88.07349, 31.990182 ] ] ] } },
{ "type": "Feature", "properties": { "geo_id": "01049", "geo_name": "DeKalb", "geo_level": "county", "year": 2021 }, "geometry": { "type": "Polygon", "coordinates": [ [ [ -85.843617, 34.200006 ], [ -85.843801, 34.244595 ], [ -85.774165, 34.259094 ], [ -85.675283, 34.343396 ], [ -85.636645, 34.366622 ], [ -85.579656, 34.439709 ], [ -85.560386, 34.489909 ], [ -85.513612, 34.523825 ], [ -85.583145, 34.860371 ], [ -85.627068, 34.831879 ], [ -85.660198, 34.754963 ], [ -85.693037, 34.74425 ], [ -85.785471, 34.624584 ], [ -86.00384, 34.480031 ], [ -86.057712, 34.475994 ], [ -86.110362, 34.427797 ], [ -86.106086, 34.200756 ], [ -85.843617, 34.200006 ] ] ] } },
{ "type": "Feature", "properties": { "geo_id": "01019", "geo_name": "Cherokee", "geo_level": "county", "year": 2021 }, "geometry": { "type": "Polygon", "coordinates": [ [ [ -85.513612, 34.523825 ], [ -85.560386, 34.489909 ], [ -85.579656, 34.439709 ], [ -85.636645, 34.366622 ], [ -85.675283, 34.343396 ], [ -85.774165, 34.259094 ], [ -85.843801, 34.244595 ], [ -85.843617, 34.200006 ], [ -85.841468, 34.111096 ], [ -85.811967, 34.125096 ], [ -85.737137, 33.989203 ], [ -85.738975, 33.96846 ], [ -85.529432, 33.95598 ], [ -85.530094, 33.941423 ], [ -85.495289, 33.95691 ], [ -85.398837, 33.964129 ], [ -85.47045, 34.328239 ], [ -85.513612, 34.523825 ] ] ] } },
{ "type": "Feature", "properties": { "geo_id": "01065", "geo_name": "Hale", "geo_level": "county", "year": 2021 }, "geometry": { "type": "Polygon", "coordinates": [ [ [ -87.4212, 32.874508 ], [ -87.421936, 33.003379 ], [ -87.715709, 33.006824 ], [ -87.747099, 32.965576 ], [ -87.768294, 32.898957 ], [ -87.831586, 32.864866 ], [ -87.813178, 32.810176 ], [ -87.823176, 32.765895 ], [ -87.786571, 32.682481 ], [ -87.813401, 32.633875 ], [ -87.783271, 32.605231 ], [ -87.736928, 32.589689 ], [ -87.800959, 32.558891 ], [ -87.812559, 32.52456 ], [ -87.728521, 32.524532 ], [ -87.728775, 32.499938 ], [ -87.728774, 32.498759 ], [ -87.694239, 32.4807 ], [ -87.674479, 32.480866 ], [ -87.524485, 32.482028 ], [ -87.525198, 32.655713 ], [ -87.473915, 32.655867 ], [ -87.472174, 32.83062 ], [ -87.421387, 32.830829 ], [ -87.4212, 32.874508 ] ] ] } },
{ "type": "Feature", "properties": { "geo_id": "01105", "geo_name": "Perry", "geo_level": "county", "year": 2021 }, "geometry": { "type": "Polygon", "coordinates": [ [ [ -87.47308, 32.307614 ], [ -87.421744, 32.308101 ], [ -87.423153, 32.482965 ], [ -87.112362, 32.48865 ], [ -87.081298, 32.570475 ], [ -87.041158, 32.597892 ], [ -87.047873, 32.620776 ], [ -87.017762, 32.729532 ], [ -87.019157, 32.837034 ], [ -87.319184, 32.831522 ], [ -87.319473, 32.875124 ], [ -87.4212, 32.874508 ], [ -87.421387, 32.830829 ], [ -87.472174, 32.83062 ], [ -87.473915, 32.655867 ], [ -87.525198, 32.655713 ], [ -87.524485, 32.482028 ], [ -87.52429, 32.307293 ], [ -87.47308, 32.307614 ] ] ] } },
{ "type": "Feature", "properties": { "geo_id": "01033", "geo_name": "Colbert", "geo_level": "county", "year": 2021 }, "geometry": { "type": "Polygon", "coordinates": [ [ [ -87.42651, 34.800022 ], [ -87.524363, 34.832384 ], [ -87.580637, 34.821802 ], [ -87.613694, 34.79903 ], [ -87.707572, 34.772919 ], [ -87.7603, 34.735578 ], [ -87.835833, 34.741239 ], [ -87.92029, 34.804468 ], [ -87.937212, 34.847365 ], [ -87.973222, 34.88255 ], [ -88.050792, 34.90618 ], [ -88.097888, 34.892202 ], [ -88.139988, 34.581703 ], [ -87.952122, 34.575114 ], [ -87.529667, 34.567081 ], [ -87.43306, 34.717485 ], [ -87.42651, 34.800022 ] ] ] } },
{ "type": "Feature", "properties": { "geo_id": "01063", "geo_name": "Greene", "geo_level": "county", "year": 2021 }, "geometry": { "type": "Polygon", "coordinates": [ [ [ -87.715709, 33.006824 ], [ -87.832233, 33.017258 ], [ -87.837521, 33.153637 ], [ -87.927146, 33.121104 ], [ -87.968838, 33.077641 ], [ -88.086075, 33.036247 ], [ -88.135579, 33.03656 ], [ -88.171852, 32.99586 ], [ -88.207316, 32.924782 ], [ -88.179966, 32.871675 ], [ -88.132685, 32.832853 ], [ -88.055004, 32.646482 ], [ -88.079159, 32.619684 ], [ -88.053729, 32.593052 ], [ -87.977005, 32.610781 ], [ -87.928689, 32.632284 ], [ -87.904841, 32.614576 ], [ -87.85342, 32.532086 ], [ -87.812559, 32.52456 ], [ -87.800959, 32.558891 ], [ -87.736928, 32.589689 ], [ -87.783271, 32.605231 ], [ -87.813401, 32.633875 ], [ -87.786571, 32.682481 ], [ -87.823176, 32.765895 ], [ -87.813178, 32.810176 ], [ -87.831586, 32.864866 ], [ -87.768294, 32.898957 ], [ -87.747099, 32.965576 ], [ -87.715709, 33.006824 ] ] ] } },
{ "type": "Feature", "properties": { "geo_id": "01013", "geo_name": "Butler", "geo_level": "county", "year": 2021 }, "geometry": { "type": "Polygon", "coordinates": [ [ [ -86.448198, 31.964629 ], [ -86.857583, 31.962167 ], [ -86.908939, 31.961673 ], [ -86.906899, 31.830628 ], [ -86.905899, 31.753035 ], [ -86.906769, 31.632671 ], [ -86.866302, 31.546981 ], [ -86.839386, 31.525204 ], [ -86.701554, 31.523946 ], [ -86.499213, 31.525331 ], [ -86.499533, 31.655247 ], [ -86.448635, 31.655617 ], [ -86.445978, 31.70112 ], [ -86.448198, 31.964629 ] ] ] } },
{ "type": "Feature", "properties": { "geo_id": "01081", "geo_name": "Lee", "geo_level": "county", "year": 2021 }, "geometry": { "type": "Polygon", "coordinates": [ [ [ -85.434045, 32.40984 ], [ -85.330143, 32.410842 ], [ -85.333843, 32.468639 ], [ -85.059294, 32.472909 ], [ -85.06032, 32.494903 ], [ -85.060508, 32.498722 ], [ -85.00102, 32.510157 ], [ -85.067199, 32.579306 ], [ -85.105432, 32.644934 ], [ -85.135038, 32.74653 ], [ -85.284843, 32.745131 ], [ -85.285043, 32.730731 ], [ -85.593151, 32.72853 ], [ -85.610253, 32.713929 ], [ -85.679854, 32.71253 ], [ -85.696755, 32.697429 ], [ -85.695854, 32.595933 ], [ -85.661053, 32.567935 ], [ -85.489348, 32.496937 ], [ -85.438575, 32.49709 ], [ -85.434045, 32.40984 ] ] ] } },
{ "type": "Feature", "properties": { "geo_id": "01097", "geo_name": "Mobile", "geo_level": "county", "year": 2021 }, "geometry": { "type": "Polygon", "coordinates": [ [ [ -87.972869, 31.162694 ], [ -88.022649, 31.144267 ], [ -88.329782, 31.143821 ], [ -88.329927, 31.114357 ], [ -88.432007, 31.114298 ], [ -88.425432, 30.998323 ], [ -88.412612, 30.73559 ], [ -88.384431, 30.158543 ], [ -88.347719, 30.190088 ], [ -88.310302, 30.177816 ], [ -88.162022, 30.200093 ], [ -88.13161, 30.173621 ], [ -88.060689, 30.144425 ], [ -88.037309, 30.146561 ], [ -88.037112, 30.222433 ], [ -88.000842, 30.53108 ], [ -87.990765, 30.544737 ], [ -87.987839, 30.637149 ], [ -88.000997, 30.698289 ], [ -88.026319, 30.753358 ], [ -87.987065, 30.811445 ], [ -87.944546, 30.827046 ], [ -87.980971, 30.86187 ], [ -87.949901, 30.926652 ], [ -87.963265, 30.966051 ], [ -87.957352, 31.029368 ], [ -87.941561, 31.061342 ], [ -87.975851, 31.082422 ], [ -87.939696, 31.145805 ], [ -87.972869, 31.162694 ] ] ] } },
{ "type": "Feature", "properties": { "geo_id": "01057", "geo_name": "Fayette", "geo_level": "county", "year": 2021 }, "geometry": { "type": "Polygon", "coordinates": [ [ [ -87.635932, 33.915251 ], [ -87.951785, 33.91993 ], [ -87.946519, 33.524065 ], [ -87.840683, 33.524839 ], [ -87.666661, 33.521667 ], [ -87.666633, 33.579807 ], [ -87.631718, 33.609833 ], [ -87.423701, 33.602096 ], [ -87.423843, 33.689112 ], [ -87.528338, 33.692049 ], [ -87.531602, 33.867618 ], [ -87.63604, 33.871999 ], [ -87.635932, 33.915251 ] ] ] } },
{ "type": "Feature", "properties": { "geo_id": "01017", "geo_name": "Chambers", "geo_level": "county", "year": 2021 }, "geometry": { "type": "Polygon", "coordinates": [ [ [ -85.593151, 32.72853 ], [ -85.285043, 32.730731 ], [ -85.284843, 32.745131 ], [ -85.135038, 32.74653 ], [ -85.122326, 32.774383 ], [ -85.165635, 32.808222 ], [ -85.154855, 32.839689 ], [ -85.184737, 32.870514 ], [ -85.232378, 33.108077 ], [ -85.593177, 33.10734 ], [ -85.593151, 32.72853 ] ] ] } },
{ "type": "Feature", "properties": { "geo_id": "01125", "geo_name": "Tuscaloosa", "geo_level": "county", "year": 2021 }, "geometry": { "type": "Polygon", "coordinates": [ [ [ -87.421936, 33.003379 ], [ -87.318539, 33.006179 ], [ -87.311577, 33.093933 ], [ -87.281945, 33.13306 ], [ -87.199317, 33.130657 ], [ -87.199153, 33.196554 ], [ -87.152071, 33.232484 ], [ -87.104101, 33.221457 ], [ -87.065738, 33.246907 ], [ -87.065754, 33.275937 ], [ -87.126756, 33.290844 ], [ -87.179638, 33.321112 ], [ -87.197584, 33.358134 ], [ -87.284363, 33.440578 ], [ -87.335577, 33.456251 ], [ -87.330816, 33.491501 ], [ -87.285024, 33.485785 ], [ -87.266923, 33.512929 ], [ -87.318237, 33.514166 ], [ -87.318532, 33.587393 ], [ -87.423701, 33.602096 ], [ -87.631718, 33.609833 ], [ -87.666633, 33.579807 ], [ -87.666661, 33.521667 ], [ -87.840683, 33.524839 ], [ -87.837521, 33.153637 ], [ -87.832233, 33.017258 ], [ -87.715709, 33.006824 ], [ -87.421936, 33.003379 ] ] ] } },
{ "type": "Feature", "properties": { "geo_id": "01131", "geo_name": "Wilcox", "geo_level": "county", "year": 2021 }, "geometry": { "type": "Polygon", "coordinates": [ [ [ -87.667769, 31.991355 ], [ -87.666836, 31.875747 ], [ -87.620951, 31.870395 ], [ -87.620112, 31.827123 ], [ -87.50093, 31.829251 ], [ -87.228283, 31.831418 ], [ -87.214084, 31.828498 ], [ -86.906899, 31.830628 ], [ -86.908939, 31.961673 ], [ -86.857583, 31.962167 ], [ -86.856576, 32.048352 ], [ -86.906956, 32.04797 ], [ -87.17786, 32.047514 ], [ -87.203828, 32.090984 ], [ -87.234028, 32.101694 ], [ -87.325644, 32.196272 ], [ -87.362213, 32.196081 ], [ -87.39428, 32.237329 ], [ -87.444429, 32.268889 ], [ -87.472206, 32.264919 ], [ -87.523405, 32.25483 ], [ -87.521946, 32.132816 ], [ -87.624005, 32.132345 ], [ -87.622756, 32.005482 ], [ -87.667769, 31.991355 ] ] ] } },
{ "type": "Feature", "properties": { "geo_id": "01095", "geo_name": "Marshall", "geo_level": "county", "year": 2021 }, "geometry": { "type": "Polygon", "coordinates": [ [ [ -86.149806, 34.533633 ], [ -86.148464, 34.599069 ], [ -86.326853, 34.599403 ], [ -86.311187, 34.539277 ], [ -86.412446, 34.494155 ], [ -86.425482, 34.479277 ], [ -86.499988, 34.482292 ], [ -86.533445, 34.502795 ], [ -86.550166, 34.545963 ], [ -86.58132, 34.371094 ], [ -86.581936, 34.304694 ], [ -86.477525, 34.302758 ], [ -86.45302, 34.259317 ], [ -86.409017, 34.205002 ], [ -86.303516, 34.099073 ], [ -86.206107, 34.17265 ], [ -86.106086, 34.200756 ], [ -86.110362, 34.427797 ], [ -86.057712, 34.475994 ], [ -86.149806, 34.533633 ] ] ] } },
{ "type": "Feature", "properties": { "geo_id": "01053", "geo_name": "Escambia", "geo_level": "county", "year": 2021 }, "geometry": { "type": "Polygon", "coordinates": [ [ [ -87.598829, 30.997455 ], [ -87.140755, 30.999532 ], [ -86.688317, 30.994507 ], [ -86.70022, 31.000418 ], [ -86.700282, 31.192217 ], [ -86.768632, 31.19733 ], [ -86.763961, 31.261293 ], [ -87.427455, 31.260386 ], [ -87.489206, 31.260076 ], [ -87.548993, 31.230041 ], [ -87.61589, 31.244458 ], [ -87.615431, 30.997361 ], [ -87.598829, 30.997455 ] ] ] } },
{ "type": "Feature", "properties": { "geo_id": "01083", "geo_name": "Limestone", "geo_level": "county", "year": 2021 }, "geometry": { "type": "Polygon", "coordinates": [ [ [ -86.790056, 34.55079 ], [ -86.783628, 34.991948 ], [ -87.210759, 34.999024 ], [ -87.214914, 34.816011 ], [ -87.278302, 34.773563 ], [ -87.260676, 34.758626 ], [ -87.229721, 34.764031 ], [ -87.138858, 34.724101 ], [ -87.105073, 34.686037 ], [ -86.907205, 34.579792 ], [ -86.790056, 34.55079 ] ] ] } },
{ "type": "Feature", "properties": { "geo_id": "01009", "geo_name": "Blount", "geo_level": "county", "year": 2021 }, "geometry": { "type": "Polygon", "coordinates": [ [ [ -86.577799, 33.765316 ], [ -86.577528, 33.801977 ], [ -86.521771, 33.801901 ], [ -86.405981, 33.835896 ], [ -86.339338, 33.894843 ], [ -86.325622, 33.940147 ], [ -86.332388, 34.04648 ], [ -86.303516, 34.099073 ], [ -86.409017, 34.205002 ], [ -86.45302, 34.259317 ], [ -86.519603, 34.251766 ], [ -86.55697, 34.17885 ], [ -86.599785, 34.12172 ], [ -86.624127, 34.122211 ], [ -86.687697, 34.080735 ], [ -86.709746, 34.029047 ], [ -86.761007, 33.995681 ], [ -86.763999, 33.974187 ], [ -86.821564, 33.957133 ], [ -86.886022, 33.917432 ], [ -86.924387, 33.909222 ], [ -86.932324, 33.867292 ], [ -86.963358, 33.858221 ], [ -86.953664, 33.815297 ], [ -86.883947, 33.843237 ], [ -86.759144, 33.840617 ], [ -86.64529, 33.773012 ], [ -86.577799, 33.765316 ] ] ] } },
{ "type": "Feature", "properties": { "geo_id": "01099", "geo_name": "Monroe", "geo_level": "county", "year": 2021 }, "geometry": { "type": "Polygon", "coordinates": [ [ [ -87.427455, 31.260386 ], [ -87.359763, 31.317747 ], [ -87.296721, 31.401278 ], [ -87.227797, 31.454363 ], [ -87.208551, 31.457285 ], [ -87.166581, 31.519561 ], [ -87.135051, 31.642417 ], [ -87.055967, 31.677381 ], [ -87.052284, 31.716761 ], [ -86.98932, 31.718562 ], [ -86.905899, 31.753035 ], [ -86.906899, 31.830628 ], [ -87.214084, 31.828498 ], [ -87.228283, 31.831418 ], [ -87.50093, 31.829251 ], [ -87.518363, 31.814386 ], [ -87.516131, 31.697824 ], [ -87.566841, 31.697115 ], [ -87.565413, 31.553573 ], [ -87.619844, 31.519049 ], [ -87.565708, 31.481683 ], [ -87.574727, 31.433827 ], [ -87.603137, 31.409556 ], [ -87.665572, 31.423166 ], [ -87.706045, 31.400957 ], [ -87.722758, 31.343621 ], [ -87.781681, 31.33333 ], [ -87.765152, 31.297346 ], [ -87.712365, 31.301132 ], [ -87.676419, 31.261992 ], [ -87.61589, 31.244458 ], [ -87.548993, 31.230041 ], [ -87.489206, 31.260076 ], [ -87.427455, 31.260386 ] ] ] } },
{ "type": "Feature", "properties": { "geo_id": "01093", "geo_name": "Marion", "geo_level": "county", "year": 2021 }, "geometry": { "type": "Polygon", "coordinates": [ [ [ -87.634725, 34.306997 ], [ -87.939933, 34.313196 ], [ -88.173632, 34.321054 ], [ -88.203864, 34.086564 ], [ -88.207229, 34.058333 ], [ -87.98693, 34.052102 ], [ -87.951929, 34.022202 ], [ -87.951785, 33.91993 ], [ -87.635932, 33.915251 ], [ -87.636118, 34.002203 ], [ -87.634725, 34.306997 ] ] ] } },
{ "type": "Feature", "properties": { "geo_id": "01085", "geo_name": "Lowndes", "geo_level": "county", "year": 2021 }, "geometry": { "type": "Polygon", "coordinates": [ [ [ -86.857583, 31.962167 ], [ -86.448198, 31.964629 ], [ -86.405005, 31.963775 ], [ -86.406276, 32.050731 ], [ -86.408771, 32.244309 ], [ -86.48965, 32.293353 ], [ -86.473415, 32.324126 ], [ -86.496774, 32.344437 ], [ -86.542537, 32.363517 ], [ -86.614841, 32.374266 ], [ -86.653419, 32.397247 ], [ -86.678795, 32.355359 ], [ -86.711337, 32.360767 ], [ -86.717897, 32.402814 ], [ -86.781354, 32.392494 ], [ -86.773163, 32.340728 ], [ -86.814912, 32.340803 ], [ -86.82606, 32.305957 ], [ -86.864563, 32.274704 ], [ -86.839758, 32.24121 ], [ -86.908302, 32.225028 ], [ -86.906956, 32.04797 ], [ -86.856576, 32.048352 ], [ -86.857583, 31.962167 ] ] ] } },
{ "type": "Feature", "properties": { "geo_id": "01037", "geo_name": "Coosa", "geo_level": "county", "year": 2021 }, "geometry": { "type": "Polygon", "coordinates": [ [ [ -86.007187, 32.754984 ], [ -86.00917, 33.09026 ], [ -86.009313, 33.104642 ], [ -86.17437, 33.104394 ], [ -86.491029, 33.102944 ], [ -86.512106, 33.085876 ], [ -86.517344, 33.020566 ], [ -86.515959, 32.929361 ], [ -86.478711, 32.872659 ], [ -86.447628, 32.851129 ], [ -86.457015, 32.813899 ], [ -86.374974, 32.75358 ], [ -86.007187, 32.754984 ] ] ] } },
{ "type": "Feature", "properties": { "geo_id": "01109", "geo_name": "Pike", "geo_level": "county", "year": 2021 }, "geometry": { "type": "Polygon", "coordinates": [ [ [ -86.145895, 31.617741 ], [ -85.789142, 31.617964 ], [ -85.748251, 31.618048 ], [ -85.716961, 31.655071 ], [ -85.700723, 31.742387 ], [ -85.662692, 31.783319 ], [ -85.677672, 31.852244 ], [ -85.657668, 31.880275 ], [ -85.791047, 31.880357 ], [ -85.790048, 31.967254 ], [ -85.88435, 31.967253 ], [ -85.893652, 32.047351 ], [ -85.996853, 32.051049 ], [ -85.995563, 31.967554 ], [ -86.191379, 31.966453 ], [ -86.174969, 31.930597 ], [ -86.182949, 31.83239 ], [ -86.199378, 31.79045 ], [ -86.148339, 31.790951 ], [ -86.145895, 31.617741 ] ] ] } },
{ "type": "Feature", "properties": { "geo_id": "01119", "geo_name": "Sumter", "geo_level": "county", "year": 2021 }, "geometry": { "type": "Polygon", "coordinates": [ [ [ -88.388797, 32.578123 ], [ -88.421453, 32.30868 ], [ -88.209112, 32.307574 ], [ -87.930661, 32.310574 ], [ -87.970943, 32.344347 ], [ -88.046335, 32.377087 ], [ -88.031623, 32.43361 ], [ -87.956211, 32.470405 ], [ -87.901264, 32.523172 ], [ -87.85342, 32.532086 ], [ -87.904841, 32.614576 ], [ -87.928689, 32.632284 ], [ -87.977005, 32.610781 ], [ -88.053729, 32.593052 ], [ -88.079159, 32.619684 ], [ -88.055004, 32.646482 ], [ -88.132685, 32.832853 ], [ -88.179966, 32.871675 ], [ -88.207316, 32.924782 ], [ -88.171852, 32.99586 ], [ -88.340432, 32.991199 ], [ -88.347887, 32.929082 ], [ -88.388797, 32.578123 ] ] ] } },
{ "type": "Feature", "properties": { "geo_id": "01133", "geo_name": "Winston", "geo_level": "county", "year": 2021 }, "geometry": { "type": "Polygon", "coordinates": [ [ [ -87.109911, 34.299299 ], [ -87.302487, 34.299401 ], [ -87.529722, 34.304598 ], [ -87.634725, 34.306997 ], [ -87.636118, 34.002203 ], [ -87.500021, 33.996627 ], [ -87.151036, 33.993225 ], [ -87.111992, 33.992385 ], [ -87.109911, 34.299299 ] ] ] } },
{ "type": "Feature", "properties": { "geo_id": "01121", "geo_name": "Talladega", "geo_level": "county", "year": 2021 }, "geometry": { "type": "Polygon", "coordinates": [ [ [ -85.796054, 33.55622 ], [ -85.794559, 33.585565 ], [ -85.994935, 33.586475 ], [ -86.021707, 33.601172 ], [ -86.026401, 33.647197 ], [ -86.050669, 33.67459 ], [ -86.145562, 33.679098 ], [ -86.172437, 33.659831 ], [ -86.16948, 33.619236 ], [ -86.221017, 33.587919 ], [ -86.189812, 33.547238 ], [ -86.253259, 33.488844 ], [ -86.286344, 33.504489 ], [ -86.307327, 33.454532 ], [ -86.378665, 33.390983 ], [ -86.35734, 33.296917 ], [ -86.458026, 33.241434 ], [ -86.460978, 33.20293 ], [ -86.503127, 33.179144 ], [ -86.459926, 33.125117 ], [ -86.491029, 33.102944 ], [ -86.17437, 33.104394 ], [ -86.17283, 33.195681 ], [ -86.120567, 33.194511 ], [ -86.118198, 33.29632 ], [ -85.980293, 33.29419 ], [ -85.976525, 33.38187 ], [ -85.923762, 33.396206 ], [ -85.922817, 33.454576 ], [ -85.904909, 33.498655 ], [ -85.85189, 33.498742 ], [ -85.796054, 33.55622 ] ] ] } },
{ "type": "Feature", "properties": { "geo_id": "01071", "geo_name": "Jackson", "geo_level": "county", "year": 2021 }, "geometry": { "type": "Polygon", "coordinates": [ [ [ -86.057712, 34.475994 ], [ -86.00384, 34.480031 ], [ -85.785471, 34.624584 ], [ -85.693037, 34.74425 ], [ -85.660198, 34.754963 ], [ -85.627068, 34.831879 ], [ -85.583145, 34.860371 ], [ -85.605165, 34.984678 ], [ -86.311274, 34.991098 ], [ -86.293259, 34.945045 ], [ -86.351123, 34.873265 ], [ -86.339709, 34.7532 ], [ -86.358121, 34.735034 ], [ -86.359034, 34.63261 ], [ -86.326853, 34.599403 ], [ -86.148464, 34.599069 ], [ -86.149806, 34.533633 ], [ -86.057712, 34.475994 ] ] ] } },
{ "type": "Feature", "properties": { "geo_id": "01003", "geo_name": "Baldwin", "geo_level": "county", "year": 2021 }, "geometry": { "type": "Polygon", "coordinates": [ [ [ -87.598829, 30.997455 ], [ -87.615431, 30.997361 ], [ -87.61589, 31.244458 ], [ -87.676419, 31.261992 ], [ -87.712365, 31.301132 ], [ -87.765152, 31.297346 ], [ -87.785523, 31.27579 ], [ -87.828313, 31.275304 ], [ -87.873887, 31.201496 ], [ -87.946588, 31.19293 ], [ -87.972869, 31.162694 ], [ -87.939696, 31.145805 ], [ -87.975851, 31.082422 ], [ -87.941561, 31.061342 ], [ -87.957352, 31.029368 ], [ -87.963265, 30.966051 ], [ -87.949901, 30.926652 ], [ -87.980971, 30.86187 ], [ -87.944546, 30.827046 ], [ -87.987065, 30.811445 ], [ -88.026319, 30.753358 ], [ -88.000997, 30.698289 ], [ -87.987839, 30.637149 ], [ -87.990765, 30.544737 ], [ -88.000842, 30.53108 ], [ -88.037112, 30.222433 ], [ -88.037309, 30.146561 ], [ -88.003618, 30.173417 ], [ -87.925756, 30.179561 ], [ -87.807153, 30.177378 ], [ -87.647824, 30.199211 ], [ -87.518346, 30.229506 ], [ -87.51838, 30.283901 ], [ -87.49998, 30.328957 ], [ -87.450778, 30.346999 ], [ -87.440678, 30.391498 ], [ -87.369383, 30.431948 ], [ -87.435578, 30.480496 ], [ -87.445103, 30.528909 ], [ -87.408018, 30.583701 ], [ -87.393294, 30.627218 ], [ -87.406356, 30.674437 ], [ -87.501502, 30.721092 ], [ -87.544789, 30.778395 ], [ -87.626224, 30.846664 ], [ -87.62027, 30.887404 ], [ -87.588862, 30.96579 ], [ -87.598829, 30.997455 ] ] ] } },
{ "type": "Feature", "properties": { "geo_id": "01011", "geo_name": "Bullock", "geo_level": "county", "year": 2021 }, "geometry": { "type": "Polygon", "coordinates": [ [ [ -85.657668, 31.880275 ], [ -85.648767, 31.911615 ], [ -85.587344, 31.997355 ], [ -85.512643, 32.014055 ], [ -85.428476, 32.014951 ], [ -85.427442, 32.13935 ], [ -85.410241, 32.146651 ], [ -85.427441, 32.146551 ], [ -85.433543, 32.234648 ], [ -85.856218, 32.231975 ], [ -85.877868, 32.291528 ], [ -85.919293, 32.274382 ], [ -85.986557, 32.272342 ], [ -85.999157, 32.250543 ], [ -85.996853, 32.051049 ], [ -85.893652, 32.047351 ], [ -85.88435, 31.967253 ], [ -85.790048, 31.967254 ], [ -85.791047, 31.880357 ], [ -85.657668, 31.880275 ] ] ] } },
{ "type": "Feature", "properties": { "geo_id": "01001", "geo_name": "Autauga", "geo_level": "county", "year": 2021 }, "geometry": { "type": "Polygon", "coordinates": [ [ [ -86.814912, 32.340803 ], [ -86.773163, 32.340728 ], [ -86.781354, 32.392494 ], [ -86.717897, 32.402814 ], [ -86.711337, 32.360767 ], [ -86.678795, 32.355359 ], [ -86.653419, 32.397247 ], [ -86.614841, 32.374266 ], [ -86.542537, 32.363517 ], [ -86.496774, 32.344437 ], [ -86.444721, 32.399841 ], [ -86.411172, 32.409937 ], [ -86.413116, 32.707386 ], [ -86.714219, 32.705694 ], [ -86.71339, 32.661732 ], [ -86.917595, 32.664169 ], [ -86.898304, 32.567687 ], [ -86.906742, 32.536977 ], [ -86.849898, 32.438325 ], [ -86.814912, 32.340803 ] ] ] } },
{ "type": "Feature", "properties": { "geo_id": "01087", "geo_name": "Macon", "geo_level": "county", "year": 2021 }, "geometry": { "type": "Polygon", "coordinates": [ [ [ -85.919293, 32.274382 ], [ -85.877868, 32.291528 ], [ -85.856218, 32.231975 ], [ -85.433543, 32.234648 ], [ -85.434045, 32.40984 ], [ -85.438575, 32.49709 ], [ -85.489348, 32.496937 ], [ -85.661053, 32.567935 ], [ -85.695854, 32.595933 ], [ -85.712654, 32.581834 ], [ -85.798585, 32.581089 ], [ -85.797156, 32.494236 ], [ -85.886148, 32.493053 ], [ -85.89442, 32.447578 ], [ -85.974344, 32.446275 ], [ -86.023012, 32.419978 ], [ -85.989088, 32.33482 ], [ -85.919293, 32.274382 ] ] ] } },
{ "type": "Feature", "properties": { "geo_id": "01115", "geo_name": "St. Clair", "geo_level": "county", "year": 2021 }, "geometry": { "type": "Polygon", "coordinates": [ [ [ -86.378665, 33.390983 ], [ -86.307327, 33.454532 ], [ -86.286344, 33.504489 ], [ -86.253259, 33.488844 ], [ -86.189812, 33.547238 ], [ -86.221017, 33.587919 ], [ -86.16948, 33.619236 ], [ -86.172437, 33.659831 ], [ -86.145562, 33.679098 ], [ -86.137396, 33.715351 ], [ -86.043993, 33.763595 ], [ -86.064364, 33.797775 ], [ -86.065272, 33.842198 ], [ -86.119099, 33.900145 ], [ -86.166708, 33.9282 ], [ -86.168141, 33.965181 ], [ -86.215525, 33.987421 ], [ -86.246658, 33.971544 ], [ -86.290127, 33.983719 ], [ -86.325622, 33.940147 ], [ -86.339338, 33.894843 ], [ -86.405981, 33.835896 ], [ -86.521771, 33.801901 ], [ -86.577528, 33.801977 ], [ -86.577799, 33.765316 ], [ -86.542758, 33.765154 ], [ -86.525073, 33.721236 ], [ -86.529778, 33.648806 ], [ -86.531732, 33.648848 ], [ -86.533638, 33.638857 ], [ -86.533633, 33.637194 ], [ -86.551345, 33.61997 ], [ -86.551986, 33.560889 ], [ -86.516783, 33.54602 ], [ -86.481549, 33.546073 ], [ -86.481939, 33.502544 ], [ -86.378222, 33.502411 ], [ -86.378665, 33.390983 ] ] ] } },
{ "type": "Feature", "properties": { "geo_id": "01023", "geo_name": "Choctaw", "geo_level": "county", "year": 2021 }, "geometry": { "type": "Polygon", "coordinates": [ [ [ -88.088288, 31.699303 ], [ -88.104918, 31.760798 ], [ -88.142624, 31.752491 ], [ -88.180384, 31.814546 ], [ -88.141987, 31.86436 ], [ -88.129434, 31.904936 ], [ -88.088645, 31.910775 ], [ -88.07349, 31.990182 ], [ -88.117433, 32.01682 ], [ -88.114087, 32.058056 ], [ -88.070615, 32.0617 ], [ -88.035812, 32.14501 ], [ -88.007077, 32.185313 ], [ -88.019145, 32.28524 ], [ -87.930661, 32.310574 ], [ -88.209112, 32.307574 ], [ -88.421453, 32.30868 ], [ -88.431379, 32.227666 ], [ -88.473227, 31.893856 ], [ -88.46443, 31.697952 ], [ -88.088288, 31.699303 ] ] ] } },
{ "type": "Feature", "properties": { "geo_id": "01043", "geo_name": "Cullman", "geo_level": "county", "year": 2021 }, "geometry": { "type": "Polygon", "coordinates": [ [ [ -86.963358, 33.858221 ], [ -86.932324, 33.867292 ], [ -86.924387, 33.909222 ], [ -86.886022, 33.917432 ], [ -86.821564, 33.957133 ], [ -86.763999, 33.974187 ], [ -86.761007, 33.995681 ], [ -86.709746, 34.029047 ], [ -86.687697, 34.080735 ], [ -86.624127, 34.122211 ], [ -86.599785, 34.12172 ], [ -86.55697, 34.17885 ], [ -86.519603, 34.251766 ], [ -86.45302, 34.259317 ], [ -86.477525, 34.302758 ], [ -86.581936, 34.304694 ], [ -87.110111, 34.313799 ], [ -87.109911, 34.299299 ], [ -87.111992, 33.992385 ], [ -87.151036, 33.993225 ], [ -87.085584, 33.919164 ], [ -87.091836, 33.890093 ], [ -87.007077, 33.888927 ], [ -86.963358, 33.858221 ] ] ] } },
{ "type": "Feature", "properties": { "geo_id": "01117", "geo_name": "Shelby", "geo_level": "county", "year": 2021 }, "geometry": { "type": "Polygon", "coordinates": [ [ [ -86.378665, 33.390983 ], [ -86.378222, 33.502411 ], [ -86.481939, 33.502544 ], [ -86.481549, 33.546073 ], [ -86.516783, 33.54602 ], [ -86.560624, 33.517512 ], [ -86.604626, 33.467051 ], [ -86.674418, 33.466521 ], [ -86.717877, 33.416192 ], [ -86.748131, 33.417085 ], [ -86.748884, 33.417111 ], [ -86.748922, 33.417112 ], [ -86.749206, 33.417122 ], [ -86.752348, 33.41542 ], [ -86.75235, 33.414834 ], [ -86.778644, 33.366878 ], [ -86.830401, 33.360768 ], [ -86.830688, 33.332015 ], [ -86.882566, 33.325648 ], [ -86.969575, 33.267474 ], [ -87.026846, 33.246459 ], [ -87.025596, 33.165795 ], [ -86.969563, 33.158135 ], [ -86.969291, 33.098397 ], [ -86.933972, 33.064059 ], [ -86.881182, 33.049901 ], [ -86.881638, 33.071861 ], [ -86.610003, 33.070003 ], [ -86.552759, 33.018664 ], [ -86.517344, 33.020566 ], [ -86.512106, 33.085876 ], [ -86.491029, 33.102944 ], [ -86.459926, 33.125117 ], [ -86.503127, 33.179144 ], [ -86.460978, 33.20293 ], [ -86.458026, 33.241434 ], [ -86.35734, 33.296917 ], [ -86.378665, 33.390983 ] ] ] } },
{ "type": "Feature", "properties": { "geo_id": "01047", "geo_name": "Dallas", "geo_level": "county", "year": 2021 }, "geometry": { "type": "Polygon", "coordinates": [ [ [ -86.906956, 32.04797 ], [ -86.908302, 32.225028 ], [ -86.839758, 32.24121 ], [ -86.864563, 32.274704 ], [ -86.82606, 32.305957 ], [ -86.814912, 32.340803 ], [ -86.849898, 32.438325 ], [ -86.906742, 32.536977 ], [ -86.898304, 32.567687 ], [ -86.917595, 32.664169 ], [ -87.01766, 32.663269 ], [ -87.017762, 32.729532 ], [ -87.047873, 32.620776 ], [ -87.041158, 32.597892 ], [ -87.081298, 32.570475 ], [ -87.112362, 32.48865 ], [ -87.423153, 32.482965 ], [ -87.421744, 32.308101 ], [ -87.47308, 32.307614 ], [ -87.472206, 32.264919 ], [ -87.444429, 32.268889 ], [ -87.39428, 32.237329 ], [ -87.362213, 32.196081 ], [ -87.325644, 32.196272 ], [ -87.234028, 32.101694 ], [ -87.203828, 32.090984 ], [ -87.17786, 32.047514 ], [ -86.906956, 32.04797 ] ] ] } },
{ "type": "Feature", "properties": { "geo_id": "01107", "geo_name": "Pickens", "geo_level": "county", "year": 2021 }, "geometry": { "type": "Polygon", "coordinates": [ [ [ -87.837521, 33.153637 ], [ -87.840683, 33.524839 ], [ -87.946519, 33.524065 ], [ -88.274619, 33.534008 ], [ -88.304434, 33.28832 ], [ -88.340432, 32.991199 ], [ -88.171852, 32.99586 ], [ -88.135579, 33.03656 ], [ -88.086075, 33.036247 ], [ -87.968838, 33.077641 ], [ -87.927146, 33.121104 ], [ -87.837521, 33.153637 ] ] ] } },
{ "type": "Feature", "properties": { "geo_id": "01077", "geo_name": "Lauderdale", "geo_level": "county", "year": 2021 }, "geometry": { "type": "Polygon", "coordinates": [ [ [ -87.210759, 34.999024 ], [ -87.662256, 35.003537 ], [ -88.202959, 35.008028 ], [ -88.200064, 34.995634 ], [ -88.152413, 34.919741 ], [ -88.097888, 34.892202 ], [ -88.050792, 34.90618 ], [ -87.973222, 34.88255 ], [ -87.937212, 34.847365 ], [ -87.92029, 34.804468 ], [ -87.835833, 34.741239 ], [ -87.7603, 34.735578 ], [ -87.707572, 34.772919 ], [ -87.613694, 34.79903 ], [ -87.580637, 34.821802 ], [ -87.524363, 34.832384 ], [ -87.42651, 34.800022 ], [ -87.344224, 34.796493 ], [ -87.297905, 34.750812 ], [ -87.260676, 34.758626 ], [ -87.278302, 34.773563 ], [ -87.214914, 34.816011 ], [ -87.210759, 34.999024 ] ] ] } },
{ "type": "Feature", "properties": { "geo_id": "01029", "geo_name": "Cleburne", "geo_level": "county", "year": 2021 }, "geometry": { "type": "Polygon", "coordinates": [ [ [ -85.643482, 33.495885 ], [ -85.331061, 33.491014 ], [ -85.304439, 33.482884 ], [ -85.398837, 33.964129 ], [ -85.495289, 33.95691 ], [ -85.530094, 33.941423 ], [ -85.532482, 33.889152 ], [ -85.601858, 33.88975 ], [ -85.637014, 33.875944 ], [ -85.637126, 33.846497 ], [ -85.585201, 33.84592 ], [ -85.585985, 33.802095 ], [ -85.638049, 33.773339 ], [ -85.638579, 33.648413 ], [ -85.65581, 33.627166 ], [ -85.7423, 33.600006 ], [ -85.744118, 33.556075 ], [ -85.796054, 33.55622 ], [ -85.85189, 33.498742 ], [ -85.870053, 33.476757 ], [ -85.782735, 33.469349 ], [ -85.765427, 33.498593 ], [ -85.643482, 33.495885 ] ] ] } },
{ "type": "Feature", "properties": { "geo_id": "01005", "geo_name": "Barbour", "geo_level": "county", "year": 2021 }, "geometry": { "type": "Polygon", "coordinates": [ [ [ -85.416437, 31.619466 ], [ -85.416038, 31.706664 ], [ -85.216076, 31.702409 ], [ -85.206034, 31.741813 ], [ -85.151236, 31.774364 ], [ -85.127329, 31.762563 ], [ -85.140731, 31.857461 ], [ -85.08213, 31.944658 ], [ -85.055075, 32.010714 ], [ -85.056029, 32.063055 ], [ -85.185067, 32.061708 ], [ -85.245495, 32.119143 ], [ -85.257747, 32.148251 ], [ -85.410241, 32.146651 ], [ -85.427442, 32.13935 ], [ -85.428476, 32.014951 ], [ -85.512643, 32.014055 ], [ -85.587344, 31.997355 ], [ -85.648767, 31.911615 ], [ -85.657668, 31.880275 ], [ -85.677672, 31.852244 ], [ -85.662692, 31.783319 ], [ -85.700723, 31.742387 ], [ -85.716961, 31.655071 ], [ -85.748251, 31.618048 ], [ -85.416437, 31.619466 ] ] ] } },
{ "type": "Feature", "properties": { "geo_id": "01061", "geo_name": "Geneva", "geo_level": "county", "year": 2021 }, "geometry": { "type": "Polygon", "coordinates": [ [ [ -86.187246, 30.994021 ], [ -85.874931, 30.993618 ], [ -85.488298, 30.997064 ], [ -85.48576, 31.199886 ], [ -85.710333, 31.195173 ], [ -85.791402, 31.196349 ], [ -86.193476, 31.192213 ], [ -86.187246, 30.994021 ] ] ] } },
{ "type": "Feature", "properties": { "geo_id": "01045", "geo_name": "Dale", "geo_level": "county", "year": 2021 }, "geometry": { "type": "Polygon", "coordinates": [ [ [ -85.710333, 31.195173 ], [ -85.665775, 31.267591 ], [ -85.602956, 31.272378 ], [ -85.485854, 31.246096 ], [ -85.485442, 31.287095 ], [ -85.417065, 31.286188 ], [ -85.417434, 31.314973 ], [ -85.416437, 31.619466 ], [ -85.748251, 31.618048 ], [ -85.789142, 31.617964 ], [ -85.791402, 31.196349 ], [ -85.710333, 31.195173 ] ] ] } },
{ "type": "Feature", "properties": { "geo_id": "01123", "geo_name": "Tallapoosa", "geo_level": "county", "year": 2021 }, "geometry": { "type": "Polygon", "coordinates": [ [ [ -85.695854, 32.595933 ], [ -85.696755, 32.697429 ], [ -85.679854, 32.71253 ], [ -85.610253, 32.713929 ], [ -85.593151, 32.72853 ], [ -85.593177, 33.10734 ], [ -85.653654, 33.106634 ], [ -85.974715, 33.105286 ], [ -86.00917, 33.09026 ], [ -86.007187, 32.754984 ], [ -85.87986, 32.754528 ], [ -85.911714, 32.67784 ], [ -85.887747, 32.64761 ], [ -85.894559, 32.603132 ], [ -85.886148, 32.493053 ], [ -85.797156, 32.494236 ], [ -85.798585, 32.581089 ], [ -85.712654, 32.581834 ], [ -85.695854, 32.595933 ] ] ] } },
{ "type": "Feature", "properties": { "geo_id": "01025", "geo_name": "Clarke", "geo_level": "county", "year": 2021 }, "geometry": { "type": "Polygon", "coordinates": [ [ [ -87.765152, 31.297346 ], [ -87.781681, 31.33333 ], [ -87.722758, 31.343621 ], [ -87.706045, 31.400957 ], [ -87.665572, 31.423166 ], [ -87.603137, 31.409556 ], [ -87.574727, 31.433827 ], [ -87.565708, 31.481683 ], [ -87.619844, 31.519049 ], [ -87.565413, 31.553573 ], [ -87.566841, 31.697115 ], [ -87.516131, 31.697824 ], [ -87.518363, 31.814386 ], [ -87.50093, 31.829251 ], [ -87.620112, 31.827123 ], [ -87.620951, 31.870395 ], [ -87.666836, 31.875747 ], [ -87.667769, 31.991355 ], [ -88.07349, 31.990182 ], [ -88.088645, 31.910775 ], [ -88.129434, 31.904936 ], [ -88.141987, 31.86436 ], [ -88.180384, 31.814546 ], [ -88.142624, 31.752491 ], [ -88.104918, 31.760798 ], [ -88.088288, 31.699303 ], [ -88.072234, 31.5945 ], [ -88.031277, 31.560494 ], [ -87.942514, 31.526719 ], [ -87.907399, 31.494438 ], [ -87.921979, 31.436537 ], [ -87.888857, 31.364023 ], [ -87.924525, 31.312907 ], [ -87.950795, 31.299463 ], [ -87.963378, 31.250171 ], [ -87.931333, 31.224554 ], [ -87.946588, 31.19293 ], [ -87.873887, 31.201496 ], [ -87.828313, 31.275304 ], [ -87.785523, 31.27579 ], [ -87.765152, 31.297346 ] ] ] } },
{ "type": "Feature", "properties": { "geo_id": "01069", "geo_name": "Houston", "geo_level": "county", "year": 2021 }, "geometry": { "type": "Polygon", "coordinates": [ [ [ -85.488298, 30.997064 ], [ -85.243632, 31.000884 ], [ -85.002499, 31.000685 ], [ -85.011391, 31.053547 ], [ -85.037062, 31.109753 ], [ -85.099647, 31.164942 ], [ -85.096843, 31.225239 ], [ -85.113261, 31.264343 ], [ -85.087651, 31.308677 ], [ -85.179131, 31.307675 ], [ -85.417434, 31.314973 ], [ -85.417065, 31.286188 ], [ -85.485442, 31.287095 ], [ -85.485854, 31.246096 ], [ -85.602956, 31.272378 ], [ -85.665775, 31.267591 ], [ -85.710333, 31.195173 ], [ -85.48576, 31.199886 ], [ -85.488298, 30.997064 ] ] ] } },
{ "type": "Feature", "properties": { "geo_id": "01129", "geo_name": "Washington", "geo_level": "county", "year": 2021 }, "geometry": { "type": "Polygon", "coordinates": [ [ [ -88.432007, 31.114298 ], [ -88.329927, 31.114357 ], [ -88.329782, 31.143821 ], [ -88.022649, 31.144267 ], [ -87.972869, 31.162694 ], [ -87.946588, 31.19293 ], [ -87.931333, 31.224554 ], [ -87.963378, 31.250171 ], [ -87.950795, 31.299463 ], [ -87.924525, 31.312907 ], [ -87.888857, 31.364023 ], [ -87.921979, 31.436537 ], [ -87.907399, 31.494438 ], [ -87.942514, 31.526719 ], [ -88.031277, 31.560494 ], [ -88.072234, 31.5945 ], [ -88.088288, 31.699303 ], [ -88.46443, 31.697952 ], [ -88.449438, 31.435837 ], [ -88.432007, 31.114298 ] ] ] } },
{ "type": "Feature", "properties": { "geo_id": "01089", "geo_name": "Madison", "geo_level": "county", "year": 2021 }, "geometry": { "type": "Polygon", "coordinates": [ [ [ -86.326853, 34.599403 ], [ -86.359034, 34.63261 ], [ -86.358121, 34.735034 ], [ -86.339709, 34.7532 ], [ -86.351123, 34.873265 ], [ -86.293259, 34.945045 ], [ -86.311274, 34.991098 ], [ -86.783628, 34.991948 ], [ -86.790056, 34.55079 ], [ -86.753138, 34.555672 ], [ -86.689353, 34.586425 ], [ -86.646393, 34.548921 ], [ -86.614169, 34.577227 ], [ -86.577047, 34.580603 ], [ -86.550166, 34.545963 ], [ -86.533445, 34.502795 ], [ -86.499988, 34.482292 ], [ -86.425482, 34.479277 ], [ -86.412446, 34.494155 ], [ -86.311187, 34.539277 ], [ -86.326853, 34.599403 ] ] ] } },
{ "type": "Feature", "properties": { "geo_id": "01041", "geo_name": "Crenshaw", "geo_level": "county", "year": 2021 }, "geometry": { "type": "Polygon", "coordinates": [ [ [ -86.145895, 31.617741 ], [ -86.148339, 31.790951 ], [ -86.199378, 31.79045 ], [ -86.182949, 31.83239 ], [ -86.174969, 31.930597 ], [ -86.191379, 31.966453 ], [ -86.302217, 31.965065 ], [ -86.303616, 32.051664 ], [ -86.406276, 32.050731 ], [ -86.405005, 31.963775 ], [ -86.448198, 31.964629 ], [ -86.445978, 31.70112 ], [ -86.448635, 31.655617 ], [ -86.499533, 31.655247 ], [ -86.499213, 31.525331 ], [ -86.39994, 31.527128 ], [ -86.398536, 31.451325 ], [ -86.280155, 31.52851 ], [ -86.277031, 31.455602 ], [ -86.261876, 31.441168 ], [ -86.193951, 31.440072 ], [ -86.194784, 31.529949 ], [ -86.14395, 31.537675 ], [ -86.145895, 31.617741 ] ] ] } },
{ "type": "Feature", "properties": { "geo_id": "01015", "geo_name": "Calhoun", "geo_level": "county", "year": 2021 }, "geometry": { "type": "Polygon", "coordinates": [ [ [ -85.796054, 33.55622 ], [ -85.744118, 33.556075 ], [ -85.7423, 33.600006 ], [ -85.65581, 33.627166 ], [ -85.638579, 33.648413 ], [ -85.638049, 33.773339 ], [ -85.585985, 33.802095 ], [ -85.585201, 33.84592 ], [ -85.637126, 33.846497 ], [ -85.637014, 33.875944 ], [ -85.601858, 33.88975 ], [ -85.532482, 33.889152 ], [ -85.530094, 33.941423 ], [ -85.529432, 33.95598 ], [ -85.738975, 33.96846 ], [ -85.740968, 33.935301 ], [ -85.881768, 33.950299 ], [ -85.899568, 33.906399 ], [ -85.96917, 33.914598 ], [ -85.995169, 33.864897 ], [ -86.065272, 33.842198 ], [ -86.064364, 33.797775 ], [ -86.043993, 33.763595 ], [ -86.137396, 33.715351 ], [ -86.145562, 33.679098 ], [ -86.050669, 33.67459 ], [ -86.026401, 33.647197 ], [ -86.021707, 33.601172 ], [ -85.994935, 33.586475 ], [ -85.794559, 33.585565 ], [ -85.796054, 33.55622 ] ] ] } },
{ "type": "Feature", "properties": { "geo_id": "01079", "geo_name": "Lawrence", "geo_level": "county", "year": 2021 }, "geometry": { "type": "Polygon", "coordinates": [ [ [ -87.105073, 34.686037 ], [ -87.138858, 34.724101 ], [ -87.229721, 34.764031 ], [ -87.260676, 34.758626 ], [ -87.297905, 34.750812 ], [ -87.344224, 34.796493 ], [ -87.42651, 34.800022 ], [ -87.43306, 34.717485 ], [ -87.529667, 34.567081 ], [ -87.529722, 34.304598 ], [ -87.302487, 34.299401 ], [ -87.109911, 34.299299 ], [ -87.110111, 34.313799 ], [ -87.105073, 34.686037 ] ] ] } },
{ "type": "Feature", "properties": { "geo_id": "01103", "geo_name": "Morgan", "geo_level": "county", "year": 2021 }, "geometry": { "type": "Polygon", "coordinates": [ [ [ -86.550166, 34.545963 ], [ -86.577047, 34.580603 ], [ -86.614169, 34.577227 ], [ -86.646393, 34.548921 ], [ -86.689353, 34.586425 ], [ -86.753138, 34.555672 ], [ -86.790056, 34.55079 ], [ -86.907205, 34.579792 ], [ -87.105073, 34.686037 ], [ -87.110111, 34.313799 ], [ -86.581936, 34.304694 ], [ -86.58132, 34.371094 ], [ -86.550166, 34.545963 ] ] ] } },
{ "type": "Feature", "properties": { "geo_id": "01075", "geo_name": "Lamar", "geo_level": "county", "year": 2021 }, "geometry": { "type": "Polygon", "coordinates": [ [ [ -87.946519, 33.524065 ], [ -87.951785, 33.91993 ], [ -87.951929, 34.022202 ], [ -87.98693, 34.052102 ], [ -88.207229, 34.058333 ], [ -88.248916, 33.744977 ], [ -88.274619, 33.534008 ], [ -87.946519, 33.524065 ] ] ] } },
{ "type": "Feature", "properties": { "geo_id": "01113", "geo_name": "Russell", "geo_level": "county", "year": 2021 }, "geometry": { "type": "Polygon", "coordinates": [ [ [ -85.06032, 32.494903 ], [ -85.059294, 32.472909 ], [ -85.333843, 32.468639 ], [ -85.330143, 32.410842 ], [ -85.434045, 32.40984 ], [ -85.433543, 32.234648 ], [ -85.427441, 32.146551 ], [ -85.410241, 32.146651 ], [ -85.257747, 32.148251 ], [ -85.245495, 32.119143 ], [ -85.185067, 32.061708 ], [ -85.056029, 32.063055 ], [ -85.045063, 32.088063 ], [ -85.06206, 32.132486 ], [ -85.009224, 32.181646 ], [ -84.930727, 32.21895 ], [ -84.901191, 32.258374 ], [ -84.9338, 32.29826 ], [ -85.002791, 32.322428 ], [ -84.983866, 32.362386 ], [ -84.971831, 32.442843 ], [ -84.99353, 32.450743 ], [ -85.00102, 32.510157 ], [ -85.060508, 32.498722 ], [ -85.06032, 32.494903 ] ] ] } },
{ "type": "Feature", "properties": { "geo_id": "01059", "geo_name": "Franklin", "geo_level": "county", "year": 2021 }, "geometry": { "type": "Polygon", "coordinates": [ [ [ -87.529667, 34.567081 ], [ -87.952122, 34.575114 ], [ -88.139988, 34.581703 ], [ -88.156292, 34.463214 ], [ -88.173632, 34.321054 ], [ -87.939933, 34.313196 ], [ -87.634725, 34.306997 ], [ -87.529722, 34.304598 ], [ -87.529667, 34.567081 ] ] ] } },
{ "type": "Feature", "properties": { "geo_id": "01035", "geo_name": "Conecuh", "geo_level": "county", "year": 2021 }, "geometry": { "type": "Polygon", "coordinates": [ [ [ -86.700282, 31.192217 ], [ -86.699435, 31.348084 ], [ -86.667245, 31.369404 ], [ -86.67485, 31.436557 ], [ -86.70122, 31.436641 ], [ -86.701554, 31.523946 ], [ -86.839386, 31.525204 ], [ -86.866302, 31.546981 ], [ -86.906769, 31.632671 ], [ -86.905899, 31.753035 ], [ -86.98932, 31.718562 ], [ -87.052284, 31.716761 ], [ -87.055967, 31.677381 ], [ -87.135051, 31.642417 ], [ -87.166581, 31.519561 ], [ -87.208551, 31.457285 ], [ -87.227797, 31.454363 ], [ -87.296721, 31.401278 ], [ -87.359763, 31.317747 ], [ -87.427455, 31.260386 ], [ -86.763961, 31.261293 ], [ -86.768632, 31.19733 ], [ -86.700282, 31.192217 ] ] ] } },
{ "type": "Feature", "properties": { "geo_id": "01051", "geo_name": "Elmore", "geo_level": "county", "year": 2021 }, "geometry": { "type": "Polygon", "coordinates": [ [ [ -85.886148, 32.493053 ], [ -85.894559, 32.603132 ], [ -85.887747, 32.64761 ], [ -85.911714, 32.67784 ], [ -85.87986, 32.754528 ], [ -86.007187, 32.754984 ], [ -86.374974, 32.75358 ], [ -86.413335, 32.750591 ], [ -86.413116, 32.707386 ], [ -86.411172, 32.409937 ], [ -86.34447, 32.432636 ], [ -86.307984, 32.467008 ], [ -86.237068, 32.49498 ], [ -86.198075, 32.45138 ], [ -86.116329, 32.417026 ], [ -86.046402, 32.406146 ], [ -86.023012, 32.419978 ], [ -85.974344, 32.446275 ], [ -85.89442, 32.447578 ], [ -85.886148, 32.493053 ] ] ] } },
{ "type": "Feature", "properties": { "geo_id": "01073", "geo_name": "Jefferson", "geo_level": "county", "year": 2021 }, "geometry": { "type": "Polygon", "coordinates": [ [ [ -86.748131, 33.417085 ], [ -86.717877, 33.416192 ], [ -86.674418, 33.466521 ], [ -86.604626, 33.467051 ], [ -86.560624, 33.517512 ], [ -86.516783, 33.54602 ], [ -86.551986, 33.560889 ], [ -86.551345, 33.61997 ], [ -86.533633, 33.637194 ], [ -86.533638, 33.638857 ], [ -86.531732, 33.648848 ], [ -86.529778, 33.648806 ], [ -86.525073, 33.721236 ], [ -86.542758, 33.765154 ], [ -86.577799, 33.765316 ], [ -86.64529, 33.773012 ], [ -86.759144, 33.840617 ], [ -86.883947, 33.843237 ], [ -86.953664, 33.815297 ], [ -86.970928, 33.786462 ], [ -87.023286, 33.772727 ], [ -87.039793, 33.685356 ], [ -87.092733, 33.62785 ], [ -87.17943, 33.613794 ], [ -87.204577, 33.578835 ], [ -87.210029, 33.538732 ], [ -87.266923, 33.512929 ], [ -87.285024, 33.485785 ], [ -87.330816, 33.491501 ], [ -87.335577, 33.456251 ], [ -87.284363, 33.440578 ], [ -87.197584, 33.358134 ], [ -87.179638, 33.321112 ], [ -87.126756, 33.290844 ], [ -87.065754, 33.275937 ], [ -87.065738, 33.246907 ], [ -87.026846, 33.246459 ], [ -86.969575, 33.267474 ], [ -86.882566, 33.325648 ], [ -86.830688, 33.332015 ], [ -86.830401, 33.360768 ], [ -86.778644, 33.366878 ], [ -86.75235, 33.414834 ], [ -86.752348, 33.41542 ], [ -86.749206, 33.417122 ], [ -86.748922, 33.417112 ], [ -86.748884, 33.417111 ], [ -86.748131, 33.417085 ] ] ] } },
{ "type": "Feature", "properties": { "geo_id": "01127", "geo_name": "Walker", "geo_level": "county", "year": 2021 }, "geometry": { "type": "Polygon", "coordinates": [ [ [ -87.266923, 33.512929 ], [ -87.210029, 33.538732 ], [ -87.204577, 33.578835 ], [ -87.17943, 33.613794 ], [ -87.092733, 33.62785 ], [ -87.039793, 33.685356 ], [ -87.023286, 33.772727 ], [ -86.970928, 33.786462 ], [ -86.953664, 33.815297 ], [ -86.963358, 33.858221 ], [ -87.007077, 33.888927 ], [ -87.091836, 33.890093 ], [ -87.085584, 33.919164 ], [ -87.151036, 33.993225 ], [ -87.500021, 33.996627 ], [ -87.636118, 34.002203 ], [ -87.635932, 33.915251 ], [ -87.63604, 33.871999 ], [ -87.531602, 33.867618 ], [ -87.528338, 33.692049 ], [ -87.423843, 33.689112 ], [ -87.423701, 33.602096 ], [ -87.318532, 33.587393 ], [ -87.318237, 33.514166 ], [ -87.266923, 33.512929 ] ] ] } },
{ "type": "Feature", "properties": { "geo_id": "01111", "geo_name": "Randolph", "geo_level": "county", "year": 2021 }, "geometry": { "type": "Polygon", "coordinates": [ [ [ -85.593177, 33.10734 ], [ -85.232378, 33.108077 ], [ -85.304439, 33.482884 ], [ -85.331061, 33.491014 ], [ -85.643482, 33.495885 ], [ -85.65308, 33.212117 ], [ -85.653654, 33.106634 ], [ -85.593177, 33.10734 ] ] ] } },
{ "type": "Feature", "properties": { "geo_id": "01101", "geo_name": "Montgomery", "geo_level": "county", "year": 2021 }, "geometry": { "type": "Polygon", "coordinates": [ [ [ -86.191379, 31.966453 ], [ -85.995563, 31.967554 ], [ -85.996853, 32.051049 ], [ -85.999157, 32.250543 ], [ -85.986557, 32.272342 ], [ -85.919293, 32.274382 ], [ -85.989088, 32.33482 ], [ -86.023012, 32.419978 ], [ -86.046402, 32.406146 ], [ -86.116329, 32.417026 ], [ -86.198075, 32.45138 ], [ -86.237068, 32.49498 ], [ -86.307984, 32.467008 ], [ -86.34447, 32.432636 ], [ -86.411172, 32.409937 ], [ -86.444721, 32.399841 ], [ -86.496774, 32.344437 ], [ -86.473415, 32.324126 ], [ -86.48965, 32.293353 ], [ -86.408771, 32.244309 ], [ -86.406276, 32.050731 ], [ -86.303616, 32.051664 ], [ -86.302217, 31.965065 ], [ -86.191379, 31.966453 ] ] ] } },
{ "type": "Feature", "properties": { "geo_id": "01007", "geo_name": "Bibb", "geo_level": "county", "year": 2021 }, "geometry": { "type": "Polygon", "coordinates": [ [ [ -87.019157, 32.837034 ], [ -86.876118, 32.836264 ], [ -86.881182, 33.049901 ], [ -86.933972, 33.064059 ], [ -86.969291, 33.098397 ], [ -86.969563, 33.158135 ], [ -87.025596, 33.165795 ], [ -87.026846, 33.246459 ], [ -87.065738, 33.246907 ], [ -87.104101, 33.221457 ], [ -87.152071, 33.232484 ], [ -87.199153, 33.196554 ], [ -87.199317, 33.130657 ], [ -87.281945, 33.13306 ], [ -87.311577, 33.093933 ], [ -87.318539, 33.006179 ], [ -87.421936, 33.003379 ], [ -87.4212, 32.874508 ], [ -87.319473, 32.875124 ], [ -87.319184, 32.831522 ], [ -87.019157, 32.837034 ] ] ] } },
{ "type": "Feature", "properties": { "geo_id": "01055", "geo_name": "Etowah", "geo_level": "county", "year": 2021 }, "geometry": { "type": "Polygon", "coordinates": [ [ [ -86.065272, 33.842198 ], [ -85.995169, 33.864897 ], [ -85.96917, 33.914598 ], [ -85.899568, 33.906399 ], [ -85.881768, 33.950299 ], [ -85.740968, 33.935301 ], [ -85.738975, 33.96846 ], [ -85.737137, 33.989203 ], [ -85.811967, 34.125096 ], [ -85.841468, 34.111096 ], [ -85.843617, 34.200006 ], [ -86.106086, 34.200756 ], [ -86.206107, 34.17265 ], [ -86.303516, 34.099073 ], [ -86.332388, 34.04648 ], [ -86.325622, 33.940147 ], [ -86.290127, 33.983719 ], [ -86.246658, 33.971544 ], [ -86.215525, 33.987421 ], [ -86.168141, 33.965181 ], [ -86.166708, 33.9282 ], [ -86.119099, 33.900145 ], [ -86.065272, 33.842198 ] ] ] } },
{ "type": "Feature", "properties": { "geo_id": "01021", "geo_name": "Chilton", "geo_level": "county", "year": 2021 }, "geometry": { "type": "Polygon", "coordinates": [ [ [ -86.917595, 32.664169 ], [ -86.71339, 32.661732 ], [ -86.714219, 32.705694 ], [ -86.413116, 32.707386 ], [ -86.413335, 32.750591 ], [ -86.374974, 32.75358 ], [ -86.457015, 32.813899 ], [ -86.447628, 32.851129 ], [ -86.478711, 32.872659 ], [ -86.515959, 32.929361 ], [ -86.517344, 33.020566 ], [ -86.552759, 33.018664 ], [ -86.610003, 33.070003 ], [ -86.881638, 33.071861 ], [ -86.881182, 33.049901 ], [ -86.876118, 32.836264 ], [ -87.019157, 32.837034 ], [ -87.017762, 32.729532 ], [ -87.01766, 32.663269 ], [ -86.917595, 32.664169 ] ] ] } },
{ "type": "Feature", "properties": { "geo_id": "01031", "geo_name": "Coffee", "geo_level": "county", "year": 2021 }, "geometry": { "type": "Polygon", "coordinates": [ [ [ -86.193476, 31.192213 ], [ -85.791402, 31.196349 ], [ -85.789142, 31.617964 ], [ -86.145895, 31.617741 ], [ -86.14395, 31.537675 ], [ -86.194784, 31.529949 ], [ -86.193951, 31.440072 ], [ -86.193476, 31.192213 ] ] ] } },
{ "type": "Feature", "properties": { "geo_id": "01039", "geo_name": "Covington", "geo_level": "county", "year": 2021 }, "geometry": { "type": "Polygon", "coordinates": [ [ [ -86.187246, 30.994021 ], [ -86.193476, 31.192213 ], [ -86.193951, 31.440072 ], [ -86.261876, 31.441168 ], [ -86.277031, 31.455602 ], [ -86.280155, 31.52851 ], [ -86.398536, 31.451325 ], [ -86.39994, 31.527128 ], [ -86.499213, 31.525331 ], [ -86.701554, 31.523946 ], [ -86.70122, 31.436641 ], [ -86.67485, 31.436557 ], [ -86.667245, 31.369404 ], [ -86.699435, 31.348084 ], [ -86.700282, 31.192217 ], [ -86.70022, 31.000418 ], [ -86.688317, 30.994507 ], [ -86.187246, 30.994021 ] ] ] } },
{ "type": "Feature", "properties": { "geo_id": "01067", "geo_name": "Henry", "geo_level": "county", "year": 2021 }, "geometry": { "type": "Polygon", "coordinates": [ [ [ -85.127329, 31.762563 ], [ -85.151236, 31.774364 ], [ -85.206034, 31.741813 ], [ -85.216076, 31.702409 ], [ -85.416038, 31.706664 ], [ -85.416437, 31.619466 ], [ -85.417434, 31.314973 ], [ -85.179131, 31.307675 ], [ -85.087651, 31.308677 ], [ -85.092167, 31.364576 ], [ -85.065639, 31.439521 ], [ -85.071621, 31.468384 ], [ -85.041428, 31.539293 ], [ -85.05796, 31.57084 ], [ -85.057473, 31.618624 ], [ -85.12593, 31.696265 ], [ -85.127329, 31.762563 ] ] ] } },
{ "type": "Feature", "properties": { "geo_id": "28061", "geo_name": "Jasper", "geo_level": "county", "year": 2021 }, "geometry": { "type": "Polygon", "coordinates": [ [ [ -89.31656, 31.80209 ], [ -88.943355, 31.824565 ], [ -88.910459, 31.826649 ], [ -88.913847, 32.224186 ], [ -89.322692, 32.223472 ], [ -89.320748, 31.874338 ], [ -89.31656, 31.80209 ] ] ] } },
{ "type": "Feature", "properties": { "geo_id": "28017", "geo_name": "Chickasaw", "geo_level": "county", "year": 2021 }, "geometry": { "type": "Polygon", "coordinates": [ [ [ -89.034498, 33.73943 ], [ -89.034775, 33.754156 ], [ -88.931604, 33.754312 ], [ -88.931176, 33.812374 ], [ -88.719979, 33.81133 ], [ -88.718964, 34.074521 ], [ -88.824523, 34.074948 ], [ -89.139158, 34.074116 ], [ -89.137876, 33.812144 ], [ -89.19004, 33.81171 ], [ -89.191781, 33.738602 ], [ -89.034498, 33.73943 ] ] ] } },
{ "type": "Feature", "properties": { "geo_id": "28145", "geo_name": "Union", "geo_level": "county", "year": 2021 }, "geometry": { "type": "Polygon", "coordinates": [ [ [ -88.824966, 34.364759 ], [ -88.789774, 34.393692 ], [ -88.789442, 34.49493 ], [ -88.736465, 34.50891 ], [ -88.73544, 34.596483 ], [ -89.088488, 34.598247 ], [ -89.245611, 34.597601 ], [ -89.245645, 34.583234 ], [ -89.246133, 34.495633 ], [ -89.246339, 34.379344 ], [ -88.928901, 34.379361 ], [ -88.928546, 34.365001 ], [ -88.824966, 34.364759 ] ] ] } },
{ "type": "Feature", "properties": { "geo_id": "28069", "geo_name": "Kemper", "geo_level": "county", "year": 2021 }, "geometry": { "type": "Polygon", "coordinates": [ [ [ -88.914516, 32.576955 ], [ -88.388797, 32.578123 ], [ -88.347887, 32.929082 ], [ -88.812782, 32.925973 ], [ -88.914413, 32.9266 ], [ -88.914516, 32.576955 ] ] ] } },
{ "type": "Feature", "properties": { "geo_id": "28151", "geo_name": "Washington", "geo_level": "county", "year": 2021 }, "geometry": { "type": "Polygon", "coordinates": [ [ [ -90.914337, 33.007697 ], [ -90.914465, 33.097417 ], [ -90.701845, 33.096294 ], [ -90.680319, 33.201971 ], [ -90.733216, 33.232975 ], [ -90.716277, 33.270032 ], [ -90.763773, 33.270359 ], [ -90.763509, 33.529389 ], [ -91.218843, 33.529382 ], [ -91.177527, 33.482986 ], [ -91.131338, 33.480927 ], [ -91.132746, 33.429622 ], [ -91.206477, 33.400143 ], [ -91.140462, 33.351352 ], [ -91.127966, 33.268471 ], [ -91.047314, 33.281932 ], [ -91.05413, 33.24599 ], [ -91.082592, 33.221826 ], [ -91.086017, 33.136281 ], [ -91.14849, 33.13026 ], [ -91.183698, 33.141744 ], [ -91.200805, 33.107765 ], [ -91.124595, 33.064184 ], [ -91.128133, 33.034451 ], [ -91.166147, 33.011329 ], [ -90.914337, 33.007697 ] ] ] } },
{ "type": "Feature", "properties": { "geo_id": "28055", "geo_name": "Issaquena", "geo_level": "county", "year": 2021 }, "geometry": { "type": "Polygon", "coordinates": [ [ [ -90.723159, 32.662128 ], [ -90.964864, 32.662798 ], [ -90.963753, 32.838133 ], [ -90.91404, 32.944198 ], [ -90.914337, 33.007697 ], [ -91.166147, 33.011329 ], [ -91.201842, 32.961212 ], [ -91.212837, 32.922103 ], [ -91.163877, 32.899476 ], [ -91.131304, 32.926918 ], [ -91.135095, 32.980108 ], [ -91.086802, 32.976266 ], [ -91.064804, 32.926464 ], [ -91.070602, 32.888658 ], [ -91.143559, 32.844738 ], [ -91.161669, 32.812465 ], [ -91.165814, 32.757841 ], [ -91.060766, 32.727494 ], [ -91.063946, 32.702925 ], [ -91.152699, 32.640757 ], [ -91.121157, 32.584806 ], [ -91.0035, 32.624845 ], [ -91.043552, 32.576271 ], [ -90.964043, 32.575605 ], [ -90.95124, 32.444389 ], [ -90.861364, 32.442115 ], [ -90.860566, 32.575173 ], [ -90.726262, 32.569893 ], [ -90.720102, 32.618858 ], [ -90.723159, 32.662128 ] ] ] } },
{ "type": "Feature", "properties": { "geo_id": "28009", "geo_name": "Benton", "geo_level": "county", "year": 2021 }, "geometry": { "type": "Polygon", "coordinates": [ [ [ -89.088488, 34.598247 ], [ -89.088065, 34.815307 ], [ -89.03534, 34.81526 ], [ -89.017551, 34.858723 ], [ -89.017127, 34.994971 ], [ -89.352679, 34.993863 ], [ -89.352705, 34.844432 ], [ -89.299227, 34.844415 ], [ -89.298334, 34.582926 ], [ -89.245645, 34.583234 ], [ -89.245611, 34.597601 ], [ -89.088488, 34.598247 ] ] ] } },
{ "type": "Feature", "properties": { "geo_id": "28087", "geo_name": "Lowndes", "geo_level": "county", "year": 2021 }, "geometry": { "type": "Polygon", "coordinates": [ [ [ -88.304434, 33.28832 ], [ -88.274619, 33.534008 ], [ -88.248916, 33.744977 ], [ -88.31791, 33.74498 ], [ -88.37033, 33.685918 ], [ -88.477364, 33.666493 ], [ -88.513917, 33.650209 ], [ -88.47468, 33.598092 ], [ -88.492504, 33.543154 ], [ -88.609389, 33.506751 ], [ -88.67125, 33.506168 ], [ -88.669076, 33.286922 ], [ -88.304434, 33.28832 ] ] ] } },
{ "type": "Feature", "properties": { "geo_id": "28073", "geo_name": "Lamar", "geo_level": "county", "year": 2021 }, "geometry": { "type": "Polygon", "coordinates": [ [ [ -89.34895, 31.01037 ], [ -89.347863, 31.3467 ], [ -89.451073, 31.346383 ], [ -89.451616, 31.434029 ], [ -89.586819, 31.433688 ], [ -89.654212, 31.433805 ], [ -89.654038, 31.002502 ], [ -89.551851, 31.001917 ], [ -89.50134, 31.016026 ], [ -89.476022, 30.982901 ], [ -89.425337, 30.982452 ], [ -89.424808, 31.010114 ], [ -89.34895, 31.01037 ] ] ] } },
{ "type": "Feature", "properties": { "geo_id": "28003", "geo_name": "Alcorn", "geo_level": "county", "year": 2021 }, "geometry": { "type": "Polygon", "coordinates": [ [ [ -88.365472, 34.755604 ], [ -88.363531, 34.995475 ], [ -88.823051, 34.995221 ], [ -88.823473, 34.858629 ], [ -88.752956, 34.858775 ], [ -88.753065, 34.75696 ], [ -88.718508, 34.756781 ], [ -88.365472, 34.755604 ] ] ] } },
{ "type": "Feature", "properties": { "geo_id": "28071", "geo_name": "Lafayette", "geo_level": "county", "year": 2021 }, "geometry": { "type": "Polygon", "coordinates": [ [ [ -89.245485, 34.161186 ], [ -89.246339, 34.379344 ], [ -89.246133, 34.495633 ], [ -89.292763, 34.515786 ], [ -89.359181, 34.524857 ], [ -89.424459, 34.519129 ], [ -89.476642, 34.554168 ], [ -89.668448, 34.554367 ], [ -89.721341, 34.554274 ], [ -89.72105, 34.192545 ], [ -89.50944, 34.19096 ], [ -89.509748, 34.162082 ], [ -89.245485, 34.161186 ] ] ] } },
{ "type": "Feature", "properties": { "geo_id": "28015", "geo_name": "Carroll", "geo_level": "county", "year": 2021 }, "geometry": { "type": "Polygon", "coordinates": [ [ [ -89.64528, 33.285515 ], [ -89.646314, 33.402544 ], [ -89.715847, 33.416766 ], [ -89.785227, 33.416275 ], [ -89.78689, 33.676727 ], [ -90.127775, 33.676956 ], [ -90.102155, 33.652419 ], [ -90.101401, 33.45894 ], [ -90.13761, 33.459114 ], [ -90.137817, 33.416455 ], [ -90.174756, 33.417003 ], [ -90.174614, 33.333378 ], [ -89.749441, 33.214478 ], [ -89.701474, 33.285515 ], [ -89.64528, 33.285515 ] ] ] } },
{ "type": "Feature", "properties": { "geo_id": "28085", "geo_name": "Lincoln", "geo_level": "county", "year": 2021 }, "geometry": { "type": "Polygon", "coordinates": [ [ [ -90.548199, 31.349574 ], [ -90.260391, 31.350274 ], [ -90.24389, 31.350274 ], [ -90.245191, 31.717524 ], [ -90.279953, 31.699865 ], [ -90.736824, 31.698491 ], [ -90.73733, 31.611124 ], [ -90.633231, 31.611409 ], [ -90.633302, 31.349306 ], [ -90.548199, 31.349574 ] ] ] } },
{ "type": "Feature", "properties": { "geo_id": "28143", "geo_name": "Tunica", "geo_level": "county", "year": 2021 }, "geometry": { "type": "Polygon", "coordinates": [ [ [ -90.198631, 34.554425 ], [ -90.243924, 34.60215 ], [ -90.216325, 34.646874 ], [ -90.231412, 34.701991 ], [ -90.200199, 34.724418 ], [ -90.202126, 34.860374 ], [ -90.304561, 34.860587 ], [ -90.338449, 34.858517 ], [ -90.389393, 34.830665 ], [ -90.438729, 34.825248 ], [ -90.42931, 34.868752 ], [ -90.48372, 34.861018 ], [ -90.455379, 34.820785 ], [ -90.476584, 34.794004 ], [ -90.448423, 34.739117 ], [ -90.474999, 34.723888 ], [ -90.524166, 34.731388 ], [ -90.533333, 34.696388 ], [ -90.474166, 34.705277 ], [ -90.468237, 34.670806 ], [ -90.517548, 34.630759 ], [ -90.591784, 34.623794 ], [ -90.540493, 34.557871 ], [ -90.567874, 34.523999 ], [ -90.399498, 34.423807 ], [ -90.301851, 34.424546 ], [ -90.304317, 34.509621 ], [ -90.198536, 34.511088 ], [ -90.198631, 34.554425 ] ] ] } },
{ "type": "Feature", "properties": { "geo_id": "28097", "geo_name": "Montgomery", "geo_level": "county", "year": 2021 }, "geometry": { "type": "Polygon", "coordinates": [ [ [ -89.64528, 33.285515 ], [ -89.453808, 33.285942 ], [ -89.45405, 33.4332 ], [ -89.41103, 33.435872 ], [ -89.381092, 33.460307 ], [ -89.506496, 33.459806 ], [ -89.506872, 33.677605 ], [ -89.78689, 33.676727 ], [ -89.785227, 33.416275 ], [ -89.715847, 33.416766 ], [ -89.646314, 33.402544 ], [ -89.64528, 33.285515 ] ] ] } },
{ "type": "Feature", "properties": { "geo_id": "28019", "geo_name": "Choctaw", "geo_level": "county", "year": 2021 }, "geometry": { "type": "Polygon", "coordinates": [ [ [ -89.317855, 33.108871 ], [ -89.213921, 33.109402 ], [ -89.213422, 33.197543 ], [ -89.1089, 33.198059 ], [ -89.108886, 33.285937 ], [ -89.088255, 33.286003 ], [ -89.088446, 33.533202 ], [ -89.222039, 33.527245 ], [ -89.319446, 33.496709 ], [ -89.339624, 33.469915 ], [ -89.381092, 33.460307 ], [ -89.41103, 33.435872 ], [ -89.45405, 33.4332 ], [ -89.453808, 33.285942 ], [ -89.316408, 33.285556 ], [ -89.317855, 33.108871 ] ] ] } },
{ "type": "Feature", "properties": { "geo_id": "28139", "geo_name": "Tippah", "geo_level": "county", "year": 2021 }, "geometry": { "type": "Polygon", "coordinates": [ [ [ -88.73544, 34.596483 ], [ -88.717794, 34.596472 ], [ -88.718508, 34.756781 ], [ -88.753065, 34.75696 ], [ -88.752956, 34.858775 ], [ -88.823473, 34.858629 ], [ -88.823051, 34.995221 ], [ -89.017127, 34.994971 ], [ -89.017551, 34.858723 ], [ -89.03534, 34.81526 ], [ -89.088065, 34.815307 ], [ -89.088488, 34.598247 ], [ -88.73544, 34.596483 ] ] ] } },
{ "type": "Feature", "properties": { "geo_id": "28109", "geo_name": "Pearl River", "geo_level": "county", "year": 2021 }, "geometry": { "type": "Polygon", "coordinates": [ [ [ -89.690035, 30.459333 ], [ -89.646961, 30.458892 ], [ -89.647072, 30.502738 ], [ -89.54451, 30.516862 ], [ -89.544232, 30.648368 ], [ -89.341446, 30.64772 ], [ -89.340806, 30.909912 ], [ -89.34895, 31.01037 ], [ -89.424808, 31.010114 ], [ -89.425337, 30.982452 ], [ -89.476022, 30.982901 ], [ -89.50134, 31.016026 ], [ -89.551851, 31.001917 ], [ -89.654038, 31.002502 ], [ -89.728119, 31.0023 ], [ -89.755948, 30.944119 ], [ -89.804632, 30.802511 ], [ -89.831537, 30.76761 ], [ -89.844172, 30.691504 ], [ -89.820068, 30.632808 ], [ -89.818771, 30.59288 ], [ -89.752807, 30.502962 ], [ -89.690035, 30.459333 ] ] ] } },
{ "type": "Feature", "properties": { "geo_id": "28111", "geo_name": "Perry", "geo_level": "county", "year": 2021 }, "geometry": { "type": "Polygon", "coordinates": [ [ [ -88.834339, 30.997983 ], [ -88.840929, 30.99841 ], [ -88.841707, 31.433703 ], [ -88.943468, 31.433458 ], [ -89.146092, 31.434052 ], [ -89.146176, 31.000447 ], [ -89.137967, 30.909877 ], [ -88.885038, 30.910788 ], [ -88.834475, 30.910323 ], [ -88.834339, 30.997983 ] ] ] } },
{ "type": "Feature", "properties": { "geo_id": "28011", "geo_name": "Bolivar", "geo_level": "county", "year": 2021 }, "geometry": { "type": "Polygon", "coordinates": [ [ [ -90.763509, 33.529389 ], [ -90.763469, 33.616164 ], [ -90.6586, 33.616272 ], [ -90.657002, 33.987586 ], [ -90.659457, 34.118867 ], [ -90.956901, 34.120091 ], [ -90.921294, 34.093514 ], [ -90.871122, 34.080249 ], [ -90.893285, 34.026584 ], [ -90.988184, 34.019211 ], [ -90.962489, 33.981302 ], [ -90.999977, 33.966386 ], [ -91.018948, 34.003225 ], [ -91.090658, 33.98873 ], [ -91.081424, 33.954931 ], [ -91.010863, 33.92731 ], [ -91.072772, 33.867294 ], [ -91.049083, 33.816026 ], [ -91.053386, 33.778283 ], [ -91.1353, 33.782001 ], [ -91.148807, 33.73136 ], [ -91.125949, 33.708948 ], [ -91.068051, 33.716198 ], [ -91.033707, 33.673844 ], [ -91.079776, 33.658036 ], [ -91.128956, 33.673631 ], [ -91.160367, 33.706602 ], [ -91.223914, 33.693739 ], [ -91.211678, 33.656791 ], [ -91.139179, 33.628472 ], [ -91.132102, 33.595908 ], [ -91.178555, 33.567305 ], [ -91.228441, 33.566938 ], [ -91.218843, 33.529382 ], [ -90.763509, 33.529389 ] ] ] } },
{ "type": "Feature", "properties": { "geo_id": "28149", "geo_name": "Warren", "geo_level": "county", "year": 2021 }, "geometry": { "type": "Polygon", "coordinates": [ [ [ -91.030207, 32.114353 ], [ -90.956787, 32.083597 ], [ -90.77482, 32.153993 ], [ -90.79005, 32.174716 ], [ -90.728622, 32.225119 ], [ -90.698842, 32.297371 ], [ -90.707605, 32.340004 ], [ -90.683571, 32.352784 ], [ -90.627978, 32.339483 ], [ -90.627363, 32.377974 ], [ -90.599985, 32.424627 ], [ -90.604067, 32.479064 ], [ -90.553821, 32.507574 ], [ -90.588019, 32.546067 ], [ -90.654589, 32.546044 ], [ -90.655527, 32.589771 ], [ -90.690249, 32.589388 ], [ -90.720102, 32.618858 ], [ -90.726262, 32.569893 ], [ -90.860566, 32.575173 ], [ -90.861364, 32.442115 ], [ -90.95124, 32.444389 ], [ -90.964043, 32.575605 ], [ -91.043552, 32.576271 ], [ -91.093742, 32.549127 ], [ -91.116708, 32.500138 ], [ -91.093508, 32.457441 ], [ -91.027406, 32.433942 ], [ -90.993863, 32.450851 ], [ -90.986672, 32.35176 ], [ -90.912363, 32.339454 ], [ -90.916157, 32.303582 ], [ -90.947834, 32.283486 ], [ -90.983381, 32.211767 ], [ -91.034302, 32.241548 ], [ -91.16488, 32.195743 ], [ -91.162822, 32.132694 ], [ -91.11099, 32.124644 ], [ -91.049707, 32.157352 ], [ -91.002906, 32.162052 ], [ -91.030207, 32.114353 ] ] ] } },
{ "type": "Feature", "properties": { "geo_id": "28101", "geo_name": "Newton", "geo_level": "county", "year": 2021 }, "geometry": { "type": "Polygon", "coordinates": [ [ [ -89.322692, 32.223472 ], [ -88.913847, 32.224186 ], [ -88.914516, 32.576955 ], [ -89.317588, 32.576458 ], [ -89.322598, 32.576433 ], [ -89.322692, 32.223472 ] ] ] } },
{ "type": "Feature", "properties": { "geo_id": "28135", "geo_name": "Tallahatchie", "geo_level": "county", "year": 2021 }, "geometry": { "type": "Polygon", "coordinates": [ [ [ -90.136787, 33.721648 ], [ -90.136491, 33.809319 ], [ -89.978367, 33.809719 ], [ -89.926294, 33.823854 ], [ -89.926099, 33.897957 ], [ -89.925497, 34.140553 ], [ -89.931485, 34.164303 ], [ -89.96408, 34.159472 ], [ -90.135456, 34.160074 ], [ -90.135695, 34.0729 ], [ -90.450981, 34.072932 ], [ -90.451012, 33.985689 ], [ -90.451643, 33.81139 ], [ -90.182584, 33.809322 ], [ -90.204205, 33.759446 ], [ -90.294502, 33.750981 ], [ -90.313859, 33.725746 ], [ -90.269105, 33.697208 ], [ -90.25234, 33.730316 ], [ -90.136787, 33.721648 ] ] ] } },
{ "type": "Feature", "properties": { "geo_id": "28125", "geo_name": "Sharkey", "geo_level": "county", "year": 2021 }, "geometry": { "type": "Polygon", "coordinates": [ [ [ -90.723159, 32.662128 ], [ -90.699308, 32.689256 ], [ -90.742634, 32.729225 ], [ -90.693061, 32.754297 ], [ -90.723389, 32.818882 ], [ -90.759753, 32.835763 ], [ -90.656632, 32.92251 ], [ -90.658049, 33.096514 ], [ -90.701845, 33.096294 ], [ -90.914465, 33.097417 ], [ -90.914337, 33.007697 ], [ -90.91404, 32.944198 ], [ -90.963753, 32.838133 ], [ -90.964864, 32.662798 ], [ -90.723159, 32.662128 ] ] ] } },
{ "type": "Feature", "properties": { "geo_id": "28035", "geo_name": "Forrest", "geo_level": "county", "year": 2021 }, "geometry": { "type": "Polygon", "coordinates": [ [ [ -89.137967, 30.909877 ], [ -89.146176, 31.000447 ], [ -89.146092, 31.434052 ], [ -89.399178, 31.434029 ], [ -89.451616, 31.434029 ], [ -89.451073, 31.346383 ], [ -89.347863, 31.3467 ], [ -89.34895, 31.01037 ], [ -89.340806, 30.909912 ], [ -89.137967, 30.909877 ] ] ] } },
{ "type": "Feature", "properties": { "geo_id": "28161", "geo_name": "Yalobusha", "geo_level": "county", "year": 2021 }, "geometry": { "type": "Polygon", "coordinates": [ [ [ -89.507353, 33.867469 ], [ -89.509748, 34.162082 ], [ -89.50944, 34.19096 ], [ -89.72105, 34.192545 ], [ -89.721431, 34.163513 ], [ -89.931485, 34.164303 ], [ -89.925497, 34.140553 ], [ -89.926099, 33.897957 ], [ -89.769296, 33.897137 ], [ -89.76905, 33.867334 ], [ -89.507353, 33.867469 ] ] ] } },
{ "type": "Feature", "properties": { "geo_id": "28023", "geo_name": "Clarke", "geo_level": "county", "year": 2021 }, "geometry": { "type": "Polygon", "coordinates": [ [ [ -88.910459, 31.826649 ], [ -88.763411, 31.835934 ], [ -88.622394, 31.857193 ], [ -88.473227, 31.893856 ], [ -88.431379, 32.227666 ], [ -88.913847, 32.224186 ], [ -88.910459, 31.826649 ] ] ] } },
{ "type": "Feature", "properties": { "geo_id": "28127", "geo_name": "Simpson", "geo_level": "county", "year": 2021 }, "geometry": { "type": "Polygon", "coordinates": [ [ [ -89.974586, 31.761655 ], [ -89.755103, 31.774654 ], [ -89.653025, 31.780653 ], [ -89.654426, 32.013678 ], [ -89.662086, 32.047239 ], [ -89.730066, 32.047072 ], [ -90.230331, 32.049728 ], [ -90.247752, 32.030681 ], [ -90.209267, 31.98934 ], [ -90.170276, 31.904472 ], [ -90.132552, 31.856923 ], [ -90.140757, 31.789353 ], [ -90.122565, 31.75268 ], [ -89.974586, 31.761655 ] ] ] } },
{ "type": "Feature", "properties": { "geo_id": "28131", "geo_name": "Stone", "geo_level": "county", "year": 2021 }, "geometry": { "type": "Polygon", "coordinates": [ [ [ -89.341446, 30.64772 ], [ -89.240136, 30.647646 ], [ -89.240073, 30.67716 ], [ -88.884533, 30.677292 ], [ -88.884534, 30.735591 ], [ -88.885038, 30.910788 ], [ -89.137967, 30.909877 ], [ -89.340806, 30.909912 ], [ -89.341446, 30.64772 ] ] ] } },
{ "type": "Feature", "properties": { "geo_id": "28121", "geo_name": "Rankin", "geo_level": "county", "year": 2021 }, "geometry": { "type": "Polygon", "coordinates": [ [ [ -89.730066, 32.047072 ], [ -89.730424, 32.222039 ], [ -89.730063, 32.352733 ], [ -89.784123, 32.586891 ], [ -89.861159, 32.583162 ], [ -89.871346, 32.561002 ], [ -89.962077, 32.491286 ], [ -90.019347, 32.477293 ], [ -90.06626, 32.426398 ], [ -90.065796, 32.425678 ], [ -90.065697, 32.399529 ], [ -90.095184, 32.389145 ], [ -90.160787, 32.285843 ], [ -90.205292, 32.251945 ], [ -90.185799, 32.219563 ], [ -90.197823, 32.187916 ], [ -90.24538, 32.171396 ], [ -90.230331, 32.049728 ], [ -89.730066, 32.047072 ] ] ] } },
{ "type": "Feature", "properties": { "geo_id": "28091", "geo_name": "Marion", "geo_level": "county", "year": 2021 }, "geometry": { "type": "Polygon", "coordinates": [ [ [ -89.654212, 31.433805 ], [ -89.824236, 31.434093 ], [ -89.823332, 31.390021 ], [ -89.95894, 31.390489 ], [ -90.040485, 31.394673 ], [ -90.040466, 31.336014 ], [ -90.040375, 31.23391 ], [ -90.031896, 31.175727 ], [ -90.005936, 31.1323 ], [ -89.938178, 31.132949 ], [ -89.920944, 31.074677 ], [ -89.835873, 31.074926 ], [ -89.835908, 31.002047 ], [ -89.728119, 31.0023 ], [ -89.654038, 31.002502 ], [ -89.654212, 31.433805 ] ] ] } },
{ "type": "Feature", "properties": { "geo_id": "28039", "geo_name": "George", "geo_level": "county", "year": 2021 }, "geometry": { "type": "Polygon", "coordinates": [ [ [ -88.884534, 30.735591 ], [ -88.412612, 30.73559 ], [ -88.425432, 30.998323 ], [ -88.834339, 30.997983 ], [ -88.834475, 30.910323 ], [ -88.885038, 30.910788 ], [ -88.884534, 30.735591 ] ] ] } },
{ "type": "Feature", "properties": { "geo_id": "28095", "geo_name": "Monroe", "geo_level": "county", "year": 2021 }, "geometry": { "type": "Polygon", "coordinates": [ [ [ -88.248916, 33.744977 ], [ -88.207229, 34.058333 ], [ -88.203864, 34.086564 ], [ -88.543352, 34.089044 ], [ -88.718764, 34.089355 ], [ -88.718964, 34.074521 ], [ -88.719979, 33.81133 ], [ -88.719626, 33.680253 ], [ -88.496414, 33.680075 ], [ -88.513917, 33.650209 ], [ -88.477364, 33.666493 ], [ -88.37033, 33.685918 ], [ -88.31791, 33.74498 ], [ -88.248916, 33.744977 ] ] ] } },
{ "type": "Feature", "properties": { "geo_id": "28123", "geo_name": "Scott", "geo_level": "county", "year": 2021 }, "geometry": { "type": "Polygon", "coordinates": [ [ [ -89.730424, 32.222039 ], [ -89.322692, 32.223472 ], [ -89.322598, 32.576433 ], [ -89.730152, 32.577248 ], [ -89.730304, 32.634228 ], [ -89.784123, 32.586891 ], [ -89.730063, 32.352733 ], [ -89.730424, 32.222039 ] ] ] } },
{ "type": "Feature", "properties": { "geo_id": "28051", "geo_name": "Holmes", "geo_level": "county", "year": 2021 }, "geometry": { "type": "Polygon", "coordinates": [ [ [ -89.965882, 32.879573 ], [ -89.902501, 32.92794 ], [ -89.888256, 32.98036 ], [ -89.823902, 33.064343 ], [ -89.821235, 33.114219 ], [ -89.795852, 33.124663 ], [ -89.77873, 33.191494 ], [ -89.749441, 33.214478 ], [ -90.174614, 33.333378 ], [ -90.295029, 33.361784 ], [ -90.29169, 33.31901 ], [ -90.331589, 33.302825 ], [ -90.330312, 33.137818 ], [ -90.428774, 33.107932 ], [ -90.429783, 33.060991 ], [ -90.391456, 33.04999 ], [ -90.364031, 33.010596 ], [ -90.338339, 33.010131 ], [ -89.965882, 32.879573 ] ] ] } },
{ "type": "Feature", "properties": { "geo_id": "28105", "geo_name": "Oktibbeha", "geo_level": "county", "year": 2021 }, "geometry": { "type": "Polygon", "coordinates": [ [ [ -89.088255, 33.286003 ], [ -88.813053, 33.286424 ], [ -88.669076, 33.286922 ], [ -88.67125, 33.506168 ], [ -88.671526, 33.565135 ], [ -89.018613, 33.562114 ], [ -89.088263, 33.562039 ], [ -89.088446, 33.533202 ], [ -89.088255, 33.286003 ] ] ] } },
{ "type": "Feature", "properties": { "geo_id": "28031", "geo_name": "Covington", "geo_level": "county", "year": 2021 }, "geometry": { "type": "Polygon", "coordinates": [ [ [ -89.399178, 31.434029 ], [ -89.401227, 31.796863 ], [ -89.653025, 31.780653 ], [ -89.755103, 31.774654 ], [ -89.755614, 31.609751 ], [ -89.672328, 31.564492 ], [ -89.602889, 31.538836 ], [ -89.586919, 31.513444 ], [ -89.586819, 31.433688 ], [ -89.451616, 31.434029 ], [ -89.399178, 31.434029 ] ] ] } },
{ "type": "Feature", "properties": { "geo_id": "28115", "geo_name": "Pontotoc", "geo_level": "county", "year": 2021 }, "geometry": { "type": "Polygon", "coordinates": [ [ [ -89.139158, 34.074116 ], [ -88.824523, 34.074948 ], [ -88.824966, 34.364759 ], [ -88.928546, 34.365001 ], [ -88.928901, 34.379361 ], [ -89.246339, 34.379344 ], [ -89.245485, 34.161186 ], [ -89.244436, 34.073942 ], [ -89.139158, 34.074116 ] ] ] } },
{ "type": "Feature", "properties": { "geo_id": "28163", "geo_name": "Yazoo", "geo_level": "county", "year": 2021 }, "geometry": { "type": "Polygon", "coordinates": [ [ [ -90.450037, 32.573783 ], [ -90.40441, 32.574741 ], [ -90.322828, 32.615589 ], [ -90.311212, 32.640692 ], [ -90.22631, 32.668155 ], [ -90.197729, 32.66385 ], [ -90.136027, 32.697248 ], [ -90.094297, 32.704432 ], [ -90.049129, 32.735674 ], [ -90.018675, 32.821689 ], [ -89.965882, 32.879573 ], [ -90.338339, 33.010131 ], [ -90.364031, 33.010596 ], [ -90.449323, 33.00901 ], [ -90.449893, 32.92329 ], [ -90.656632, 32.92251 ], [ -90.759753, 32.835763 ], [ -90.723389, 32.818882 ], [ -90.693061, 32.754297 ], [ -90.742634, 32.729225 ], [ -90.699308, 32.689256 ], [ -90.723159, 32.662128 ], [ -90.720102, 32.618858 ], [ -90.690249, 32.589388 ], [ -90.655527, 32.589771 ], [ -90.654589, 32.546044 ], [ -90.588019, 32.546067 ], [ -90.553821, 32.507574 ], [ -90.482674, 32.544006 ], [ -90.450037, 32.573783 ] ] ] } },
{ "type": "Feature", "properties": { "geo_id": "28137", "geo_name": "Tate", "geo_level": "county", "year": 2021 }, "geometry": { "type": "Polygon", "coordinates": [ [ [ -90.198631, 34.554425 ], [ -89.721341, 34.554274 ], [ -89.668448, 34.554367 ], [ -89.66916, 34.685786 ], [ -89.722333, 34.685504 ], [ -89.723442, 34.772311 ], [ -89.908587, 34.772641 ], [ -89.925158, 34.751536 ], [ -90.029144, 34.708176 ], [ -90.098277, 34.731783 ], [ -90.132368, 34.759913 ], [ -90.169988, 34.758735 ], [ -90.200199, 34.724418 ], [ -90.231412, 34.701991 ], [ -90.216325, 34.646874 ], [ -90.243924, 34.60215 ], [ -90.198631, 34.554425 ] ] ] } },
{ "type": "Feature", "properties": { "geo_id": "28077", "geo_name": "Lawrence", "geo_level": "county", "year": 2021 }, "geometry": { "type": "Polygon", "coordinates": [ [ [ -89.95894, 31.390489 ], [ -89.959097, 31.522421 ], [ -89.976052, 31.522477 ], [ -89.974586, 31.761655 ], [ -90.122565, 31.75268 ], [ -90.245191, 31.717524 ], [ -90.24389, 31.350274 ], [ -90.108651, 31.350869 ], [ -90.082442, 31.328849 ], [ -90.040466, 31.336014 ], [ -90.040485, 31.394673 ], [ -89.95894, 31.390489 ] ] ] } },
{ "type": "Feature", "properties": { "geo_id": "28007", "geo_name": "Attala", "geo_level": "county", "year": 2021 }, "geometry": { "type": "Polygon", "coordinates": [ [ [ -89.730016, 32.885072 ], [ -89.730154, 32.929924 ], [ -89.319163, 32.931654 ], [ -89.317855, 33.108871 ], [ -89.316408, 33.285556 ], [ -89.453808, 33.285942 ], [ -89.64528, 33.285515 ], [ -89.701474, 33.285515 ], [ -89.749441, 33.214478 ], [ -89.77873, 33.191494 ], [ -89.795852, 33.124663 ], [ -89.821235, 33.114219 ], [ -89.823902, 33.064343 ], [ -89.888256, 32.98036 ], [ -89.902501, 32.92794 ], [ -89.965882, 32.879573 ], [ -89.730016, 32.885072 ] ] ] } },
{ "type": "Feature", "properties": { "geo_id": "28117", "geo_name": "Prentiss", "geo_level": "county", "year": 2021 }, "geometry": { "type": "Polygon", "coordinates": [ [ [ -88.329193, 34.463571 ], [ -88.330699, 34.740721 ], [ -88.365472, 34.755604 ], [ -88.718508, 34.756781 ], [ -88.717794, 34.596472 ], [ -88.73544, 34.596483 ], [ -88.736465, 34.50891 ], [ -88.541749, 34.509192 ], [ -88.542079, 34.465276 ], [ -88.329193, 34.463571 ] ] ] } },
{ "type": "Feature", "properties": { "geo_id": "28113", "geo_name": "Pike", "geo_level": "county", "year": 2021 }, "geometry": { "type": "Polygon", "coordinates": [ [ [ -90.259555, 31.000679 ], [ -90.260391, 31.350274 ], [ -90.548199, 31.349574 ], [ -90.547616, 30.99972 ], [ -90.259555, 31.000679 ] ] ] } },
{ "type": "Feature", "properties": { "geo_id": "28029", "geo_name": "Copiah", "geo_level": "county", "year": 2021 }, "geometry": { "type": "Polygon", "coordinates": [ [ [ -90.122565, 31.75268 ], [ -90.140757, 31.789353 ], [ -90.132552, 31.856923 ], [ -90.170276, 31.904472 ], [ -90.209267, 31.98934 ], [ -90.247752, 32.030681 ], [ -90.230331, 32.049728 ], [ -90.718297, 32.048352 ], [ -90.716785, 31.844583 ], [ -90.736282, 31.786134 ], [ -90.736824, 31.698491 ], [ -90.279953, 31.699865 ], [ -90.245191, 31.717524 ], [ -90.122565, 31.75268 ] ] ] } },
{ "type": "Feature", "properties": { "geo_id": "28013", "geo_name": "Calhoun", "geo_level": "county", "year": 2021 }, "geometry": { "type": "Polygon", "coordinates": [ [ [ -89.191781, 33.738602 ], [ -89.19004, 33.81171 ], [ -89.137876, 33.812144 ], [ -89.139158, 34.074116 ], [ -89.244436, 34.073942 ], [ -89.245485, 34.161186 ], [ -89.509748, 34.162082 ], [ -89.507353, 33.867469 ], [ -89.507135, 33.721819 ], [ -89.191924, 33.722158 ], [ -89.191781, 33.738602 ] ] ] } },
{ "type": "Feature", "properties": { "geo_id": "28041", "geo_name": "Greene", "geo_level": "county", "year": 2021 }, "geometry": { "type": "Polygon", "coordinates": [ [ [ -88.834339, 30.997983 ], [ -88.425432, 30.998323 ], [ -88.432007, 31.114298 ], [ -88.449438, 31.435837 ], [ -88.841707, 31.433703 ], [ -88.840929, 30.99841 ], [ -88.834339, 30.997983 ] ] ] } },
{ "type": "Feature", "properties": { "geo_id": "28005", "geo_name": "Amite", "geo_level": "county", "year": 2021 }, "geometry": { "type": "Polygon", "coordinates": [ [ [ -91.060219, 30.998927 ], [ -90.547616, 30.99972 ], [ -90.548199, 31.349574 ], [ -90.633302, 31.349306 ], [ -90.983002, 31.348671 ], [ -91.095398, 31.320975 ], [ -91.059431, 31.281858 ], [ -91.060219, 30.998927 ] ] ] } },
{ "type": "Feature", "properties": { "geo_id": "28045", "geo_name": "Hancock", "geo_level": "county", "year": 2021 }, "geometry": { "type": "Polygon", "coordinates": [ [ [ -89.306135, 30.177941 ], [ -89.306845, 30.338396 ], [ -89.340847, 30.357995 ], [ -89.341446, 30.64772 ], [ -89.544232, 30.648368 ], [ -89.54451, 30.516862 ], [ -89.647072, 30.502738 ], [ -89.646961, 30.458892 ], [ -89.690035, 30.459333 ], [ -89.683708, 30.405586 ], [ -89.630622, 30.337491 ], [ -89.631614, 30.257013 ], [ -89.571907, 30.180721 ], [ -89.538635, 30.19589 ], [ -89.516891, 30.16459 ], [ -89.416711, 30.177639 ], [ -89.306135, 30.177941 ] ] ] } },
{ "type": "Feature", "properties": { "geo_id": "28129", "geo_name": "Smith", "geo_level": "county", "year": 2021 }, "geometry": { "type": "Polygon", "coordinates": [ [ [ -89.401227, 31.796863 ], [ -89.31656, 31.80209 ], [ -89.320748, 31.874338 ], [ -89.322692, 32.223472 ], [ -89.730424, 32.222039 ], [ -89.730066, 32.047072 ], [ -89.662086, 32.047239 ], [ -89.654426, 32.013678 ], [ -89.653025, 31.780653 ], [ -89.401227, 31.796863 ] ] ] } },
{ "type": "Feature", "properties": { "geo_id": "28021", "geo_name": "Claiborne", "geo_level": "county", "year": 2021 }, "geometry": { "type": "Polygon", "coordinates": [ [ [ -90.736282, 31.786134 ], [ -90.716785, 31.844583 ], [ -90.718297, 32.048352 ], [ -90.728622, 32.225119 ], [ -90.79005, 32.174716 ], [ -90.77482, 32.153993 ], [ -90.956787, 32.083597 ], [ -91.030207, 32.114353 ], [ -91.080008, 32.079154 ], [ -91.098708, 32.048355 ], [ -91.075908, 32.016827 ], [ -91.106908, 31.989357 ], [ -91.16441, 31.982557 ], [ -91.18811, 31.961358 ], [ -91.20101, 31.909159 ], [ -91.248144, 31.869848 ], [ -91.013676, 31.861852 ], [ -90.842, 31.826498 ], [ -90.852657, 31.785422 ], [ -90.736282, 31.786134 ] ] ] } },
{ "type": "Feature", "properties": { "geo_id": "28153", "geo_name": "Wayne", "geo_level": "county", "year": 2021 }, "geometry": { "type": "Polygon", "coordinates": [ [ [ -88.841707, 31.433703 ], [ -88.449438, 31.435837 ], [ -88.46443, 31.697952 ], [ -88.473227, 31.893856 ], [ -88.622394, 31.857193 ], [ -88.763411, 31.835934 ], [ -88.910459, 31.826649 ], [ -88.943355, 31.824565 ], [ -88.943468, 31.433458 ], [ -88.841707, 31.433703 ] ] ] } },
{ "type": "Feature", "properties": { "geo_id": "28159", "geo_name": "Winston", "geo_level": "county", "year": 2021 }, "geometry": { "type": "Polygon", "coordinates": [ [ [ -88.812782, 32.925973 ], [ -88.813053, 33.286424 ], [ -89.088255, 33.286003 ], [ -89.108886, 33.285937 ], [ -89.1089, 33.198059 ], [ -89.213422, 33.197543 ], [ -89.213921, 33.109402 ], [ -89.317855, 33.108871 ], [ -89.319163, 32.931654 ], [ -89.017723, 32.931326 ], [ -88.914413, 32.9266 ], [ -88.812782, 32.925973 ] ] ] } },
{ "type": "Feature", "properties": { "geo_id": "28053", "geo_name": "Humphreys", "geo_level": "county", "year": 2021 }, "geometry": { "type": "Polygon", "coordinates": [ [ [ -90.656632, 32.92251 ], [ -90.449893, 32.92329 ], [ -90.449323, 33.00901 ], [ -90.364031, 33.010596 ], [ -90.391456, 33.04999 ], [ -90.429783, 33.060991 ], [ -90.428774, 33.107932 ], [ -90.330312, 33.137818 ], [ -90.331589, 33.302825 ], [ -90.374161, 33.281928 ], [ -90.381958, 33.244401 ], [ -90.453801, 33.267302 ], [ -90.453233, 33.329484 ], [ -90.555549, 33.329181 ], [ -90.555211, 33.270533 ], [ -90.716277, 33.270032 ], [ -90.733216, 33.232975 ], [ -90.680319, 33.201971 ], [ -90.701845, 33.096294 ], [ -90.658049, 33.096514 ], [ -90.656632, 32.92251 ] ] ] } },
{ "type": "Feature", "properties": { "geo_id": "28103", "geo_name": "Noxubee", "geo_level": "county", "year": 2021 }, "geometry": { "type": "Polygon", "coordinates": [ [ [ -88.812782, 32.925973 ], [ -88.347887, 32.929082 ], [ -88.340432, 32.991199 ], [ -88.304434, 33.28832 ], [ -88.669076, 33.286922 ], [ -88.813053, 33.286424 ], [ -88.812782, 32.925973 ] ] ] } },
{ "type": "Feature", "properties": { "geo_id": "28083", "geo_name": "Leflore", "geo_level": "county", "year": 2021 }, "geometry": { "type": "Polygon", "coordinates": [ [ [ -90.174614, 33.333378 ], [ -90.174756, 33.417003 ], [ -90.137817, 33.416455 ], [ -90.13761, 33.459114 ], [ -90.101401, 33.45894 ], [ -90.102155, 33.652419 ], [ -90.127775, 33.676956 ], [ -90.136787, 33.721648 ], [ -90.25234, 33.730316 ], [ -90.269105, 33.697208 ], [ -90.313859, 33.725746 ], [ -90.294502, 33.750981 ], [ -90.204205, 33.759446 ], [ -90.182584, 33.809322 ], [ -90.451643, 33.81139 ], [ -90.453233, 33.329484 ], [ -90.453801, 33.267302 ], [ -90.381958, 33.244401 ], [ -90.374161, 33.281928 ], [ -90.331589, 33.302825 ], [ -90.29169, 33.31901 ], [ -90.295029, 33.361784 ], [ -90.174614, 33.333378 ] ] ] } },
{ "type": "Feature", "properties": { "geo_id": "28027", "geo_name": "Coahoma", "geo_level": "county", "year": 2021 }, "geometry": { "type": "Polygon", "coordinates": [ [ [ -90.451012, 33.985689 ], [ -90.450981, 34.072932 ], [ -90.450572, 34.262402 ], [ -90.399014, 34.261524 ], [ -90.399498, 34.423807 ], [ -90.567874, 34.523999 ], [ -90.59392, 34.484176 ], [ -90.586232, 34.409172 ], [ -90.707252, 34.361181 ], [ -90.757304, 34.367392 ], [ -90.76513, 34.342511 ], [ -90.735873, 34.310687 ], [ -90.760423, 34.270733 ], [ -90.833629, 34.274074 ], [ -90.847149, 34.20613 ], [ -90.906334, 34.244382 ], [ -90.934544, 34.217854 ], [ -90.886746, 34.182501 ], [ -90.817488, 34.183198 ], [ -90.836099, 34.137876 ], [ -90.909957, 34.165511 ], [ -90.956901, 34.120091 ], [ -90.659457, 34.118867 ], [ -90.657002, 33.987586 ], [ -90.451012, 33.985689 ] ] ] } },
{ "type": "Feature", "properties": { "geo_id": "28047", "geo_name": "Harrison", "geo_level": "county", "year": 2021 }, "geometry": { "type": "Polygon", "coordinates": [ [ [ -89.306135, 30.177941 ], [ -89.260977, 30.181998 ], [ -89.183669, 30.212155 ], [ -89.096476, 30.165829 ], [ -88.88903, 30.139845 ], [ -88.90033, 30.16998 ], [ -88.821387, 30.21737 ], [ -88.795147, 30.199994 ], [ -88.795287, 30.350361 ], [ -88.851655, 30.409736 ], [ -88.88313, 30.418798 ], [ -88.884533, 30.677292 ], [ -89.240073, 30.67716 ], [ -89.240136, 30.647646 ], [ -89.341446, 30.64772 ], [ -89.340847, 30.357995 ], [ -89.306845, 30.338396 ], [ -89.306135, 30.177941 ] ] ] } },
{ "type": "Feature", "properties": { "geo_id": "28059", "geo_name": "Jackson", "geo_level": "county", "year": 2021 }, "geometry": { "type": "Polygon", "coordinates": [ [ [ -88.795147, 30.199994 ], [ -88.603881, 30.170609 ], [ -88.545855, 30.176653 ], [ -88.461283, 30.146686 ], [ -88.384431, 30.158543 ], [ -88.412612, 30.73559 ], [ -88.884534, 30.735591 ], [ -88.884533, 30.677292 ], [ -88.88313, 30.418798 ], [ -88.851655, 30.409736 ], [ -88.795287, 30.350361 ], [ -88.795147, 30.199994 ] ] ] } },
{ "type": "Feature", "properties": { "geo_id": "28107", "geo_name": "Panola", "geo_level": "county", "year": 2021 }, "geometry": { "type": "Polygon", "coordinates": [ [ [ -89.931485, 34.164303 ], [ -89.721431, 34.163513 ], [ -89.72105, 34.192545 ], [ -89.721341, 34.554274 ], [ -90.198631, 34.554425 ], [ -90.198536, 34.511088 ], [ -90.194086, 34.301407 ], [ -90.134441, 34.265195 ], [ -90.135456, 34.160074 ], [ -89.96408, 34.159472 ], [ -89.931485, 34.164303 ] ] ] } },
{ "type": "Feature", "properties": { "geo_id": "28093", "geo_name": "Marshall", "geo_level": "county", "year": 2021 }, "geometry": { "type": "Polygon", "coordinates": [ [ [ -89.245645, 34.583234 ], [ -89.298334, 34.582926 ], [ -89.299227, 34.844415 ], [ -89.352705, 34.844432 ], [ -89.352679, 34.993863 ], [ -89.724324, 34.99479 ], [ -89.724183, 34.972377 ], [ -89.724187, 34.969946 ], [ -89.723442, 34.772311 ], [ -89.722333, 34.685504 ], [ -89.66916, 34.685786 ], [ -89.668448, 34.554367 ], [ -89.476642, 34.554168 ], [ -89.424459, 34.519129 ], [ -89.359181, 34.524857 ], [ -89.292763, 34.515786 ], [ -89.246133, 34.495633 ], [ -89.245645, 34.583234 ] ] ] } },
{ "type": "Feature", "properties": { "geo_id": "28043", "geo_name": "Grenada", "geo_level": "county", "year": 2021 }, "geometry": { "type": "Polygon", "coordinates": [ [ [ -90.127775, 33.676956 ], [ -89.78689, 33.676727 ], [ -89.506872, 33.677605 ], [ -89.507135, 33.721819 ], [ -89.507353, 33.867469 ], [ -89.76905, 33.867334 ], [ -89.769296, 33.897137 ], [ -89.926099, 33.897957 ], [ -89.926294, 33.823854 ], [ -89.978367, 33.809719 ], [ -90.136491, 33.809319 ], [ -90.136787, 33.721648 ], [ -90.127775, 33.676956 ] ] ] } },
{ "type": "Feature", "properties": { "geo_id": "28141", "geo_name": "Tishomingo", "geo_level": "county", "year": 2021 }, "geometry": { "type": "Polygon", "coordinates": [ [ [ -88.139988, 34.581703 ], [ -88.097888, 34.892202 ], [ -88.152413, 34.919741 ], [ -88.200064, 34.995634 ], [ -88.363531, 34.995475 ], [ -88.365472, 34.755604 ], [ -88.330699, 34.740721 ], [ -88.329193, 34.463571 ], [ -88.156292, 34.463214 ], [ -88.139988, 34.581703 ] ] ] } },
{ "type": "Feature", "properties": { "geo_id": "28119", "geo_name": "Quitman", "geo_level": "county", "year": 2021 }, "geometry": { "type": "Polygon", "coordinates": [ [ [ -90.135456, 34.160074 ], [ -90.134441, 34.265195 ], [ -90.194086, 34.301407 ], [ -90.198536, 34.511088 ], [ -90.304317, 34.509621 ], [ -90.301851, 34.424546 ], [ -90.399498, 34.423807 ], [ -90.399014, 34.261524 ], [ -90.450572, 34.262402 ], [ -90.450981, 34.072932 ], [ -90.135695, 34.0729 ], [ -90.135456, 34.160074 ] ] ] } },
{ "type": "Feature", "properties": { "geo_id": "28157", "geo_name": "Wilkinson", "geo_level": "county", "year": 2021 }, "geometry": { "type": "Polygon", "coordinates": [ [ [ -91.589451, 31.19114 ], [ -91.625199, 31.115963 ], [ -91.56415, 31.06683 ], [ -91.564397, 31.038965 ], [ -91.636942, 30.999416 ], [ -91.060219, 30.998927 ], [ -91.059431, 31.281858 ], [ -91.095398, 31.320975 ], [ -91.15815, 31.346695 ], [ -91.30358, 31.360975 ], [ -91.343196, 31.339422 ], [ -91.424012, 31.31504 ], [ -91.468435, 31.31957 ], [ -91.478799, 31.238999 ], [ -91.530126, 31.214842 ], [ -91.57567, 31.224475 ], [ -91.589451, 31.19114 ] ] ] } },
{ "type": "Feature", "properties": { "geo_id": "28079", "geo_name": "Leake", "geo_level": "county", "year": 2021 }, "geometry": { "type": "Polygon", "coordinates": [ [ [ -89.317588, 32.576458 ], [ -89.319163, 32.931654 ], [ -89.730154, 32.929924 ], [ -89.730016, 32.885072 ], [ -89.730304, 32.634228 ], [ -89.730152, 32.577248 ], [ -89.322598, 32.576433 ], [ -89.317588, 32.576458 ] ] ] } },
{ "type": "Feature", "properties": { "geo_id": "28025", "geo_name": "Clay", "geo_level": "county", "year": 2021 }, "geometry": { "type": "Polygon", "coordinates": [ [ [ -88.67125, 33.506168 ], [ -88.609389, 33.506751 ], [ -88.492504, 33.543154 ], [ -88.47468, 33.598092 ], [ -88.513917, 33.650209 ], [ -88.496414, 33.680075 ], [ -88.719626, 33.680253 ], [ -88.719979, 33.81133 ], [ -88.931176, 33.812374 ], [ -88.931604, 33.754312 ], [ -89.034775, 33.754156 ], [ -89.034498, 33.73943 ], [ -89.034267, 33.63541 ], [ -89.018613, 33.562114 ], [ -88.671526, 33.565135 ], [ -88.67125, 33.506168 ] ] ] } },
{ "type": "Feature", "properties": { "geo_id": "28037", "geo_name": "Franklin", "geo_level": "county", "year": 2021 }, "geometry": { "type": "Polygon", "coordinates": [ [ [ -91.095398, 31.320975 ], [ -90.983002, 31.348671 ], [ -90.633302, 31.349306 ], [ -90.633231, 31.611409 ], [ -90.73733, 31.611124 ], [ -91.153864, 31.610068 ], [ -91.15815, 31.346695 ], [ -91.095398, 31.320975 ] ] ] } },
{ "type": "Feature", "properties": { "geo_id": "28099", "geo_name": "Neshoba", "geo_level": "county", "year": 2021 }, "geometry": { "type": "Polygon", "coordinates": [ [ [ -89.317588, 32.576458 ], [ -88.914516, 32.576955 ], [ -88.914413, 32.9266 ], [ -89.017723, 32.931326 ], [ -89.319163, 32.931654 ], [ -89.317588, 32.576458 ] ] ] } },
{ "type": "Feature", "properties": { "geo_id": "28081", "geo_name": "Lee", "geo_level": "county", "year": 2021 }, "geometry": { "type": "Polygon", "coordinates": [ [ [ -88.718964, 34.074521 ], [ -88.718764, 34.089355 ], [ -88.543352, 34.089044 ], [ -88.544685, 34.337993 ], [ -88.542079, 34.465276 ], [ -88.541749, 34.509192 ], [ -88.736465, 34.50891 ], [ -88.789442, 34.49493 ], [ -88.789774, 34.393692 ], [ -88.824966, 34.364759 ], [ -88.824523, 34.074948 ], [ -88.718964, 34.074521 ] ] ] } },
{ "type": "Feature", "properties": { "geo_id": "28133", "geo_name": "Sunflower", "geo_level": "county", "year": 2021 }, "geometry": { "type": "Polygon", "coordinates": [ [ [ -90.716277, 33.270032 ], [ -90.555211, 33.270533 ], [ -90.555549, 33.329181 ], [ -90.453233, 33.329484 ], [ -90.451643, 33.81139 ], [ -90.451012, 33.985689 ], [ -90.657002, 33.987586 ], [ -90.6586, 33.616272 ], [ -90.763469, 33.616164 ], [ -90.763509, 33.529389 ], [ -90.763773, 33.270359 ], [ -90.716277, 33.270032 ] ] ] } },
{ "type": "Feature", "properties": { "geo_id": "28063", "geo_name": "Jefferson", "geo_level": "county", "year": 2021 }, "geometry": { "type": "Polygon", "coordinates": [ [ [ -91.153864, 31.610068 ], [ -90.73733, 31.611124 ], [ -90.736824, 31.698491 ], [ -90.736282, 31.786134 ], [ -90.852657, 31.785422 ], [ -90.842, 31.826498 ], [ -91.013676, 31.861852 ], [ -91.248144, 31.869848 ], [ -91.245624, 31.833165 ], [ -91.283212, 31.815762 ], [ -91.294713, 31.86046 ], [ -91.345214, 31.843861 ], [ -91.363514, 31.783363 ], [ -91.317864, 31.749766 ], [ -91.29557, 31.66987 ], [ -91.233022, 31.629158 ], [ -91.153841, 31.630488 ], [ -91.153864, 31.610068 ] ] ] } },
{ "type": "Feature", "properties": { "geo_id": "28001", "geo_name": "Adams", "geo_level": "county", "year": 2021 }, "geometry": { "type": "Polygon", "coordinates": [ [ [ -91.589451, 31.19114 ], [ -91.57567, 31.224475 ], [ -91.530126, 31.214842 ], [ -91.478799, 31.238999 ], [ -91.468435, 31.31957 ], [ -91.424012, 31.31504 ], [ -91.343196, 31.339422 ], [ -91.30358, 31.360975 ], [ -91.15815, 31.346695 ], [ -91.153864, 31.610068 ], [ -91.153841, 31.630488 ], [ -91.233022, 31.629158 ], [ -91.29557, 31.66987 ], [ -91.317864, 31.749766 ], [ -91.369375, 31.746903 ], [ -91.397115, 31.711364 ], [ -91.400815, 31.620465 ], [ -91.463817, 31.620365 ], [ -91.497665, 31.645371 ], [ -91.517233, 31.61346 ], [ -91.486518, 31.586566 ], [ -91.422716, 31.597065 ], [ -91.407915, 31.569366 ], [ -91.443916, 31.542466 ], [ -91.515919, 31.530729 ], [ -91.513366, 31.444396 ], [ -91.472067, 31.397076 ], [ -91.548213, 31.346084 ], [ -91.510049, 31.316822 ], [ -91.518578, 31.275283 ], [ -91.558684, 31.262176 ], [ -91.641253, 31.266917 ], [ -91.644356, 31.234414 ], [ -91.589451, 31.19114 ] ] ] } },
{ "type": "Feature", "properties": { "geo_id": "28057", "geo_name": "Itawamba", "geo_level": "county", "year": 2021 }, "geometry": { "type": "Polygon", "coordinates": [ [ [ -88.203864, 34.086564 ], [ -88.173632, 34.321054 ], [ -88.156292, 34.463214 ], [ -88.329193, 34.463571 ], [ -88.542079, 34.465276 ], [ -88.544685, 34.337993 ], [ -88.543352, 34.089044 ], [ -88.203864, 34.086564 ] ] ] } },
{ "type": "Feature", "properties": { "geo_id": "28049", "geo_name": "Hinds", "geo_level": "county", "year": 2021 }, "geometry": { "type": "Polygon", "coordinates": [ [ [ -90.718297, 32.048352 ], [ -90.230331, 32.049728 ], [ -90.24538, 32.171396 ], [ -90.197823, 32.187916 ], [ -90.185799, 32.219563 ], [ -90.205292, 32.251945 ], [ -90.160787, 32.285843 ], [ -90.095184, 32.389145 ], [ -90.065697, 32.399529 ], [ -90.173947, 32.400272 ], [ -90.176566, 32.400235 ], [ -90.243764, 32.400098 ], [ -90.243641, 32.487533 ], [ -90.445946, 32.487903 ], [ -90.450037, 32.573783 ], [ -90.482674, 32.544006 ], [ -90.553821, 32.507574 ], [ -90.604067, 32.479064 ], [ -90.599985, 32.424627 ], [ -90.627363, 32.377974 ], [ -90.627978, 32.339483 ], [ -90.683571, 32.352784 ], [ -90.707605, 32.340004 ], [ -90.698842, 32.297371 ], [ -90.728622, 32.225119 ], [ -90.718297, 32.048352 ] ] ] } },
{ "type": "Feature", "properties": { "geo_id": "28033", "geo_name": "DeSoto", "geo_level": "county", "year": 2021 }, "geometry": { "type": "Polygon", "coordinates": [ [ [ -90.200199, 34.724418 ], [ -90.169988, 34.758735 ], [ -90.132368, 34.759913 ], [ -90.098277, 34.731783 ], [ -90.029144, 34.708176 ], [ -89.925158, 34.751536 ], [ -89.908587, 34.772641 ], [ -89.723442, 34.772311 ], [ -89.724187, 34.969946 ], [ -89.724183, 34.972377 ], [ -89.724324, 34.99479 ], [ -90.308361, 34.995694 ], [ -90.243757, 34.94527 ], [ -90.243208, 34.9091 ], [ -90.304561, 34.860587 ], [ -90.202126, 34.860374 ], [ -90.200199, 34.724418 ] ] ] } },
{ "type": "Feature", "properties": { "geo_id": "28067", "geo_name": "Jones", "geo_level": "county", "year": 2021 }, "geometry": { "type": "Polygon", "coordinates": [ [ [ -88.943355, 31.824565 ], [ -89.31656, 31.80209 ], [ -89.401227, 31.796863 ], [ -89.399178, 31.434029 ], [ -89.146092, 31.434052 ], [ -88.943468, 31.433458 ], [ -88.943355, 31.824565 ] ] ] } },
{ "type": "Feature", "properties": { "geo_id": "28075", "geo_name": "Lauderdale", "geo_level": "county", "year": 2021 }, "geometry": { "type": "Polygon", "coordinates": [ [ [ -88.421453, 32.30868 ], [ -88.388797, 32.578123 ], [ -88.914516, 32.576955 ], [ -88.913847, 32.224186 ], [ -88.431379, 32.227666 ], [ -88.421453, 32.30868 ] ] ] } },
{ "type": "Feature", "properties": { "geo_id": "28147", "geo_name": "Walthall", "geo_level": "county", "year": 2021 }, "geometry": { "type": "Polygon", "coordinates": [ [ [ -90.259555, 31.000679 ], [ -89.835908, 31.002047 ], [ -89.835873, 31.074926 ], [ -89.920944, 31.074677 ], [ -89.938178, 31.132949 ], [ -90.005936, 31.1323 ], [ -90.031896, 31.175727 ], [ -90.040375, 31.23391 ], [ -90.040466, 31.336014 ], [ -90.082442, 31.328849 ], [ -90.108651, 31.350869 ], [ -90.24389, 31.350274 ], [ -90.260391, 31.350274 ], [ -90.259555, 31.000679 ] ] ] } },
{ "type": "Feature", "properties": { "geo_id": "28065", "geo_name": "Jefferson Davis", "geo_level": "county", "year": 2021 }, "geometry": { "type": "Polygon", "coordinates": [ [ [ -89.95894, 31.390489 ], [ -89.823332, 31.390021 ], [ -89.824236, 31.434093 ], [ -89.654212, 31.433805 ], [ -89.586819, 31.433688 ], [ -89.586919, 31.513444 ], [ -89.602889, 31.538836 ], [ -89.672328, 31.564492 ], [ -89.755614, 31.609751 ], [ -89.755103, 31.774654 ], [ -89.974586, 31.761655 ], [ -89.976052, 31.522477 ], [ -89.959097, 31.522421 ], [ -89.95894, 31.390489 ] ] ] } },
{ "type": "Feature", "properties": { "geo_id": "28155", "geo_name": "Webster", "geo_level": "county", "year": 2021 }, "geometry": { "type": "Polygon", "coordinates": [ [ [ -89.381092, 33.460307 ], [ -89.339624, 33.469915 ], [ -89.319446, 33.496709 ], [ -89.222039, 33.527245 ], [ -89.088446, 33.533202 ], [ -89.088263, 33.562039 ], [ -89.018613, 33.562114 ], [ -89.034267, 33.63541 ], [ -89.034498, 33.73943 ], [ -89.191781, 33.738602 ], [ -89.191924, 33.722158 ], [ -89.507135, 33.721819 ], [ -89.506872, 33.677605 ], [ -89.506496, 33.459806 ], [ -89.381092, 33.460307 ] ] ] } },
{ "type": "Feature", "properties": { "geo_id": "28089", "geo_name": "Madison", "geo_level": "county", "year": 2021 }, "geometry": { "type": "Polygon", "coordinates": [ [ [ -90.173947, 32.400272 ], [ -90.065697, 32.399529 ], [ -90.065796, 32.425678 ], [ -90.06626, 32.426398 ], [ -90.019347, 32.477293 ], [ -89.962077, 32.491286 ], [ -89.871346, 32.561002 ], [ -89.861159, 32.583162 ], [ -89.784123, 32.586891 ], [ -89.730304, 32.634228 ], [ -89.730016, 32.885072 ], [ -89.965882, 32.879573 ], [ -90.018675, 32.821689 ], [ -90.049129, 32.735674 ], [ -90.094297, 32.704432 ], [ -90.136027, 32.697248 ], [ -90.197729, 32.66385 ], [ -90.22631, 32.668155 ], [ -90.311212, 32.640692 ], [ -90.322828, 32.615589 ], [ -90.40441, 32.574741 ], [ -90.450037, 32.573783 ], [ -90.445946, 32.487903 ], [ -90.243641, 32.487533 ], [ -90.243764, 32.400098 ], [ -90.176566, 32.400235 ], [ -90.173947, 32.400272 ] ] ] } },
{ "type": "Feature", "properties": { "geo_id": "01027", "geo_name": "Clay", "geo_level": "county", "year": 2022 }, "geometry": { "type": "Polygon", "coordinates": [ [ [ -85.85189, 33.498742 ], [ -85.904909, 33.498655 ], [ -85.922817, 33.454576 ], [ -85.923762, 33.396206 ], [ -85.976525, 33.38187 ], [ -85.980293, 33.29419 ], [ -86.118198, 33.29632 ], [ -86.120567, 33.194511 ], [ -86.17283, 33.195681 ], [ -86.17437, 33.104394 ], [ -86.009313, 33.104642 ], [ -86.00917, 33.09026 ], [ -85.974715, 33.105286 ], [ -85.653654, 33.106634 ], [ -85.65308, 33.212117 ], [ -85.643482, 33.495885 ], [ -85.765427, 33.498593 ], [ -85.782735, 33.469349 ], [ -85.870053, 33.476757 ], [ -85.85189, 33.498742 ] ] ] } },
{ "type": "Feature", "properties": { "geo_id": "01091", "geo_name": "Marengo", "geo_level": "county", "year": 2022 }, "geometry": { "type": "Polygon", "coordinates": [ [ [ -88.07349, 31.990182 ], [ -87.667769, 31.991355 ], [ -87.622756, 32.005482 ], [ -87.624005, 32.132345 ], [ -87.521946, 32.132816 ], [ -87.523405, 32.25483 ], [ -87.472206, 32.264919 ], [ -87.47308, 32.307614 ], [ -87.52429, 32.307293 ], [ -87.524485, 32.482028 ], [ -87.674479, 32.480866 ], [ -87.694239, 32.4807 ], [ -87.728774, 32.498759 ], [ -87.728775, 32.499938 ], [ -87.728521, 32.524532 ], [ -87.812559, 32.52456 ], [ -87.85342, 32.532086 ], [ -87.901264, 32.523172 ], [ -87.956211, 32.470405 ], [ -88.031623, 32.43361 ], [ -88.046335, 32.377087 ], [ -87.970943, 32.344347 ], [ -87.930661, 32.310574 ], [ -88.019145, 32.28524 ], [ -88.007077, 32.185313 ], [ -88.035812, 32.14501 ], [ -88.070615, 32.0617 ], [ -88.114087, 32.058056 ], [ -88.117433, 32.01682 ], [ -88.07349, 31.990182 ] ] ] } },
{ "type": "Feature", "properties": { "geo_id": "01049", "geo_name": "DeKalb", "geo_level": "county", "year": 2022 }, "geometry": { "type": "Polygon", "coordinates": [ [ [ -85.843617, 34.200006 ], [ -85.843801, 34.244595 ], [ -85.774165, 34.259094 ], [ -85.675283, 34.343396 ], [ -85.636645, 34.366622 ], [ -85.579656, 34.439709 ], [ -85.560386, 34.489909 ], [ -85.513612, 34.523825 ], [ -85.583145, 34.860371 ], [ -85.627068, 34.831879 ], [ -85.660198, 34.754963 ], [ -85.693037, 34.74425 ], [ -85.785471, 34.624584 ], [ -86.00384, 34.480031 ], [ -86.057712, 34.475994 ], [ -86.110362, 34.427797 ], [ -86.106086, 34.200756 ], [ -85.843617, 34.200006 ] ] ] } },
{ "type": "Feature", "properties": { "geo_id": "01019", "geo_name": "Cherokee", "geo_level": "county", "year": 2022 }, "geometry": { "type": "Polygon", "coordinates": [ [ [ -85.513612, 34.523825 ], [ -85.560386, 34.489909 ], [ -85.579656, 34.439709 ], [ -85.636645, 34.366622 ], [ -85.675283, 34.343396 ], [ -85.774165, 34.259094 ], [ -85.843801, 34.244595 ], [ -85.843617, 34.200006 ], [ -85.841468, 34.111096 ], [ -85.811967, 34.125096 ], [ -85.737137, 33.989203 ], [ -85.738975, 33.96846 ], [ -85.529432, 33.95598 ], [ -85.530094, 33.941423 ], [ -85.495289, 33.95691 ], [ -85.398837, 33.964129 ], [ -85.47045, 34.328239 ], [ -85.513612, 34.523825 ] ] ] } },
{ "type": "Feature", "properties": { "geo_id": "01065", "geo_name": "Hale", "geo_level": "county", "year": 2022 }, "geometry": { "type": "Polygon", "coordinates": [ [ [ -87.524485, 32.482028 ], [ -87.525198, 32.655713 ], [ -87.473915, 32.655867 ], [ -87.472174, 32.83062 ], [ -87.421387, 32.830829 ], [ -87.4212, 32.874508 ], [ -87.421936, 33.003379 ], [ -87.715709, 33.006824 ], [ -87.747099, 32.965576 ], [ -87.768294, 32.898957 ], [ -87.831586, 32.864866 ], [ -87.813178, 32.810176 ], [ -87.823176, 32.765895 ], [ -87.786571, 32.682481 ], [ -87.813401, 32.633875 ], [ -87.783271, 32.605231 ], [ -87.736928, 32.589689 ], [ -87.800959, 32.558891 ], [ -87.812559, 32.52456 ], [ -87.728521, 32.524532 ], [ -87.728775, 32.499938 ], [ -87.728774, 32.498759 ], [ -87.694239, 32.4807 ], [ -87.674479, 32.480866 ], [ -87.524485, 32.482028 ] ] ] } },
{ "type": "Feature", "properties": { "geo_id": "01105", "geo_name": "Perry", "geo_level": "county", "year": 2022 }, "geometry": { "type": "Polygon", "coordinates": [ [ [ -87.47308, 32.307614 ], [ -87.421744, 32.308101 ], [ -87.423153, 32.482965 ], [ -87.112362, 32.48865 ], [ -87.081298, 32.570475 ], [ -87.041158, 32.597892 ], [ -87.047873, 32.620776 ], [ -87.017762, 32.729532 ], [ -87.019157, 32.837034 ], [ -87.319184, 32.831522 ], [ -87.319473, 32.875124 ], [ -87.4212, 32.874508 ], [ -87.421387, 32.830829 ], [ -87.472174, 32.83062 ], [ -87.473915, 32.655867 ], [ -87.525198, 32.655713 ], [ -87.524485, 32.482028 ], [ -87.52429, 32.307293 ], [ -87.47308, 32.307614 ] ] ] } },
{ "type": "Feature", "properties": { "geo_id": "01033", "geo_name": "Colbert", "geo_level": "county", "year": 2022 }, "geometry": { "type": "Polygon", "coordinates": [ [ [ -88.097888, 34.892202 ], [ -88.139988, 34.581703 ], [ -87.952122, 34.575114 ], [ -87.529667, 34.567081 ], [ -87.43306, 34.717485 ], [ -87.42651, 34.800022 ], [ -87.524363, 34.832384 ], [ -87.580637, 34.821802 ], [ -87.613694, 34.79903 ], [ -87.707572, 34.772919 ], [ -87.7603, 34.735578 ], [ -87.835833, 34.741239 ], [ -87.92029, 34.804468 ], [ -87.937212, 34.847365 ], [ -87.973222, 34.88255 ], [ -88.050792, 34.90618 ], [ -88.097888, 34.892202 ] ] ] } },
{ "type": "Feature", "properties": { "geo_id": "01063", "geo_name": "Greene", "geo_level": "county", "year": 2022 }, "geometry": { "type": "Polygon", "coordinates": [ [ [ -88.171852, 32.99586 ], [ -88.207316, 32.924782 ], [ -88.179966, 32.871675 ], [ -88.132685, 32.832853 ], [ -88.055004, 32.646482 ], [ -88.079159, 32.619684 ], [ -88.053729, 32.593052 ], [ -87.977005, 32.610781 ], [ -87.928689, 32.632284 ], [ -87.904841, 32.614576 ], [ -87.85342, 32.532086 ], [ -87.812559, 32.52456 ], [ -87.800959, 32.558891 ], [ -87.736928, 32.589689 ], [ -87.783271, 32.605231 ], [ -87.813401, 32.633875 ], [ -87.786571, 32.682481 ], [ -87.823176, 32.765895 ], [ -87.813178, 32.810176 ], [ -87.831586, 32.864866 ], [ -87.768294, 32.898957 ], [ -87.747099, 32.965576 ], [ -87.715709, 33.006824 ], [ -87.832233, 33.017258 ], [ -87.837521, 33.153637 ], [ -87.927146, 33.121104 ], [ -87.968838, 33.077641 ], [ -88.086075, 33.036247 ], [ -88.135579, 33.03656 ], [ -88.171852, 32.99586 ] ] ] } },
{ "type": "Feature", "properties": { "geo_id": "01013", "geo_name": "Butler", "geo_level": "county", "year": 2022 }, "geometry": { "type": "Polygon", "coordinates": [ [ [ -86.857583, 31.962167 ], [ -86.908939, 31.961673 ], [ -86.906899, 31.830628 ], [ -86.905899, 31.753035 ], [ -86.906769, 31.632671 ], [ -86.866302, 31.546981 ], [ -86.839386, 31.525204 ], [ -86.701554, 31.523946 ], [ -86.499213, 31.525331 ], [ -86.499533, 31.655247 ], [ -86.448635, 31.655617 ], [ -86.445978, 31.70112 ], [ -86.448198, 31.964629 ], [ -86.857583, 31.962167 ] ] ] } },
{ "type": "Feature", "properties": { "geo_id": "01081", "geo_name": "Lee", "geo_level": "county", "year": 2022 }, "geometry": { "type": "Polygon", "coordinates": [ [ [ -85.593151, 32.72853 ], [ -85.610253, 32.713929 ], [ -85.679854, 32.71253 ], [ -85.696755, 32.697429 ], [ -85.695854, 32.595933 ], [ -85.661053, 32.567935 ], [ -85.489348, 32.496937 ], [ -85.438575, 32.49709 ], [ -85.434045, 32.40984 ], [ -85.330143, 32.410842 ], [ -85.333843, 32.468639 ], [ -85.059294, 32.472909 ], [ -85.06032, 32.494903 ], [ -85.060508, 32.498722 ], [ -85.00102, 32.510157 ], [ -85.067199, 32.579306 ], [ -85.105432, 32.644934 ], [ -85.135038, 32.74653 ], [ -85.284843, 32.745131 ], [ -85.285043, 32.730731 ], [ -85.593151, 32.72853 ] ] ] } },
{ "type": "Feature", "properties": { "geo_id": "01097", "geo_name": "Mobile", "geo_level": "county", "year": 2022 }, "geometry": { "type": "Polygon", "coordinates": [ [ [ -88.432007, 31.114298 ], [ -88.425432, 30.998323 ], [ -88.412612, 30.73559 ], [ -88.384431, 30.158543 ], [ -88.347719, 30.190088 ], [ -88.310302, 30.177816 ], [ -88.162022, 30.200093 ], [ -88.13161, 30.173621 ], [ -88.060689, 30.144425 ], [ -88.037309, 30.146561 ], [ -88.037112, 30.222433 ], [ -88.000842, 30.53108 ], [ -87.990765, 30.544737 ], [ -87.987839, 30.637149 ], [ -88.000997, 30.698289 ], [ -88.026319, 30.753358 ], [ -87.987065, 30.811445 ], [ -87.944546, 30.827046 ], [ -87.980971, 30.86187 ], [ -87.949901, 30.926652 ], [ -87.963265, 30.966051 ], [ -87.957352, 31.029368 ], [ -87.941561, 31.061342 ], [ -87.975851, 31.082422 ], [ -87.939696, 31.145805 ], [ -87.972869, 31.162694 ], [ -88.022649, 31.144267 ], [ -88.329782, 31.143821 ], [ -88.329927, 31.114357 ], [ -88.432007, 31.114298 ] ] ] } },
{ "type": "Feature", "properties": { "geo_id": "01057", "geo_name": "Fayette", "geo_level": "county", "year": 2022 }, "geometry": { "type": "Polygon", "coordinates": [ [ [ -87.951785, 33.91993 ], [ -87.946519, 33.524065 ], [ -87.840683, 33.524839 ], [ -87.666661, 33.521667 ], [ -87.666633, 33.579807 ], [ -87.631718, 33.609833 ], [ -87.423701, 33.602096 ], [ -87.423843, 33.689112 ], [ -87.528338, 33.692049 ], [ -87.531602, 33.867618 ], [ -87.63604, 33.871999 ], [ -87.635932, 33.915251 ], [ -87.951785, 33.91993 ] ] ] } },
{ "type": "Feature", "properties": { "geo_id": "01017", "geo_name": "Chambers", "geo_level": "county", "year": 2022 }, "geometry": { "type": "Polygon", "coordinates": [ [ [ -85.593151, 32.72853 ], [ -85.285043, 32.730731 ], [ -85.284843, 32.745131 ], [ -85.135038, 32.74653 ], [ -85.122326, 32.774383 ], [ -85.165635, 32.808222 ], [ -85.154855, 32.839689 ], [ -85.184737, 32.870514 ], [ -85.232378, 33.108077 ], [ -85.593177, 33.10734 ], [ -85.593151, 32.72853 ] ] ] } },
{ "type": "Feature", "properties": { "geo_id": "01125", "geo_name": "Tuscaloosa", "geo_level": "county", "year": 2022 }, "geometry": { "type": "Polygon", "coordinates": [ [ [ -87.421936, 33.003379 ], [ -87.318539, 33.006179 ], [ -87.311577, 33.093933 ], [ -87.281945, 33.13306 ], [ -87.199317, 33.130657 ], [ -87.199153, 33.196554 ], [ -87.152071, 33.232484 ], [ -87.104101, 33.221457 ], [ -87.065738, 33.246907 ], [ -87.065754, 33.275937 ], [ -87.126756, 33.290844 ], [ -87.179638, 33.321112 ], [ -87.197584, 33.358134 ], [ -87.284363, 33.440578 ], [ -87.335577, 33.456251 ], [ -87.330816, 33.491501 ], [ -87.285024, 33.485785 ], [ -87.266923, 33.512929 ], [ -87.318237, 33.514166 ], [ -87.318532, 33.587393 ], [ -87.423701, 33.602096 ], [ -87.631718, 33.609833 ], [ -87.666633, 33.579807 ], [ -87.666661, 33.521667 ], [ -87.840683, 33.524839 ], [ -87.837521, 33.153637 ], [ -87.832233, 33.017258 ], [ -87.715709, 33.006824 ], [ -87.421936, 33.003379 ] ] ] } },
{ "type": "Feature", "properties": { "geo_id": "01131", "geo_name": "Wilcox", "geo_level": "county", "year": 2022 }, "geometry": { "type": "Polygon", "coordinates": [ [ [ -87.667769, 31.991355 ], [ -87.666836, 31.875747 ], [ -87.620951, 31.870395 ], [ -87.620112, 31.827123 ], [ -87.50093, 31.829251 ], [ -87.228283, 31.831418 ], [ -87.214084, 31.828498 ], [ -86.906899, 31.830628 ], [ -86.908939, 31.961673 ], [ -86.857583, 31.962167 ], [ -86.856576, 32.048352 ], [ -86.906956, 32.04797 ], [ -87.17786, 32.047514 ], [ -87.203828, 32.090984 ], [ -87.234028, 32.101694 ], [ -87.325644, 32.196272 ], [ -87.362213, 32.196081 ], [ -87.39428, 32.237329 ], [ -87.444429, 32.268889 ], [ -87.472206, 32.264919 ], [ -87.523405, 32.25483 ], [ -87.521946, 32.132816 ], [ -87.624005, 32.132345 ], [ -87.622756, 32.005482 ], [ -87.667769, 31.991355 ] ] ] } },
{ "type": "Feature", "properties": { "geo_id": "01095", "geo_name": "Marshall", "geo_level": "county", "year": 2022 }, "geometry": { "type": "Polygon", "coordinates": [ [ [ -86.149806, 34.533633 ], [ -86.148464, 34.599069 ], [ -86.326853, 34.599403 ], [ -86.311187, 34.539277 ], [ -86.412446, 34.494155 ], [ -86.425482, 34.479277 ], [ -86.499988, 34.482292 ], [ -86.533445, 34.502795 ], [ -86.550166, 34.545963 ], [ -86.58132, 34.371094 ], [ -86.581936, 34.304694 ], [ -86.477525, 34.302758 ], [ -86.45302, 34.259317 ], [ -86.409017, 34.205002 ], [ -86.303516, 34.099073 ], [ -86.206107, 34.17265 ], [ -86.106086, 34.200756 ], [ -86.110362, 34.427797 ], [ -86.057712, 34.475994 ], [ -86.149806, 34.533633 ] ] ] } },
{ "type": "Feature", "properties": { "geo_id": "01053", "geo_name": "Escambia", "geo_level": "county", "year": 2022 }, "geometry": { "type": "Polygon", "coordinates": [ [ [ -87.598829, 30.997455 ], [ -87.140755, 30.999532 ], [ -86.688317, 30.994507 ], [ -86.70022, 31.000418 ], [ -86.700282, 31.192217 ], [ -86.768632, 31.19733 ], [ -86.763961, 31.261293 ], [ -87.427455, 31.260386 ], [ -87.489206, 31.260076 ], [ -87.548993, 31.230041 ], [ -87.61589, 31.244458 ], [ -87.615431, 30.997361 ], [ -87.598829, 30.997455 ] ] ] } },
{ "type": "Feature", "properties": { "geo_id": "01083", "geo_name": "Limestone", "geo_level": "county", "year": 2022 }, "geometry": { "type": "Polygon", "coordinates": [ [ [ -87.210759, 34.999024 ], [ -87.214914, 34.816011 ], [ -87.278302, 34.773563 ], [ -87.260676, 34.758626 ], [ -87.229721, 34.764031 ], [ -87.138858, 34.724101 ], [ -87.105073, 34.686037 ], [ -86.907205, 34.579792 ], [ -86.790056, 34.55079 ], [ -86.783628, 34.991948 ], [ -87.210759, 34.999024 ] ] ] } },
{ "type": "Feature", "properties": { "geo_id": "01009", "geo_name": "Blount", "geo_level": "county", "year": 2022 }, "geometry": { "type": "Polygon", "coordinates": [ [ [ -86.577799, 33.765316 ], [ -86.577528, 33.801977 ], [ -86.521771, 33.801901 ], [ -86.405981, 33.835896 ], [ -86.339338, 33.894843 ], [ -86.325622, 33.940147 ], [ -86.332388, 34.04648 ], [ -86.303516, 34.099073 ], [ -86.409017, 34.205002 ], [ -86.45302, 34.259317 ], [ -86.519603, 34.251766 ], [ -86.55697, 34.17885 ], [ -86.599785, 34.12172 ], [ -86.624127, 34.122211 ], [ -86.687697, 34.080735 ], [ -86.709746, 34.029047 ], [ -86.761007, 33.995681 ], [ -86.763999, 33.974187 ], [ -86.821564, 33.957133 ], [ -86.886022, 33.917432 ], [ -86.924387, 33.909222 ], [ -86.932324, 33.867292 ], [ -86.963358, 33.858221 ], [ -86.953664, 33.815297 ], [ -86.883947, 33.843237 ], [ -86.759144, 33.840617 ], [ -86.64529, 33.773012 ], [ -86.577799, 33.765316 ] ] ] } },
{ "type": "Feature", "properties": { "geo_id": "01099", "geo_name": "Monroe", "geo_level": "county", "year": 2022 }, "geometry": { "type": "Polygon", "coordinates": [ [ [ -87.427455, 31.260386 ], [ -87.359763, 31.317747 ], [ -87.296721, 31.401278 ], [ -87.227797, 31.454363 ], [ -87.208551, 31.457285 ], [ -87.166581, 31.519561 ], [ -87.135051, 31.642417 ], [ -87.055967, 31.677381 ], [ -87.052284, 31.716761 ], [ -86.98932, 31.718562 ], [ -86.905899, 31.753035 ], [ -86.906899, 31.830628 ], [ -87.214084, 31.828498 ], [ -87.228283, 31.831418 ], [ -87.50093, 31.829251 ], [ -87.518363, 31.814386 ], [ -87.516131, 31.697824 ], [ -87.566841, 31.697115 ], [ -87.565413, 31.553573 ], [ -87.619844, 31.519049 ], [ -87.565708, 31.481683 ], [ -87.574727, 31.433827 ], [ -87.603137, 31.409556 ], [ -87.665572, 31.423166 ], [ -87.706045, 31.400957 ], [ -87.722758, 31.343621 ], [ -87.781681, 31.33333 ], [ -87.765152, 31.297346 ], [ -87.712365, 31.301132 ], [ -87.676419, 31.261992 ], [ -87.61589, 31.244458 ], [ -87.548993, 31.230041 ], [ -87.489206, 31.260076 ], [ -87.427455, 31.260386 ] ] ] } },
{ "type": "Feature", "properties": { "geo_id": "01093", "geo_name": "Marion", "geo_level": "county", "year": 2022 }, "geometry": { "type": "Polygon", "coordinates": [ [ [ -88.203864, 34.086564 ], [ -88.207229, 34.058333 ], [ -87.98693, 34.052102 ], [ -87.951929, 34.022202 ], [ -87.951785, 33.91993 ], [ -87.635932, 33.915251 ], [ -87.636118, 34.002203 ], [ -87.634725, 34.306997 ], [ -87.939933, 34.313196 ], [ -88.173632, 34.321054 ], [ -88.203864, 34.086564 ] ] ] } },
{ "type": "Feature", "properties": { "geo_id": "01085", "geo_name": "Lowndes", "geo_level": "county", "year": 2022 }, "geometry": { "type": "Polygon", "coordinates": [ [ [ -86.857583, 31.962167 ], [ -86.448198, 31.964629 ], [ -86.405005, 31.963775 ], [ -86.406276, 32.050731 ], [ -86.408771, 32.244309 ], [ -86.48965, 32.293353 ], [ -86.473415, 32.324126 ], [ -86.496774, 32.344437 ], [ -86.542537, 32.363517 ], [ -86.614841, 32.374266 ], [ -86.653419, 32.397247 ], [ -86.678795, 32.355359 ], [ -86.711337, 32.360767 ], [ -86.717897, 32.402814 ], [ -86.781354, 32.392494 ], [ -86.773163, 32.340728 ], [ -86.814912, 32.340803 ], [ -86.82606, 32.305957 ], [ -86.864563, 32.274704 ], [ -86.839758, 32.24121 ], [ -86.908302, 32.225028 ], [ -86.906956, 32.04797 ], [ -86.856576, 32.048352 ], [ -86.857583, 31.962167 ] ] ] } },
{ "type": "Feature", "properties": { "geo_id": "01037", "geo_name": "Coosa", "geo_level": "county", "year": 2022 }, "geometry": { "type": "Polygon", "coordinates": [ [ [ -86.007187, 32.754984 ], [ -86.00917, 33.09026 ], [ -86.009313, 33.104642 ], [ -86.17437, 33.104394 ], [ -86.491029, 33.102944 ], [ -86.512106, 33.085876 ], [ -86.517344, 33.020566 ], [ -86.515959, 32.929361 ], [ -86.478711, 32.872659 ], [ -86.447628, 32.851129 ], [ -86.457015, 32.813899 ], [ -86.374974, 32.75358 ], [ -86.007187, 32.754984 ] ] ] } },
{ "type": "Feature", "properties": { "geo_id": "01109", "geo_name": "Pike", "geo_level": "county", "year": 2022 }, "geometry": { "type": "Polygon", "coordinates": [ [ [ -86.145895, 31.617741 ], [ -85.789142, 31.617964 ], [ -85.748251, 31.618048 ], [ -85.716961, 31.655071 ], [ -85.700723, 31.742387 ], [ -85.662692, 31.783319 ], [ -85.677672, 31.852244 ], [ -85.657668, 31.880275 ], [ -85.791047, 31.880357 ], [ -85.790048, 31.967254 ], [ -85.88435, 31.967253 ], [ -85.893652, 32.047351 ], [ -85.996853, 32.051049 ], [ -85.995563, 31.967554 ], [ -86.191379, 31.966453 ], [ -86.174969, 31.930597 ], [ -86.182949, 31.83239 ], [ -86.199378, 31.79045 ], [ -86.148339, 31.790951 ], [ -86.145895, 31.617741 ] ] ] } },
{ "type": "Feature", "properties": { "geo_id": "01119", "geo_name": "Sumter", "geo_level": "county", "year": 2022 }, "geometry": { "type": "Polygon", "coordinates": [ [ [ -88.388797, 32.578123 ], [ -88.421453, 32.30868 ], [ -88.209112, 32.307574 ], [ -87.930661, 32.310574 ], [ -87.970943, 32.344347 ], [ -88.046335, 32.377087 ], [ -88.031623, 32.43361 ], [ -87.956211, 32.470405 ], [ -87.901264, 32.523172 ], [ -87.85342, 32.532086 ], [ -87.904841, 32.614576 ], [ -87.928689, 32.632284 ], [ -87.977005, 32.610781 ], [ -88.053729, 32.593052 ], [ -88.079159, 32.619684 ], [ -88.055004, 32.646482 ], [ -88.132685, 32.832853 ], [ -88.179966, 32.871675 ], [ -88.207316, 32.924782 ], [ -88.171852, 32.99586 ], [ -88.340432, 32.991199 ], [ -88.347887, 32.929082 ], [ -88.388797, 32.578123 ] ] ] } },
{ "type": "Feature", "properties": { "geo_id": "01133", "geo_name": "Winston", "geo_level": "county", "year": 2022 }, "geometry": { "type": "Polygon", "coordinates": [ [ [ -87.634725, 34.306997 ], [ -87.636118, 34.002203 ], [ -87.500021, 33.996627 ], [ -87.151036, 33.993225 ], [ -87.111992, 33.992385 ], [ -87.109911, 34.299299 ], [ -87.302487, 34.299401 ], [ -87.529722, 34.304598 ], [ -87.634725, 34.306997 ] ] ] } },
{ "type": "Feature", "properties": { "geo_id": "01121", "geo_name": "Talladega", "geo_level": "county", "year": 2022 }, "geometry": { "type": "Polygon", "coordinates": [ [ [ -86.145562, 33.679098 ], [ -86.172437, 33.659831 ], [ -86.16948, 33.619236 ], [ -86.221017, 33.587919 ], [ -86.189812, 33.547238 ], [ -86.253259, 33.488844 ], [ -86.286344, 33.504489 ], [ -86.307327, 33.454532 ], [ -86.378665, 33.390983 ], [ -86.35734, 33.296917 ], [ -86.458026, 33.241434 ], [ -86.460978, 33.20293 ], [ -86.503127, 33.179144 ], [ -86.459926, 33.125117 ], [ -86.491029, 33.102944 ], [ -86.17437, 33.104394 ], [ -86.17283, 33.195681 ], [ -86.120567, 33.194511 ], [ -86.118198, 33.29632 ], [ -85.980293, 33.29419 ], [ -85.976525, 33.38187 ], [ -85.923762, 33.396206 ], [ -85.922817, 33.454576 ], [ -85.904909, 33.498655 ], [ -85.85189, 33.498742 ], [ -85.796054, 33.55622 ], [ -85.794559, 33.585565 ], [ -85.994935, 33.586475 ], [ -86.021707, 33.601172 ], [ -86.026401, 33.647197 ], [ -86.050669, 33.67459 ], [ -86.145562, 33.679098 ] ] ] } },
{ "type": "Feature", "properties": { "geo_id": "01071", "geo_name": "Jackson", "geo_level": "county", "year": 2022 }, "geometry": { "type": "Polygon", "coordinates": [ [ [ -86.057712, 34.475994 ], [ -86.00384, 34.480031 ], [ -85.785471, 34.624584 ], [ -85.693037, 34.74425 ], [ -85.660198, 34.754963 ], [ -85.627068, 34.831879 ], [ -85.583145, 34.860371 ], [ -85.605165, 34.984678 ], [ -86.311274, 34.991098 ], [ -86.293259, 34.945045 ], [ -86.351123, 34.873265 ], [ -86.339709, 34.7532 ], [ -86.358121, 34.735034 ], [ -86.359034, 34.63261 ], [ -86.326853, 34.599403 ], [ -86.148464, 34.599069 ], [ -86.149806, 34.533633 ], [ -86.057712, 34.475994 ] ] ] } },
{ "type": "Feature", "properties": { "geo_id": "01003", "geo_name": "Baldwin", "geo_level": "county", "year": 2022 }, "geometry": { "type": "Polygon", "coordinates": [ [ [ -87.972869, 31.162694 ], [ -87.939696, 31.145805 ], [ -87.975851, 31.082422 ], [ -87.941561, 31.061342 ], [ -87.957352, 31.029368 ], [ -87.963265, 30.966051 ], [ -87.949901, 30.926652 ], [ -87.980971, 30.86187 ], [ -87.944546, 30.827046 ], [ -87.987065, 30.811445 ], [ -88.026319, 30.753358 ], [ -88.000997, 30.698289 ], [ -87.987839, 30.637149 ], [ -87.990765, 30.544737 ], [ -88.000842, 30.53108 ], [ -88.037112, 30.222433 ], [ -88.037309, 30.146561 ], [ -88.003618, 30.173417 ], [ -87.925756, 30.179561 ], [ -87.807153, 30.177378 ], [ -87.647824, 30.199211 ], [ -87.518346, 30.229506 ], [ -87.51838, 30.283901 ], [ -87.49998, 30.328957 ], [ -87.450778, 30.346999 ], [ -87.440678, 30.391498 ], [ -87.369383, 30.431948 ], [ -87.435578, 30.480496 ], [ -87.445103, 30.528909 ], [ -87.408018, 30.583701 ], [ -87.393294, 30.627218 ], [ -87.406356, 30.674437 ], [ -87.501502, 30.721092 ], [ -87.544789, 30.778395 ], [ -87.626224, 30.846664 ], [ -87.62027, 30.887404 ], [ -87.588862, 30.96579 ], [ -87.598829, 30.997455 ], [ -87.615431, 30.997361 ], [ -87.61589, 31.244458 ], [ -87.676419, 31.261992 ], [ -87.712365, 31.301132 ], [ -87.765152, 31.297346 ], [ -87.785523, 31.27579 ], [ -87.828313, 31.275304 ], [ -87.873887, 31.201496 ], [ -87.946588, 31.19293 ], [ -87.972869, 31.162694 ] ] ] } },
{ "type": "Feature", "properties": { "geo_id": "01011", "geo_name": "Bullock", "geo_level": "county", "year": 2022 }, "geometry": { "type": "Polygon", "coordinates": [ [ [ -85.657668, 31.880275 ], [ -85.648767, 31.911615 ], [ -85.587344, 31.997355 ], [ -85.512643, 32.014055 ], [ -85.428476, 32.014951 ], [ -85.427442, 32.13935 ], [ -85.410241, 32.146651 ], [ -85.427441, 32.146551 ], [ -85.433543, 32.234648 ], [ -85.856218, 32.231975 ], [ -85.877868, 32.291528 ], [ -85.919293, 32.274382 ], [ -85.986557, 32.272342 ], [ -85.999157, 32.250543 ], [ -85.996853, 32.051049 ], [ -85.893652, 32.047351 ], [ -85.88435, 31.967253 ], [ -85.790048, 31.967254 ], [ -85.791047, 31.880357 ], [ -85.657668, 31.880275 ] ] ] } },
{ "type": "Feature", "properties": { "geo_id": "01001", "geo_name": "Autauga", "geo_level": "county", "year": 2022 }, "geometry": { "type": "Polygon", "coordinates": [ [ [ -86.814912, 32.340803 ], [ -86.773163, 32.340728 ], [ -86.781354, 32.392494 ], [ -86.717897, 32.402814 ], [ -86.711337, 32.360767 ], [ -86.678795, 32.355359 ], [ -86.653419, 32.397247 ], [ -86.614841, 32.374266 ], [ -86.542537, 32.363517 ], [ -86.496774, 32.344437 ], [ -86.444721, 32.399841 ], [ -86.411172, 32.409937 ], [ -86.413116, 32.707386 ], [ -86.714219, 32.705694 ], [ -86.71339, 32.661732 ], [ -86.917595, 32.664169 ], [ -86.898304, 32.567687 ], [ -86.906742, 32.536977 ], [ -86.849898, 32.438325 ], [ -86.814912, 32.340803 ] ] ] } },
{ "type": "Feature", "properties": { "geo_id": "01087", "geo_name": "Macon", "geo_level": "county", "year": 2022 }, "geometry": { "type": "Polygon", "coordinates": [ [ [ -85.919293, 32.274382 ], [ -85.877868, 32.291528 ], [ -85.856218, 32.231975 ], [ -85.433543, 32.234648 ], [ -85.434045, 32.40984 ], [ -85.438575, 32.49709 ], [ -85.489348, 32.496937 ], [ -85.661053, 32.567935 ], [ -85.695854, 32.595933 ], [ -85.712654, 32.581834 ], [ -85.798585, 32.581089 ], [ -85.797156, 32.494236 ], [ -85.886148, 32.493053 ], [ -85.89442, 32.447578 ], [ -85.974344, 32.446275 ], [ -86.023012, 32.419978 ], [ -85.989088, 32.33482 ], [ -85.919293, 32.274382 ] ] ] } },
{ "type": "Feature", "properties": { "geo_id": "01115", "geo_name": "St. Clair", "geo_level": "county", "year": 2022 }, "geometry": { "type": "Polygon", "coordinates": [ [ [ -86.378665, 33.390983 ], [ -86.307327, 33.454532 ], [ -86.286344, 33.504489 ], [ -86.253259, 33.488844 ], [ -86.189812, 33.547238 ], [ -86.221017, 33.587919 ], [ -86.16948, 33.619236 ], [ -86.172437, 33.659831 ], [ -86.145562, 33.679098 ], [ -86.137396, 33.715351 ], [ -86.043993, 33.763595 ], [ -86.064364, 33.797775 ], [ -86.065272, 33.842198 ], [ -86.119099, 33.900145 ], [ -86.166708, 33.9282 ], [ -86.168141, 33.965181 ], [ -86.215525, 33.987421 ], [ -86.246658, 33.971544 ], [ -86.290127, 33.983719 ], [ -86.325622, 33.940147 ], [ -86.339338, 33.894843 ], [ -86.405981, 33.835896 ], [ -86.521771, 33.801901 ], [ -86.577528, 33.801977 ], [ -86.577799, 33.765316 ], [ -86.542758, 33.765154 ], [ -86.525073, 33.721236 ], [ -86.529778, 33.648806 ], [ -86.531732, 33.648848 ], [ -86.533638, 33.638857 ], [ -86.533633, 33.637194 ], [ -86.551345, 33.61997 ], [ -86.551986, 33.560889 ], [ -86.516783, 33.54602 ], [ -86.481549, 33.546073 ], [ -86.481939, 33.502544 ], [ -86.378222, 33.502411 ], [ -86.378665, 33.390983 ] ] ] } },
{ "type": "Feature", "properties": { "geo_id": "01023", "geo_name": "Choctaw", "geo_level": "county", "year": 2022 }, "geometry": { "type": "Polygon", "coordinates": [ [ [ -88.431379, 32.227666 ], [ -88.473227, 31.893856 ], [ -88.46443, 31.697952 ], [ -88.088288, 31.699303 ], [ -88.104918, 31.760798 ], [ -88.142624, 31.752491 ], [ -88.180384, 31.814546 ], [ -88.141987, 31.86436 ], [ -88.129434, 31.904936 ], [ -88.088645, 31.910775 ], [ -88.07349, 31.990182 ], [ -88.117433, 32.01682 ], [ -88.114087, 32.058056 ], [ -88.070615, 32.0617 ], [ -88.035812, 32.14501 ], [ -88.007077, 32.185313 ], [ -88.019145, 32.28524 ], [ -87.930661, 32.310574 ], [ -88.209112, 32.307574 ], [ -88.421453, 32.30868 ], [ -88.431379, 32.227666 ] ] ] } },
{ "type": "Feature", "properties": { "geo_id": "01043", "geo_name": "Cullman", "geo_level": "county", "year": 2022 }, "geometry": { "type": "Polygon", "coordinates": [ [ [ -86.963358, 33.858221 ], [ -86.932324, 33.867292 ], [ -86.924387, 33.909222 ], [ -86.886022, 33.917432 ], [ -86.821564, 33.957133 ], [ -86.763999, 33.974187 ], [ -86.761007, 33.995681 ], [ -86.709746, 34.029047 ], [ -86.687697, 34.080735 ], [ -86.624127, 34.122211 ], [ -86.599785, 34.12172 ], [ -86.55697, 34.17885 ], [ -86.519603, 34.251766 ], [ -86.45302, 34.259317 ], [ -86.477525, 34.302758 ], [ -86.581936, 34.304694 ], [ -87.110111, 34.313799 ], [ -87.109911, 34.299299 ], [ -87.111992, 33.992385 ], [ -87.151036, 33.993225 ], [ -87.085584, 33.919164 ], [ -87.091836, 33.890093 ], [ -87.007077, 33.888927 ], [ -86.963358, 33.858221 ] ] ] } },
{ "type": "Feature", "properties": { "geo_id": "01117", "geo_name": "Shelby", "geo_level": "county", "year": 2022 }, "geometry": { "type": "Polygon", "coordinates": [ [ [ -86.378665, 33.390983 ], [ -86.378222, 33.502411 ], [ -86.481939, 33.502544 ], [ -86.481549, 33.546073 ], [ -86.516783, 33.54602 ], [ -86.560624, 33.517512 ], [ -86.604626, 33.467051 ], [ -86.674418, 33.466521 ], [ -86.717877, 33.416192 ], [ -86.748131, 33.417085 ], [ -86.748884, 33.417111 ], [ -86.748922, 33.417112 ], [ -86.749206, 33.417122 ], [ -86.752348, 33.41542 ], [ -86.75235, 33.414834 ], [ -86.778644, 33.366878 ], [ -86.830401, 33.360768 ], [ -86.830688, 33.332015 ], [ -86.882566, 33.325648 ], [ -86.969575, 33.267474 ], [ -87.026846, 33.246459 ], [ -87.025596, 33.165795 ], [ -86.969563, 33.158135 ], [ -86.969291, 33.098397 ], [ -86.933972, 33.064059 ], [ -86.881182, 33.049901 ], [ -86.881638, 33.071861 ], [ -86.610003, 33.070003 ], [ -86.552759, 33.018664 ], [ -86.517344, 33.020566 ], [ -86.512106, 33.085876 ], [ -86.491029, 33.102944 ], [ -86.459926, 33.125117 ], [ -86.503127, 33.179144 ], [ -86.460978, 33.20293 ], [ -86.458026, 33.241434 ], [ -86.35734, 33.296917 ], [ -86.378665, 33.390983 ] ] ] } },
{ "type": "Feature", "properties": { "geo_id": "01047", "geo_name": "Dallas", "geo_level": "county", "year": 2022 }, "geometry": { "type": "Polygon", "coordinates": [ [ [ -86.906956, 32.04797 ], [ -86.908302, 32.225028 ], [ -86.839758, 32.24121 ], [ -86.864563, 32.274704 ], [ -86.82606, 32.305957 ], [ -86.814912, 32.340803 ], [ -86.849898, 32.438325 ], [ -86.906742, 32.536977 ], [ -86.898304, 32.567687 ], [ -86.917595, 32.664169 ], [ -87.01766, 32.663269 ], [ -87.017762, 32.729532 ], [ -87.047873, 32.620776 ], [ -87.041158, 32.597892 ], [ -87.081298, 32.570475 ], [ -87.112362, 32.48865 ], [ -87.423153, 32.482965 ], [ -87.421744, 32.308101 ], [ -87.47308, 32.307614 ], [ -87.472206, 32.264919 ], [ -87.444429, 32.268889 ], [ -87.39428, 32.237329 ], [ -87.362213, 32.196081 ], [ -87.325644, 32.196272 ], [ -87.234028, 32.101694 ], [ -87.203828, 32.090984 ], [ -87.17786, 32.047514 ], [ -86.906956, 32.04797 ] ] ] } },
{ "type": "Feature", "properties": { "geo_id": "01107", "geo_name": "Pickens", "geo_level": "county", "year": 2022 }, "geometry": { "type": "Polygon", "coordinates": [ [ [ -87.837521, 33.153637 ], [ -87.840683, 33.524839 ], [ -87.946519, 33.524065 ], [ -88.274619, 33.534008 ], [ -88.304434, 33.28832 ], [ -88.340432, 32.991199 ], [ -88.171852, 32.99586 ], [ -88.135579, 33.03656 ], [ -88.086075, 33.036247 ], [ -87.968838, 33.077641 ], [ -87.927146, 33.121104 ], [ -87.837521, 33.153637 ] ] ] } },
{ "type": "Feature", "properties": { "geo_id": "01077", "geo_name": "Lauderdale", "geo_level": "county", "year": 2022 }, "geometry": { "type": "Polygon", "coordinates": [ [ [ -88.097888, 34.892202 ], [ -88.050792, 34.90618 ], [ -87.973222, 34.88255 ], [ -87.937212, 34.847365 ], [ -87.92029, 34.804468 ], [ -87.835833, 34.741239 ], [ -87.7603, 34.735578 ], [ -87.707572, 34.772919 ], [ -87.613694, 34.79903 ], [ -87.580637, 34.821802 ], [ -87.524363, 34.832384 ], [ -87.42651, 34.800022 ], [ -87.344224, 34.796493 ], [ -87.297905, 34.750812 ], [ -87.260676, 34.758626 ], [ -87.278302, 34.773563 ], [ -87.214914, 34.816011 ], [ -87.210759, 34.999024 ], [ -87.662256, 35.003537 ], [ -88.202959, 35.008028 ], [ -88.200064, 34.995634 ], [ -88.152413, 34.919741 ], [ -88.097888, 34.892202 ] ] ] } },
{ "type": "Feature", "properties": { "geo_id": "01029", "geo_name": "Cleburne", "geo_level": "county", "year": 2022 }, "geometry": { "type": "Polygon", "coordinates": [ [ [ -85.643482, 33.495885 ], [ -85.331061, 33.491014 ], [ -85.304439, 33.482884 ], [ -85.398837, 33.964129 ], [ -85.495289, 33.95691 ], [ -85.530094, 33.941423 ], [ -85.532482, 33.889152 ], [ -85.601858, 33.88975 ], [ -85.637014, 33.875944 ], [ -85.637126, 33.846497 ], [ -85.585201, 33.84592 ], [ -85.585985, 33.802095 ], [ -85.638049, 33.773339 ], [ -85.638579, 33.648413 ], [ -85.65581, 33.627166 ], [ -85.7423, 33.600006 ], [ -85.744118, 33.556075 ], [ -85.796054, 33.55622 ], [ -85.85189, 33.498742 ], [ -85.870053, 33.476757 ], [ -85.782735, 33.469349 ], [ -85.765427, 33.498593 ], [ -85.643482, 33.495885 ] ] ] } },
{ "type": "Feature", "properties": { "geo_id": "01005", "geo_name": "Barbour", "geo_level": "county", "year": 2022 }, "geometry": { "type": "Polygon", "coordinates": [ [ [ -85.416437, 31.619466 ], [ -85.416038, 31.706664 ], [ -85.216076, 31.702409 ], [ -85.206034, 31.741813 ], [ -85.151236, 31.774364 ], [ -85.127329, 31.762563 ], [ -85.140731, 31.857461 ], [ -85.08213, 31.944658 ], [ -85.055075, 32.010714 ], [ -85.056029, 32.063055 ], [ -85.185067, 32.061708 ], [ -85.245495, 32.119143 ], [ -85.257747, 32.148251 ], [ -85.410241, 32.146651 ], [ -85.427442, 32.13935 ], [ -85.428476, 32.014951 ], [ -85.512643, 32.014055 ], [ -85.587344, 31.997355 ], [ -85.648767, 31.911615 ], [ -85.657668, 31.880275 ], [ -85.677672, 31.852244 ], [ -85.662692, 31.783319 ], [ -85.700723, 31.742387 ], [ -85.716961, 31.655071 ], [ -85.748251, 31.618048 ], [ -85.416437, 31.619466 ] ] ] } },
{ "type": "Feature", "properties": { "geo_id": "01061", "geo_name": "Geneva", "geo_level": "county", "year": 2022 }, "geometry": { "type": "Polygon", "coordinates": [ [ [ -86.187246, 30.994021 ], [ -85.874931, 30.993618 ], [ -85.488298, 30.997064 ], [ -85.48576, 31.199886 ], [ -85.710333, 31.195173 ], [ -85.791402, 31.196349 ], [ -86.193476, 31.192213 ], [ -86.187246, 30.994021 ] ] ] } },
{ "type": "Feature", "properties": { "geo_id": "01045", "geo_name": "Dale", "geo_level": "county", "year": 2022 }, "geometry": { "type": "Polygon", "coordinates": [ [ [ -85.710333, 31.195173 ], [ -85.665775, 31.267591 ], [ -85.602956, 31.272378 ], [ -85.485854, 31.246096 ], [ -85.485442, 31.287095 ], [ -85.417065, 31.286188 ], [ -85.417434, 31.314973 ], [ -85.416437, 31.619466 ], [ -85.748251, 31.618048 ], [ -85.789142, 31.617964 ], [ -85.791402, 31.196349 ], [ -85.710333, 31.195173 ] ] ] } },
{ "type": "Feature", "properties": { "geo_id": "01123", "geo_name": "Tallapoosa", "geo_level": "county", "year": 2022 }, "geometry": { "type": "Polygon", "coordinates": [ [ [ -85.695854, 32.595933 ], [ -85.696755, 32.697429 ], [ -85.679854, 32.71253 ], [ -85.610253, 32.713929 ], [ -85.593151, 32.72853 ], [ -85.593177, 33.10734 ], [ -85.653654, 33.106634 ], [ -85.974715, 33.105286 ], [ -86.00917, 33.09026 ], [ -86.007187, 32.754984 ], [ -85.87986, 32.754528 ], [ -85.911714, 32.67784 ], [ -85.887747, 32.64761 ], [ -85.894559, 32.603132 ], [ -85.886148, 32.493053 ], [ -85.797156, 32.494236 ], [ -85.798585, 32.581089 ], [ -85.712654, 32.581834 ], [ -85.695854, 32.595933 ] ] ] } },
{ "type": "Feature", "properties": { "geo_id": "01025", "geo_name": "Clarke", "geo_level": "county", "year": 2022 }, "geometry": { "type": "Polygon", "coordinates": [ [ [ -87.765152, 31.297346 ], [ -87.781681, 31.33333 ], [ -87.722758, 31.343621 ], [ -87.706045, 31.400957 ], [ -87.665572, 31.423166 ], [ -87.603137, 31.409556 ], [ -87.574727, 31.433827 ], [ -87.565708, 31.481683 ], [ -87.619844, 31.519049 ], [ -87.565413, 31.553573 ], [ -87.566841, 31.697115 ], [ -87.516131, 31.697824 ], [ -87.518363, 31.814386 ], [ -87.50093, 31.829251 ], [ -87.620112, 31.827123 ], [ -87.620951, 31.870395 ], [ -87.666836, 31.875747 ], [ -87.667769, 31.991355 ], [ -88.07349, 31.990182 ], [ -88.088645, 31.910775 ], [ -88.129434, 31.904936 ], [ -88.141987, 31.86436 ], [ -88.180384, 31.814546 ], [ -88.142624, 31.752491 ], [ -88.104918, 31.760798 ], [ -88.088288, 31.699303 ], [ -88.072234, 31.5945 ], [ -88.031277, 31.560494 ], [ -87.942514, 31.526719 ], [ -87.907399, 31.494438 ], [ -87.921979, 31.436537 ], [ -87.888857, 31.364023 ], [ -87.924525, 31.312907 ], [ -87.950795, 31.299463 ], [ -87.963378, 31.250171 ], [ -87.931333, 31.224554 ], [ -87.946588, 31.19293 ], [ -87.873887, 31.201496 ], [ -87.828313, 31.275304 ], [ -87.785523, 31.27579 ], [ -87.765152, 31.297346 ] ] ] } },
{ "type": "Feature", "properties": { "geo_id": "01069", "geo_name": "Houston", "geo_level": "county", "year": 2022 }, "geometry": { "type": "Polygon", "coordinates": [ [ [ -85.488298, 30.997064 ], [ -85.243632, 31.000884 ], [ -85.002499, 31.000685 ], [ -85.011391, 31.053547 ], [ -85.037062, 31.109753 ], [ -85.099647, 31.164942 ], [ -85.096843, 31.225239 ], [ -85.113261, 31.264343 ], [ -85.087651, 31.308677 ], [ -85.179131, 31.307675 ], [ -85.417434, 31.314973 ], [ -85.417065, 31.286188 ], [ -85.485442, 31.287095 ], [ -85.485854, 31.246096 ], [ -85.602956, 31.272378 ], [ -85.665775, 31.267591 ], [ -85.710333, 31.195173 ], [ -85.48576, 31.199886 ], [ -85.488298, 30.997064 ] ] ] } },
{ "type": "Feature", "properties": { "geo_id": "01129", "geo_name": "Washington", "geo_level": "county", "year": 2022 }, "geometry": { "type": "Polygon", "coordinates": [ [ [ -88.432007, 31.114298 ], [ -88.329927, 31.114357 ], [ -88.329782, 31.143821 ], [ -88.022649, 31.144267 ], [ -87.972869, 31.162694 ], [ -87.946588, 31.19293 ], [ -87.931333, 31.224554 ], [ -87.963378, 31.250171 ], [ -87.950795, 31.299463 ], [ -87.924525, 31.312907 ], [ -87.888857, 31.364023 ], [ -87.921979, 31.436537 ], [ -87.907399, 31.494438 ], [ -87.942514, 31.526719 ], [ -88.031277, 31.560494 ], [ -88.072234, 31.5945 ], [ -88.088288, 31.699303 ], [ -88.46443, 31.697952 ], [ -88.449438, 31.435837 ], [ -88.432007, 31.114298 ] ] ] } },
{ "type": "Feature", "properties": { "geo_id": "01089", "geo_name": "Madison", "geo_level": "county", "year": 2022 }, "geometry": { "type": "Polygon", "coordinates": [ [ [ -86.326853, 34.599403 ], [ -86.359034, 34.63261 ], [ -86.358121, 34.735034 ], [ -86.339709, 34.7532 ], [ -86.351123, 34.873265 ], [ -86.293259, 34.945045 ], [ -86.311274, 34.991098 ], [ -86.783628, 34.991948 ], [ -86.790056, 34.55079 ], [ -86.753138, 34.555672 ], [ -86.689353, 34.586425 ], [ -86.646393, 34.548921 ], [ -86.614169, 34.577227 ], [ -86.577047, 34.580603 ], [ -86.550166, 34.545963 ], [ -86.533445, 34.502795 ], [ -86.499988, 34.482292 ], [ -86.425482, 34.479277 ], [ -86.412446, 34.494155 ], [ -86.311187, 34.539277 ], [ -86.326853, 34.599403 ] ] ] } },
{ "type": "Feature", "properties": { "geo_id": "01041", "geo_name": "Crenshaw", "geo_level": "county", "year": 2022 }, "geometry": { "type": "Polygon", "coordinates": [ [ [ -86.448198, 31.964629 ], [ -86.445978, 31.70112 ], [ -86.448635, 31.655617 ], [ -86.499533, 31.655247 ], [ -86.499213, 31.525331 ], [ -86.39994, 31.527128 ], [ -86.398536, 31.451325 ], [ -86.280155, 31.52851 ], [ -86.277031, 31.455602 ], [ -86.261876, 31.441168 ], [ -86.193951, 31.440072 ], [ -86.194784, 31.529949 ], [ -86.14395, 31.537675 ], [ -86.145895, 31.617741 ], [ -86.148339, 31.790951 ], [ -86.199378, 31.79045 ], [ -86.182949, 31.83239 ], [ -86.174969, 31.930597 ], [ -86.191379, 31.966453 ], [ -86.302217, 31.965065 ], [ -86.303616, 32.051664 ], [ -86.406276, 32.050731 ], [ -86.405005, 31.963775 ], [ -86.448198, 31.964629 ] ] ] } },
{ "type": "Feature", "properties": { "geo_id": "01015", "geo_name": "Calhoun", "geo_level": "county", "year": 2022 }, "geometry": { "type": "Polygon", "coordinates": [ [ [ -85.796054, 33.55622 ], [ -85.744118, 33.556075 ], [ -85.7423, 33.600006 ], [ -85.65581, 33.627166 ], [ -85.638579, 33.648413 ], [ -85.638049, 33.773339 ], [ -85.585985, 33.802095 ], [ -85.585201, 33.84592 ], [ -85.637126, 33.846497 ], [ -85.637014, 33.875944 ], [ -85.601858, 33.88975 ], [ -85.532482, 33.889152 ], [ -85.530094, 33.941423 ], [ -85.529432, 33.95598 ], [ -85.738975, 33.96846 ], [ -85.740968, 33.935301 ], [ -85.881768, 33.950299 ], [ -85.899568, 33.906399 ], [ -85.96917, 33.914598 ], [ -85.995169, 33.864897 ], [ -86.065272, 33.842198 ], [ -86.064364, 33.797775 ], [ -86.043993, 33.763595 ], [ -86.137396, 33.715351 ], [ -86.145562, 33.679098 ], [ -86.050669, 33.67459 ], [ -86.026401, 33.647197 ], [ -86.021707, 33.601172 ], [ -85.994935, 33.586475 ], [ -85.794559, 33.585565 ], [ -85.796054, 33.55622 ] ] ] } },
{ "type": "Feature", "properties": { "geo_id": "01079", "geo_name": "Lawrence", "geo_level": "county", "year": 2022 }, "geometry": { "type": "Polygon", "coordinates": [ [ [ -87.110111, 34.313799 ], [ -87.105073, 34.686037 ], [ -87.138858, 34.724101 ], [ -87.229721, 34.764031 ], [ -87.260676, 34.758626 ], [ -87.297905, 34.750812 ], [ -87.344224, 34.796493 ], [ -87.42651, 34.800022 ], [ -87.43306, 34.717485 ], [ -87.529667, 34.567081 ], [ -87.529722, 34.304598 ], [ -87.302487, 34.299401 ], [ -87.109911, 34.299299 ], [ -87.110111, 34.313799 ] ] ] } },
{ "type": "Feature", "properties": { "geo_id": "01103", "geo_name": "Morgan", "geo_level": "county", "year": 2022 }, "geometry": { "type": "Polygon", "coordinates": [ [ [ -86.550166, 34.545963 ], [ -86.577047, 34.580603 ], [ -86.614169, 34.577227 ], [ -86.646393, 34.548921 ], [ -86.689353, 34.586425 ], [ -86.753138, 34.555672 ], [ -86.790056, 34.55079 ], [ -86.907205, 34.579792 ], [ -87.105073, 34.686037 ], [ -87.110111, 34.313799 ], [ -86.581936, 34.304694 ], [ -86.58132, 34.371094 ], [ -86.550166, 34.545963 ] ] ] } },
{ "type": "Feature", "properties": { "geo_id": "01075", "geo_name": "Lamar", "geo_level": "county", "year": 2022 }, "geometry": { "type": "Polygon", "coordinates": [ [ [ -88.207229, 34.058333 ], [ -88.248916, 33.744977 ], [ -88.274619, 33.534008 ], [ -87.946519, 33.524065 ], [ -87.951785, 33.91993 ], [ -87.951929, 34.022202 ], [ -87.98693, 34.052102 ], [ -88.207229, 34.058333 ] ] ] } },
{ "type": "Feature", "properties": { "geo_id": "01113", "geo_name": "Russell", "geo_level": "county", "year": 2022 }, "geometry": { "type": "Polygon", "coordinates": [ [ [ -85.06032, 32.494903 ], [ -85.059294, 32.472909 ], [ -85.333843, 32.468639 ], [ -85.330143, 32.410842 ], [ -85.434045, 32.40984 ], [ -85.433543, 32.234648 ], [ -85.427441, 32.146551 ], [ -85.410241, 32.146651 ], [ -85.257747, 32.148251 ], [ -85.245495, 32.119143 ], [ -85.185067, 32.061708 ], [ -85.056029, 32.063055 ], [ -85.045063, 32.088063 ], [ -85.06206, 32.132486 ], [ -85.009224, 32.181646 ], [ -84.930727, 32.21895 ], [ -84.901191, 32.258374 ], [ -84.9338, 32.29826 ], [ -85.002791, 32.322428 ], [ -84.983866, 32.362386 ], [ -84.971831, 32.442843 ], [ -84.99353, 32.450743 ], [ -85.00102, 32.510157 ], [ -85.060508, 32.498722 ], [ -85.06032, 32.494903 ] ] ] } },
{ "type": "Feature", "properties": { "geo_id": "01059", "geo_name": "Franklin", "geo_level": "county", "year": 2022 }, "geometry": { "type": "Polygon", "coordinates": [ [ [ -88.156292, 34.463214 ], [ -88.173632, 34.321054 ], [ -87.939933, 34.313196 ], [ -87.634725, 34.306997 ], [ -87.529722, 34.304598 ], [ -87.529667, 34.567081 ], [ -87.952122, 34.575114 ], [ -88.139988, 34.581703 ], [ -88.156292, 34.463214 ] ] ] } },
{ "type": "Feature", "properties": { "geo_id": "01035", "geo_name": "Conecuh", "geo_level": "county", "year": 2022 }, "geometry": { "type": "Polygon", "coordinates": [ [ [ -86.700282, 31.192217 ], [ -86.699435, 31.348084 ], [ -86.667245, 31.369404 ], [ -86.67485, 31.436557 ], [ -86.70122, 31.436641 ], [ -86.701554, 31.523946 ], [ -86.839386, 31.525204 ], [ -86.866302, 31.546981 ], [ -86.906769, 31.632671 ], [ -86.905899, 31.753035 ], [ -86.98932, 31.718562 ], [ -87.052284, 31.716761 ], [ -87.055967, 31.677381 ], [ -87.135051, 31.642417 ], [ -87.166581, 31.519561 ], [ -87.208551, 31.457285 ], [ -87.227797, 31.454363 ], [ -87.296721, 31.401278 ], [ -87.359763, 31.317747 ], [ -87.427455, 31.260386 ], [ -86.763961, 31.261293 ], [ -86.768632, 31.19733 ], [ -86.700282, 31.192217 ] ] ] } },
{ "type": "Feature", "properties": { "geo_id": "01051", "geo_name": "Elmore", "geo_level": "county", "year": 2022 }, "geometry": { "type": "Polygon", "coordinates": [ [ [ -86.374974, 32.75358 ], [ -86.413335, 32.750591 ], [ -86.413116, 32.707386 ], [ -86.411172, 32.409937 ], [ -86.34447, 32.432636 ], [ -86.307984, 32.467008 ], [ -86.237068, 32.49498 ], [ -86.198075, 32.45138 ], [ -86.116329, 32.417026 ], [ -86.046402, 32.406146 ], [ -86.023012, 32.419978 ], [ -85.974344, 32.446275 ], [ -85.89442, 32.447578 ], [ -85.886148, 32.493053 ], [ -85.894559, 32.603132 ], [ -85.887747, 32.64761 ], [ -85.911714, 32.67784 ], [ -85.87986, 32.754528 ], [ -86.007187, 32.754984 ], [ -86.374974, 32.75358 ] ] ] } },
{ "type": "Feature", "properties": { "geo_id": "01073", "geo_name": "Jefferson", "geo_level": "county", "year": 2022 }, "geometry": { "type": "Polygon", "coordinates": [ [ [ -86.748131, 33.417085 ], [ -86.717877, 33.416192 ], [ -86.674418, 33.466521 ], [ -86.604626, 33.467051 ], [ -86.560624, 33.517512 ], [ -86.516783, 33.54602 ], [ -86.551986, 33.560889 ], [ -86.551345, 33.61997 ], [ -86.533633, 33.637194 ], [ -86.533638, 33.638857 ], [ -86.531732, 33.648848 ], [ -86.529778, 33.648806 ], [ -86.525073, 33.721236 ], [ -86.542758, 33.765154 ], [ -86.577799, 33.765316 ], [ -86.64529, 33.773012 ], [ -86.759144, 33.840617 ], [ -86.883947, 33.843237 ], [ -86.953664, 33.815297 ], [ -86.970928, 33.786462 ], [ -87.023286, 33.772727 ], [ -87.039793, 33.685356 ], [ -87.092733, 33.62785 ], [ -87.17943, 33.613794 ], [ -87.204577, 33.578835 ], [ -87.210029, 33.538732 ], [ -87.266923, 33.512929 ], [ -87.285024, 33.485785 ], [ -87.330816, 33.491501 ], [ -87.335577, 33.456251 ], [ -87.284363, 33.440578 ], [ -87.197584, 33.358134 ], [ -87.179638, 33.321112 ], [ -87.126756, 33.290844 ], [ -87.065754, 33.275937 ], [ -87.065738, 33.246907 ], [ -87.026846, 33.246459 ], [ -86.969575, 33.267474 ], [ -86.882566, 33.325648 ], [ -86.830688, 33.332015 ], [ -86.830401, 33.360768 ], [ -86.778644, 33.366878 ], [ -86.75235, 33.414834 ], [ -86.752348, 33.41542 ], [ -86.749206, 33.417122 ], [ -86.748922, 33.417112 ], [ -86.748884, 33.417111 ], [ -86.748131, 33.417085 ] ] ] } },
{ "type": "Feature", "properties": { "geo_id": "01127", "geo_name": "Walker", "geo_level": "county", "year": 2022 }, "geometry": { "type": "Polygon", "coordinates": [ [ [ -87.266923, 33.512929 ], [ -87.210029, 33.538732 ], [ -87.204577, 33.578835 ], [ -87.17943, 33.613794 ], [ -87.092733, 33.62785 ], [ -87.039793, 33.685356 ], [ -87.023286, 33.772727 ], [ -86.970928, 33.786462 ], [ -86.953664, 33.815297 ], [ -86.963358, 33.858221 ], [ -87.007077, 33.888927 ], [ -87.091836, 33.890093 ], [ -87.085584, 33.919164 ], [ -87.151036, 33.993225 ], [ -87.500021, 33.996627 ], [ -87.636118, 34.002203 ], [ -87.635932, 33.915251 ], [ -87.63604, 33.871999 ], [ -87.531602, 33.867618 ], [ -87.528338, 33.692049 ], [ -87.423843, 33.689112 ], [ -87.423701, 33.602096 ], [ -87.318532, 33.587393 ], [ -87.318237, 33.514166 ], [ -87.266923, 33.512929 ] ] ] } },
{ "type": "Feature", "properties": { "geo_id": "01111", "geo_name": "Randolph", "geo_level": "county", "year": 2022 }, "geometry": { "type": "Polygon", "coordinates": [ [ [ -85.593177, 33.10734 ], [ -85.232378, 33.108077 ], [ -85.304439, 33.482884 ], [ -85.331061, 33.491014 ], [ -85.643482, 33.495885 ], [ -85.65308, 33.212117 ], [ -85.653654, 33.106634 ], [ -85.593177, 33.10734 ] ] ] } },
{ "type": "Feature", "properties": { "geo_id": "01101", "geo_name": "Montgomery", "geo_level": "county", "year": 2022 }, "geometry": { "type": "Polygon", "coordinates": [ [ [ -86.191379, 31.966453 ], [ -85.995563, 31.967554 ], [ -85.996853, 32.051049 ], [ -85.999157, 32.250543 ], [ -85.986557, 32.272342 ], [ -85.919293, 32.274382 ], [ -85.989088, 32.33482 ], [ -86.023012, 32.419978 ], [ -86.046402, 32.406146 ], [ -86.116329, 32.417026 ], [ -86.198075, 32.45138 ], [ -86.237068, 32.49498 ], [ -86.307984, 32.467008 ], [ -86.34447, 32.432636 ], [ -86.411172, 32.409937 ], [ -86.444721, 32.399841 ], [ -86.496774, 32.344437 ], [ -86.473415, 32.324126 ], [ -86.48965, 32.293353 ], [ -86.408771, 32.244309 ], [ -86.406276, 32.050731 ], [ -86.303616, 32.051664 ], [ -86.302217, 31.965065 ], [ -86.191379, 31.966453 ] ] ] } },
{ "type": "Feature", "properties": { "geo_id": "01007", "geo_name": "Bibb", "geo_level": "county", "year": 2022 }, "geometry": { "type": "Polygon", "coordinates": [ [ [ -87.019157, 32.837034 ], [ -86.876118, 32.836264 ], [ -86.881182, 33.049901 ], [ -86.933972, 33.064059 ], [ -86.969291, 33.098397 ], [ -86.969563, 33.158135 ], [ -87.025596, 33.165795 ], [ -87.026846, 33.246459 ], [ -87.065738, 33.246907 ], [ -87.104101, 33.221457 ], [ -87.152071, 33.232484 ], [ -87.199153, 33.196554 ], [ -87.199317, 33.130657 ], [ -87.281945, 33.13306 ], [ -87.311577, 33.093933 ], [ -87.318539, 33.006179 ], [ -87.421936, 33.003379 ], [ -87.4212, 32.874508 ], [ -87.319473, 32.875124 ], [ -87.319184, 32.831522 ], [ -87.019157, 32.837034 ] ] ] } },
{ "type": "Feature", "properties": { "geo_id": "01055", "geo_name": "Etowah", "geo_level": "county", "year": 2022 }, "geometry": { "type": "Polygon", "coordinates": [ [ [ -86.065272, 33.842198 ], [ -85.995169, 33.864897 ], [ -85.96917, 33.914598 ], [ -85.899568, 33.906399 ], [ -85.881768, 33.950299 ], [ -85.740968, 33.935301 ], [ -85.738975, 33.96846 ], [ -85.737137, 33.989203 ], [ -85.811967, 34.125096 ], [ -85.841468, 34.111096 ], [ -85.843617, 34.200006 ], [ -86.106086, 34.200756 ], [ -86.206107, 34.17265 ], [ -86.303516, 34.099073 ], [ -86.332388, 34.04648 ], [ -86.325622, 33.940147 ], [ -86.290127, 33.983719 ], [ -86.246658, 33.971544 ], [ -86.215525, 33.987421 ], [ -86.168141, 33.965181 ], [ -86.166708, 33.9282 ], [ -86.119099, 33.900145 ], [ -86.065272, 33.842198 ] ] ] } },
{ "type": "Feature", "properties": { "geo_id": "01021", "geo_name": "Chilton", "geo_level": "county", "year": 2022 }, "geometry": { "type": "Polygon", "coordinates": [ [ [ -86.917595, 32.664169 ], [ -86.71339, 32.661732 ], [ -86.714219, 32.705694 ], [ -86.413116, 32.707386 ], [ -86.413335, 32.750591 ], [ -86.374974, 32.75358 ], [ -86.457015, 32.813899 ], [ -86.447628, 32.851129 ], [ -86.478711, 32.872659 ], [ -86.515959, 32.929361 ], [ -86.517344, 33.020566 ], [ -86.552759, 33.018664 ], [ -86.610003, 33.070003 ], [ -86.881638, 33.071861 ], [ -86.881182, 33.049901 ], [ -86.876118, 32.836264 ], [ -87.019157, 32.837034 ], [ -87.017762, 32.729532 ], [ -87.01766, 32.663269 ], [ -86.917595, 32.664169 ] ] ] } },
{ "type": "Feature", "properties": { "geo_id": "01031", "geo_name": "Coffee", "geo_level": "county", "year": 2022 }, "geometry": { "type": "Polygon", "coordinates": [ [ [ -86.193476, 31.192213 ], [ -85.791402, 31.196349 ], [ -85.789142, 31.617964 ], [ -86.145895, 31.617741 ], [ -86.14395, 31.537675 ], [ -86.194784, 31.529949 ], [ -86.193951, 31.440072 ], [ -86.193476, 31.192213 ] ] ] } },
{ "type": "Feature", "properties": { "geo_id": "01039", "geo_name": "Covington", "geo_level": "county", "year": 2022 }, "geometry": { "type": "Polygon", "coordinates": [ [ [ -86.187246, 30.994021 ], [ -86.193476, 31.192213 ], [ -86.193951, 31.440072 ], [ -86.261876, 31.441168 ], [ -86.277031, 31.455602 ], [ -86.280155, 31.52851 ], [ -86.398536, 31.451325 ], [ -86.39994, 31.527128 ], [ -86.499213, 31.525331 ], [ -86.701554, 31.523946 ], [ -86.70122, 31.436641 ], [ -86.67485, 31.436557 ], [ -86.667245, 31.369404 ], [ -86.699435, 31.348084 ], [ -86.700282, 31.192217 ], [ -86.70022, 31.000418 ], [ -86.688317, 30.994507 ], [ -86.187246, 30.994021 ] ] ] } },
{ "type": "Feature", "properties": { "geo_id": "01067", "geo_name": "Henry", "geo_level": "county", "year": 2022 }, "geometry": { "type": "Polygon", "coordinates": [ [ [ -85.127329, 31.762563 ], [ -85.151236, 31.774364 ], [ -85.206034, 31.741813 ], [ -85.216076, 31.702409 ], [ -85.416038, 31.706664 ], [ -85.416437, 31.619466 ], [ -85.417434, 31.314973 ], [ -85.179131, 31.307675 ], [ -85.087651, 31.308677 ], [ -85.092167, 31.364576 ], [ -85.065639, 31.439521 ], [ -85.071621, 31.468384 ], [ -85.041428, 31.539293 ], [ -85.05796, 31.57084 ], [ -85.057473, 31.618624 ], [ -85.12593, 31.696265 ], [ -85.127329, 31.762563 ] ] ] } },
{ "type": "Feature", "properties": { "geo_id": "28061", "geo_name": "Jasper", "geo_level": "county", "year": 2022 }, "geometry": { "type": "Polygon", "coordinates": [ [ [ -89.31656, 31.80209 ], [ -88.943355, 31.824565 ], [ -88.910459, 31.826649 ], [ -88.913847, 32.224186 ], [ -89.322692, 32.223472 ], [ -89.320748, 31.874338 ], [ -89.31656, 31.80209 ] ] ] } },
{ "type": "Feature", "properties": { "geo_id": "28017", "geo_name": "Chickasaw", "geo_level": "county", "year": 2022 }, "geometry": { "type": "Polygon", "coordinates": [ [ [ -89.034498, 33.73943 ], [ -89.034775, 33.754156 ], [ -88.931604, 33.754312 ], [ -88.931176, 33.812374 ], [ -88.719979, 33.81133 ], [ -88.718964, 34.074521 ], [ -88.824523, 34.074948 ], [ -89.139158, 34.074116 ], [ -89.137876, 33.812144 ], [ -89.19004, 33.81171 ], [ -89.191781, 33.738602 ], [ -89.034498, 33.73943 ] ] ] } },
{ "type": "Feature", "properties": { "geo_id": "28145", "geo_name": "Union", "geo_level": "county", "year": 2022 }, "geometry": { "type": "Polygon", "coordinates": [ [ [ -89.245645, 34.583234 ], [ -89.246133, 34.495633 ], [ -89.246339, 34.379344 ], [ -88.928901, 34.379361 ], [ -88.928546, 34.365001 ], [ -88.824966, 34.364759 ], [ -88.789774, 34.393692 ], [ -88.789442, 34.49493 ], [ -88.736465, 34.50891 ], [ -88.73544, 34.596483 ], [ -89.088488, 34.598247 ], [ -89.245611, 34.597601 ], [ -89.245645, 34.583234 ] ] ] } },
{ "type": "Feature", "properties": { "geo_id": "28069", "geo_name": "Kemper", "geo_level": "county", "year": 2022 }, "geometry": { "type": "Polygon", "coordinates": [ [ [ -88.914516, 32.576955 ], [ -88.388797, 32.578123 ], [ -88.347887, 32.929082 ], [ -88.812782, 32.925973 ], [ -88.914413, 32.9266 ], [ -88.914516, 32.576955 ] ] ] } },
{ "type": "Feature", "properties": { "geo_id": "28151", "geo_name": "Washington", "geo_level": "county", "year": 2022 }, "geometry": { "type": "Polygon", "coordinates": [ [ [ -90.914337, 33.007697 ], [ -90.914465, 33.097417 ], [ -90.701845, 33.096294 ], [ -90.680319, 33.201971 ], [ -90.733216, 33.232975 ], [ -90.716277, 33.270032 ], [ -90.763773, 33.270359 ], [ -90.763509, 33.529389 ], [ -91.218843, 33.529382 ], [ -91.177527, 33.482986 ], [ -91.131338, 33.480927 ], [ -91.132746, 33.429622 ], [ -91.206477, 33.400143 ], [ -91.140462, 33.351352 ], [ -91.127966, 33.268471 ], [ -91.047314, 33.281932 ], [ -91.05413, 33.24599 ], [ -91.082592, 33.221826 ], [ -91.086017, 33.136281 ], [ -91.14849, 33.13026 ], [ -91.183698, 33.141744 ], [ -91.200805, 33.107765 ], [ -91.124595, 33.064184 ], [ -91.128133, 33.034451 ], [ -91.166147, 33.011329 ], [ -90.914337, 33.007697 ] ] ] } },
{ "type": "Feature", "properties": { "geo_id": "28055", "geo_name": "Issaquena", "geo_level": "county", "year": 2022 }, "geometry": { "type": "Polygon", "coordinates": [ [ [ -90.723159, 32.662128 ], [ -90.964864, 32.662798 ], [ -90.963753, 32.838133 ], [ -90.91404, 32.944198 ], [ -90.914337, 33.007697 ], [ -91.166147, 33.011329 ], [ -91.201842, 32.961212 ], [ -91.212837, 32.922103 ], [ -91.163877, 32.899476 ], [ -91.131304, 32.926918 ], [ -91.135095, 32.980108 ], [ -91.086802, 32.976266 ], [ -91.064804, 32.926464 ], [ -91.070602, 32.888658 ], [ -91.143559, 32.844738 ], [ -91.161669, 32.812465 ], [ -91.165814, 32.757841 ], [ -91.060766, 32.727494 ], [ -91.063946, 32.702925 ], [ -91.152699, 32.640757 ], [ -91.121157, 32.584806 ], [ -91.0035, 32.624845 ], [ -91.043552, 32.576271 ], [ -90.964043, 32.575605 ], [ -90.95124, 32.444389 ], [ -90.861364, 32.442115 ], [ -90.860566, 32.575173 ], [ -90.726262, 32.569893 ], [ -90.720102, 32.618858 ], [ -90.723159, 32.662128 ] ] ] } },
{ "type": "Feature", "properties": { "geo_id": "28009", "geo_name": "Benton", "geo_level": "county", "year": 2022 }, "geometry": { "type": "Polygon", "coordinates": [ [ [ -89.352679, 34.993863 ], [ -89.352705, 34.844432 ], [ -89.299227, 34.844415 ], [ -89.298334, 34.582926 ], [ -89.245645, 34.583234 ], [ -89.245611, 34.597601 ], [ -89.088488, 34.598247 ], [ -89.088065, 34.815307 ], [ -89.03534, 34.81526 ], [ -89.017551, 34.858723 ], [ -89.017127, 34.994971 ], [ -89.352679, 34.993863 ] ] ] } },
{ "type": "Feature", "properties": { "geo_id": "28087", "geo_name": "Lowndes", "geo_level": "county", "year": 2022 }, "geometry": { "type": "Polygon", "coordinates": [ [ [ -88.304434, 33.28832 ], [ -88.274619, 33.534008 ], [ -88.248916, 33.744977 ], [ -88.31791, 33.74498 ], [ -88.37033, 33.685918 ], [ -88.477364, 33.666493 ], [ -88.513917, 33.650209 ], [ -88.47468, 33.598092 ], [ -88.492504, 33.543154 ], [ -88.609389, 33.506751 ], [ -88.67125, 33.506168 ], [ -88.669076, 33.286922 ], [ -88.304434, 33.28832 ] ] ] } },
{ "type": "Feature", "properties": { "geo_id": "28073", "geo_name": "Lamar", "geo_level": "county", "year": 2022 }, "geometry": { "type": "Polygon", "coordinates": [ [ [ -89.34895, 31.01037 ], [ -89.347863, 31.3467 ], [ -89.451073, 31.346383 ], [ -89.451616, 31.434029 ], [ -89.586819, 31.433688 ], [ -89.654212, 31.433805 ], [ -89.654038, 31.002502 ], [ -89.551851, 31.001917 ], [ -89.50134, 31.016026 ], [ -89.476022, 30.982901 ], [ -89.425337, 30.982452 ], [ -89.424808, 31.010114 ], [ -89.34895, 31.01037 ] ] ] } },
{ "type": "Feature", "properties": { "geo_id": "28003", "geo_name": "Alcorn", "geo_level": "county", "year": 2022 }, "geometry": { "type": "Polygon", "coordinates": [ [ [ -88.363531, 34.995475 ], [ -88.823051, 34.995221 ], [ -88.823473, 34.858629 ], [ -88.752956, 34.858775 ], [ -88.753065, 34.75696 ], [ -88.718508, 34.756781 ], [ -88.365472, 34.755604 ], [ -88.363531, 34.995475 ] ] ] } },
{ "type": "Feature", "properties": { "geo_id": "28071", "geo_name": "Lafayette", "geo_level": "county", "year": 2022 }, "geometry": { "type": "Polygon", "coordinates": [ [ [ -89.245485, 34.161186 ], [ -89.246339, 34.379344 ], [ -89.246133, 34.495633 ], [ -89.292763, 34.515786 ], [ -89.359181, 34.524857 ], [ -89.424459, 34.519129 ], [ -89.476642, 34.554168 ], [ -89.668448, 34.554367 ], [ -89.721341, 34.554274 ], [ -89.72105, 34.192545 ], [ -89.50944, 34.19096 ], [ -89.509748, 34.162082 ], [ -89.245485, 34.161186 ] ] ] } },
{ "type": "Feature", "properties": { "geo_id": "28015", "geo_name": "Carroll", "geo_level": "county", "year": 2022 }, "geometry": { "type": "Polygon", "coordinates": [ [ [ -89.64528, 33.285515 ], [ -89.646314, 33.402544 ], [ -89.715847, 33.416766 ], [ -89.785227, 33.416275 ], [ -89.78689, 33.676727 ], [ -90.127775, 33.676956 ], [ -90.102155, 33.652419 ], [ -90.101401, 33.45894 ], [ -90.13761, 33.459114 ], [ -90.137817, 33.416455 ], [ -90.174756, 33.417003 ], [ -90.174614, 33.333378 ], [ -89.749441, 33.214478 ], [ -89.701474, 33.285515 ], [ -89.64528, 33.285515 ] ] ] } },
{ "type": "Feature", "properties": { "geo_id": "28085", "geo_name": "Lincoln", "geo_level": "county", "year": 2022 }, "geometry": { "type": "Polygon", "coordinates": [ [ [ -90.548199, 31.349574 ], [ -90.260391, 31.350274 ], [ -90.24389, 31.350274 ], [ -90.245191, 31.717524 ], [ -90.279953, 31.699865 ], [ -90.736824, 31.698491 ], [ -90.73733, 31.611124 ], [ -90.633231, 31.611409 ], [ -90.633302, 31.349306 ], [ -90.548199, 31.349574 ] ] ] } },
{ "type": "Feature", "properties": { "geo_id": "28143", "geo_name": "Tunica", "geo_level": "county", "year": 2022 }, "geometry": { "type": "Polygon", "coordinates": [ [ [ -90.198631, 34.554425 ], [ -90.243924, 34.60215 ], [ -90.216325, 34.646874 ], [ -90.231412, 34.701991 ], [ -90.200199, 34.724418 ], [ -90.202126, 34.860374 ], [ -90.304561, 34.860587 ], [ -90.338449, 34.858517 ], [ -90.389393, 34.830665 ], [ -90.438729, 34.825248 ], [ -90.42931, 34.868752 ], [ -90.48372, 34.861018 ], [ -90.455379, 34.820785 ], [ -90.476584, 34.794004 ], [ -90.448423, 34.739117 ], [ -90.474999, 34.723888 ], [ -90.524166, 34.731388 ], [ -90.533333, 34.696388 ], [ -90.474166, 34.705277 ], [ -90.468237, 34.670806 ], [ -90.517548, 34.630759 ], [ -90.591784, 34.623794 ], [ -90.540493, 34.557871 ], [ -90.567874, 34.523999 ], [ -90.399498, 34.423807 ], [ -90.301851, 34.424546 ], [ -90.304317, 34.509621 ], [ -90.198536, 34.511088 ], [ -90.198631, 34.554425 ] ] ] } },
{ "type": "Feature", "properties": { "geo_id": "28097", "geo_name": "Montgomery", "geo_level": "county", "year": 2022 }, "geometry": { "type": "Polygon", "coordinates": [ [ [ -89.64528, 33.285515 ], [ -89.453808, 33.285942 ], [ -89.45405, 33.4332 ], [ -89.41103, 33.435872 ], [ -89.381092, 33.460307 ], [ -89.506496, 33.459806 ], [ -89.506872, 33.677605 ], [ -89.78689, 33.676727 ], [ -89.785227, 33.416275 ], [ -89.715847, 33.416766 ], [ -89.646314, 33.402544 ], [ -89.64528, 33.285515 ] ] ] } },
{ "type": "Feature", "properties": { "geo_id": "28019", "geo_name": "Choctaw", "geo_level": "county", "year": 2022 }, "geometry": { "type": "Polygon", "coordinates": [ [ [ -89.317855, 33.108871 ], [ -89.213921, 33.109402 ], [ -89.213422, 33.197543 ], [ -89.1089, 33.198059 ], [ -89.108886, 33.285937 ], [ -89.088255, 33.286003 ], [ -89.088446, 33.533202 ], [ -89.222039, 33.527245 ], [ -89.319446, 33.496709 ], [ -89.339624, 33.469915 ], [ -89.381092, 33.460307 ], [ -89.41103, 33.435872 ], [ -89.45405, 33.4332 ], [ -89.453808, 33.285942 ], [ -89.316408, 33.285556 ], [ -89.317855, 33.108871 ] ] ] } },
{ "type": "Feature", "properties": { "geo_id": "28139", "geo_name": "Tippah", "geo_level": "county", "year": 2022 }, "geometry": { "type": "Polygon", "coordinates": [ [ [ -89.017127, 34.994971 ], [ -89.017551, 34.858723 ], [ -89.03534, 34.81526 ], [ -89.088065, 34.815307 ], [ -89.088488, 34.598247 ], [ -88.73544, 34.596483 ], [ -88.717794, 34.596472 ], [ -88.718508, 34.756781 ], [ -88.753065, 34.75696 ], [ -88.752956, 34.858775 ], [ -88.823473, 34.858629 ], [ -88.823051, 34.995221 ], [ -89.017127, 34.994971 ] ] ] } },
{ "type": "Feature", "properties": { "geo_id": "28109", "geo_name": "Pearl River", "geo_level": "county", "year": 2022 }, "geometry": { "type": "Polygon", "coordinates": [ [ [ -89.690035, 30.459333 ], [ -89.646961, 30.458892 ], [ -89.647072, 30.502738 ], [ -89.54451, 30.516862 ], [ -89.544232, 30.648368 ], [ -89.341446, 30.64772 ], [ -89.340806, 30.909912 ], [ -89.34895, 31.01037 ], [ -89.424808, 31.010114 ], [ -89.425337, 30.982452 ], [ -89.476022, 30.982901 ], [ -89.50134, 31.016026 ], [ -89.551851, 31.001917 ], [ -89.654038, 31.002502 ], [ -89.728119, 31.0023 ], [ -89.755948, 30.944119 ], [ -89.804632, 30.802511 ], [ -89.831537, 30.76761 ], [ -89.844172, 30.691504 ], [ -89.820068, 30.632808 ], [ -89.818771, 30.59288 ], [ -89.752807, 30.502962 ], [ -89.690035, 30.459333 ] ] ] } },
{ "type": "Feature", "properties": { "geo_id": "28111", "geo_name": "Perry", "geo_level": "county", "year": 2022 }, "geometry": { "type": "Polygon", "coordinates": [ [ [ -88.834339, 30.997983 ], [ -88.840929, 30.99841 ], [ -88.841707, 31.433703 ], [ -88.943468, 31.433458 ], [ -89.146092, 31.434052 ], [ -89.146176, 31.000447 ], [ -89.137967, 30.909877 ], [ -88.885038, 30.910788 ], [ -88.834475, 30.910323 ], [ -88.834339, 30.997983 ] ] ] } },
{ "type": "Feature", "properties": { "geo_id": "28011", "geo_name": "Bolivar", "geo_level": "county", "year": 2022 }, "geometry": { "type": "Polygon", "coordinates": [ [ [ -90.763509, 33.529389 ], [ -90.763469, 33.616164 ], [ -90.6586, 33.616272 ], [ -90.657002, 33.987586 ], [ -90.659457, 34.118867 ], [ -90.956901, 34.120091 ], [ -90.921294, 34.093514 ], [ -90.871122, 34.080249 ], [ -90.893285, 34.026584 ], [ -90.988184, 34.019211 ], [ -90.962489, 33.981302 ], [ -90.999977, 33.966386 ], [ -91.018948, 34.003225 ], [ -91.090658, 33.98873 ], [ -91.081424, 33.954931 ], [ -91.010863, 33.92731 ], [ -91.072772, 33.867294 ], [ -91.049083, 33.816026 ], [ -91.053386, 33.778283 ], [ -91.1353, 33.782001 ], [ -91.148807, 33.73136 ], [ -91.125949, 33.708948 ], [ -91.068051, 33.716198 ], [ -91.033707, 33.673844 ], [ -91.079776, 33.658036 ], [ -91.128956, 33.673631 ], [ -91.160367, 33.706602 ], [ -91.223914, 33.693739 ], [ -91.211678, 33.656791 ], [ -91.139179, 33.628472 ], [ -91.132102, 33.595908 ], [ -91.178555, 33.567305 ], [ -91.228441, 33.566938 ], [ -91.218843, 33.529382 ], [ -90.763509, 33.529389 ] ] ] } },
{ "type": "Feature", "properties": { "geo_id": "28149", "geo_name": "Warren", "geo_level": "county", "year": 2022 }, "geometry": { "type": "Polygon", "coordinates": [ [ [ -91.030207, 32.114353 ], [ -90.956787, 32.083597 ], [ -90.77482, 32.153993 ], [ -90.79005, 32.174716 ], [ -90.728622, 32.225119 ], [ -90.698842, 32.297371 ], [ -90.707605, 32.340004 ], [ -90.683571, 32.352784 ], [ -90.627978, 32.339483 ], [ -90.627363, 32.377974 ], [ -90.599985, 32.424627 ], [ -90.604067, 32.479064 ], [ -90.553821, 32.507574 ], [ -90.588019, 32.546067 ], [ -90.654589, 32.546044 ], [ -90.655527, 32.589771 ], [ -90.690249, 32.589388 ], [ -90.720102, 32.618858 ], [ -90.726262, 32.569893 ], [ -90.860566, 32.575173 ], [ -90.861364, 32.442115 ], [ -90.95124, 32.444389 ], [ -90.964043, 32.575605 ], [ -91.043552, 32.576271 ], [ -91.093742, 32.549127 ], [ -91.116708, 32.500138 ], [ -91.093508, 32.457441 ], [ -91.027406, 32.433942 ], [ -90.993863, 32.450851 ], [ -90.986672, 32.35176 ], [ -90.912363, 32.339454 ], [ -90.916157, 32.303582 ], [ -90.947834, 32.283486 ], [ -90.983381, 32.211767 ], [ -91.034302, 32.241548 ], [ -91.16488, 32.195743 ], [ -91.162822, 32.132694 ], [ -91.11099, 32.124644 ], [ -91.049707, 32.157352 ], [ -91.002906, 32.162052 ], [ -91.030207, 32.114353 ] ] ] } },
{ "type": "Feature", "properties": { "geo_id": "28101", "geo_name": "Newton", "geo_level": "county", "year": 2022 }, "geometry": { "type": "Polygon", "coordinates": [ [ [ -89.322692, 32.223472 ], [ -88.913847, 32.224186 ], [ -88.914516, 32.576955 ], [ -89.317588, 32.576458 ], [ -89.322598, 32.576433 ], [ -89.322692, 32.223472 ] ] ] } },
{ "type": "Feature", "properties": { "geo_id": "28135", "geo_name": "Tallahatchie", "geo_level": "county", "year": 2022 }, "geometry": { "type": "Polygon", "coordinates": [ [ [ -90.136787, 33.721648 ], [ -90.136491, 33.809319 ], [ -89.978367, 33.809719 ], [ -89.926294, 33.823854 ], [ -89.926099, 33.897957 ], [ -89.925497, 34.140553 ], [ -89.931485, 34.164303 ], [ -89.96408, 34.159472 ], [ -90.135456, 34.160074 ], [ -90.135695, 34.0729 ], [ -90.450981, 34.072932 ], [ -90.451012, 33.985689 ], [ -90.451643, 33.81139 ], [ -90.182584, 33.809322 ], [ -90.204205, 33.759446 ], [ -90.294502, 33.750981 ], [ -90.313859, 33.725746 ], [ -90.269105, 33.697208 ], [ -90.25234, 33.730316 ], [ -90.136787, 33.721648 ] ] ] } },
{ "type": "Feature", "properties": { "geo_id": "28125", "geo_name": "Sharkey", "geo_level": "county", "year": 2022 }, "geometry": { "type": "Polygon", "coordinates": [ [ [ -90.723159, 32.662128 ], [ -90.699308, 32.689256 ], [ -90.742634, 32.729225 ], [ -90.693061, 32.754297 ], [ -90.723389, 32.818882 ], [ -90.759753, 32.835763 ], [ -90.656632, 32.92251 ], [ -90.658049, 33.096514 ], [ -90.701845, 33.096294 ], [ -90.914465, 33.097417 ], [ -90.914337, 33.007697 ], [ -90.91404, 32.944198 ], [ -90.963753, 32.838133 ], [ -90.964864, 32.662798 ], [ -90.723159, 32.662128 ] ] ] } },
{ "type": "Feature", "properties": { "geo_id": "28035", "geo_name": "Forrest", "geo_level": "county", "year": 2022 }, "geometry": { "type": "Polygon", "coordinates": [ [ [ -89.451616, 31.434029 ], [ -89.451073, 31.346383 ], [ -89.347863, 31.3467 ], [ -89.34895, 31.01037 ], [ -89.340806, 30.909912 ], [ -89.137967, 30.909877 ], [ -89.146176, 31.000447 ], [ -89.146092, 31.434052 ], [ -89.399178, 31.434029 ], [ -89.451616, 31.434029 ] ] ] } },
{ "type": "Feature", "properties": { "geo_id": "28161", "geo_name": "Yalobusha", "geo_level": "county", "year": 2022 }, "geometry": { "type": "Polygon", "coordinates": [ [ [ -89.507353, 33.867469 ], [ -89.509748, 34.162082 ], [ -89.50944, 34.19096 ], [ -89.72105, 34.192545 ], [ -89.721431, 34.163513 ], [ -89.931485, 34.164303 ], [ -89.925497, 34.140553 ], [ -89.926099, 33.897957 ], [ -89.769296, 33.897137 ], [ -89.76905, 33.867334 ], [ -89.507353, 33.867469 ] ] ] } },
{ "type": "Feature", "properties": { "geo_id": "28023", "geo_name": "Clarke", "geo_level": "county", "year": 2022 }, "geometry": { "type": "Polygon", "coordinates": [ [ [ -88.910459, 31.826649 ], [ -88.763411, 31.835934 ], [ -88.622394, 31.857193 ], [ -88.473227, 31.893856 ], [ -88.431379, 32.227666 ], [ -88.913847, 32.224186 ], [ -88.910459, 31.826649 ] ] ] } },
{ "type": "Feature", "properties": { "geo_id": "28127", "geo_name": "Simpson", "geo_level": "county", "year": 2022 }, "geometry": { "type": "Polygon", "coordinates": [ [ [ -89.974586, 31.761655 ], [ -89.755103, 31.774654 ], [ -89.653025, 31.780653 ], [ -89.654426, 32.013678 ], [ -89.662086, 32.047239 ], [ -89.730066, 32.047072 ], [ -90.230331, 32.049728 ], [ -90.247752, 32.030681 ], [ -90.209267, 31.98934 ], [ -90.170276, 31.904472 ], [ -90.132552, 31.856923 ], [ -90.140757, 31.789353 ], [ -90.122565, 31.75268 ], [ -89.974586, 31.761655 ] ] ] } },
{ "type": "Feature", "properties": { "geo_id": "28131", "geo_name": "Stone", "geo_level": "county", "year": 2022 }, "geometry": { "type": "Polygon", "coordinates": [ [ [ -89.341446, 30.64772 ], [ -89.240136, 30.647646 ], [ -89.240073, 30.67716 ], [ -88.884533, 30.677292 ], [ -88.884534, 30.735591 ], [ -88.885038, 30.910788 ], [ -89.137967, 30.909877 ], [ -89.340806, 30.909912 ], [ -89.341446, 30.64772 ] ] ] } },
{ "type": "Feature", "properties": { "geo_id": "28121", "geo_name": "Rankin", "geo_level": "county", "year": 2022 }, "geometry": { "type": "Polygon", "coordinates": [ [ [ -90.065697, 32.399529 ], [ -90.095184, 32.389145 ], [ -90.160787, 32.285843 ], [ -90.205292, 32.251945 ], [ -90.185799, 32.219563 ], [ -90.197823, 32.187916 ], [ -90.24538, 32.171396 ], [ -90.230331, 32.049728 ], [ -89.730066, 32.047072 ], [ -89.730424, 32.222039 ], [ -89.730063, 32.352733 ], [ -89.784123, 32.586891 ], [ -89.861159, 32.583162 ], [ -89.871346, 32.561002 ], [ -89.962077, 32.491286 ], [ -90.019347, 32.477293 ], [ -90.06626, 32.426398 ], [ -90.065796, 32.425678 ], [ -90.065697, 32.399529 ] ] ] } },
{ "type": "Feature", "properties": { "geo_id": "28091", "geo_name": "Marion", "geo_level": "county", "year": 2022 }, "geometry": { "type": "Polygon", "coordinates": [ [ [ -89.654212, 31.433805 ], [ -89.824236, 31.434093 ], [ -89.823332, 31.390021 ], [ -89.95894, 31.390489 ], [ -90.040485, 31.394673 ], [ -90.040466, 31.336014 ], [ -90.040375, 31.23391 ], [ -90.031896, 31.175727 ], [ -90.005936, 31.1323 ], [ -89.938178, 31.132949 ], [ -89.920944, 31.074677 ], [ -89.835873, 31.074926 ], [ -89.835908, 31.002047 ], [ -89.728119, 31.0023 ], [ -89.654038, 31.002502 ], [ -89.654212, 31.433805 ] ] ] } },
{ "type": "Feature", "properties": { "geo_id": "28039", "geo_name": "George", "geo_level": "county", "year": 2022 }, "geometry": { "type": "Polygon", "coordinates": [ [ [ -88.884534, 30.735591 ], [ -88.412612, 30.73559 ], [ -88.425432, 30.998323 ], [ -88.834339, 30.997983 ], [ -88.834475, 30.910323 ], [ -88.885038, 30.910788 ], [ -88.884534, 30.735591 ] ] ] } },
{ "type": "Feature", "properties": { "geo_id": "28095", "geo_name": "Monroe", "geo_level": "county", "year": 2022 }, "geometry": { "type": "Polygon", "coordinates": [ [ [ -88.248916, 33.744977 ], [ -88.207229, 34.058333 ], [ -88.203864, 34.086564 ], [ -88.543352, 34.089044 ], [ -88.718764, 34.089355 ], [ -88.718964, 34.074521 ], [ -88.719979, 33.81133 ], [ -88.719626, 33.680253 ], [ -88.496414, 33.680075 ], [ -88.513917, 33.650209 ], [ -88.477364, 33.666493 ], [ -88.37033, 33.685918 ], [ -88.31791, 33.74498 ], [ -88.248916, 33.744977 ] ] ] } },
{ "type": "Feature", "properties": { "geo_id": "28123", "geo_name": "Scott", "geo_level": "county", "year": 2022 }, "geometry": { "type": "Polygon", "coordinates": [ [ [ -89.730424, 32.222039 ], [ -89.322692, 32.223472 ], [ -89.322598, 32.576433 ], [ -89.730152, 32.577248 ], [ -89.730304, 32.634228 ], [ -89.784123, 32.586891 ], [ -89.730063, 32.352733 ], [ -89.730424, 32.222039 ] ] ] } },
{ "type": "Feature", "properties": { "geo_id": "28051", "geo_name": "Holmes", "geo_level": "county", "year": 2022 }, "geometry": { "type": "Polygon", "coordinates": [ [ [ -89.965882, 32.879573 ], [ -89.902501, 32.92794 ], [ -89.888256, 32.98036 ], [ -89.823902, 33.064343 ], [ -89.821235, 33.114219 ], [ -89.795852, 33.124663 ], [ -89.77873, 33.191494 ], [ -89.749441, 33.214478 ], [ -90.174614, 33.333378 ], [ -90.295029, 33.361784 ], [ -90.29169, 33.31901 ], [ -90.331589, 33.302825 ], [ -90.330312, 33.137818 ], [ -90.428774, 33.107932 ], [ -90.429783, 33.060991 ], [ -90.391456, 33.04999 ], [ -90.364031, 33.010596 ], [ -90.338339, 33.010131 ], [ -89.965882, 32.879573 ] ] ] } },
{ "type": "Feature", "properties": { "geo_id": "28105", "geo_name": "Oktibbeha", "geo_level": "county", "year": 2022 }, "geometry": { "type": "Polygon", "coordinates": [ [ [ -89.088255, 33.286003 ], [ -88.813053, 33.286424 ], [ -88.669076, 33.286922 ], [ -88.67125, 33.506168 ], [ -88.671526, 33.565135 ], [ -89.018613, 33.562114 ], [ -89.088263, 33.562039 ], [ -89.088446, 33.533202 ], [ -89.088255, 33.286003 ] ] ] } },
{ "type": "Feature", "properties": { "geo_id": "28031", "geo_name": "Covington", "geo_level": "county", "year": 2022 }, "geometry": { "type": "Polygon", "coordinates": [ [ [ -89.399178, 31.434029 ], [ -89.401227, 31.796863 ], [ -89.653025, 31.780653 ], [ -89.755103, 31.774654 ], [ -89.755614, 31.609751 ], [ -89.672328, 31.564492 ], [ -89.602889, 31.538836 ], [ -89.586919, 31.513444 ], [ -89.586819, 31.433688 ], [ -89.451616, 31.434029 ], [ -89.399178, 31.434029 ] ] ] } },
{ "type": "Feature", "properties": { "geo_id": "28115", "geo_name": "Pontotoc", "geo_level": "county", "year": 2022 }, "geometry": { "type": "Polygon", "coordinates": [ [ [ -89.139158, 34.074116 ], [ -88.824523, 34.074948 ], [ -88.824966, 34.364759 ], [ -88.928546, 34.365001 ], [ -88.928901, 34.379361 ], [ -89.246339, 34.379344 ], [ -89.245485, 34.161186 ], [ -89.244436, 34.073942 ], [ -89.139158, 34.074116 ] ] ] } },
{ "type": "Feature", "properties": { "geo_id": "28163", "geo_name": "Yazoo", "geo_level": "county", "year": 2022 }, "geometry": { "type": "Polygon", "coordinates": [ [ [ -90.450037, 32.573783 ], [ -90.40441, 32.574741 ], [ -90.322828, 32.615589 ], [ -90.311212, 32.640692 ], [ -90.22631, 32.668155 ], [ -90.197729, 32.66385 ], [ -90.136027, 32.697248 ], [ -90.094297, 32.704432 ], [ -90.049129, 32.735674 ], [ -90.018675, 32.821689 ], [ -89.965882, 32.879573 ], [ -90.338339, 33.010131 ], [ -90.364031, 33.010596 ], [ -90.449323, 33.00901 ], [ -90.449893, 32.92329 ], [ -90.656632, 32.92251 ], [ -90.759753, 32.835763 ], [ -90.723389, 32.818882 ], [ -90.693061, 32.754297 ], [ -90.742634, 32.729225 ], [ -90.699308, 32.689256 ], [ -90.723159, 32.662128 ], [ -90.720102, 32.618858 ], [ -90.690249, 32.589388 ], [ -90.655527, 32.589771 ], [ -90.654589, 32.546044 ], [ -90.588019, 32.546067 ], [ -90.553821, 32.507574 ], [ -90.482674, 32.544006 ], [ -90.450037, 32.573783 ] ] ] } },
{ "type": "Feature", "properties": { "geo_id": "28137", "geo_name": "Tate", "geo_level": "county", "year": 2022 }, "geometry": { "type": "Polygon", "coordinates": [ [ [ -90.198631, 34.554425 ], [ -89.721341, 34.554274 ], [ -89.668448, 34.554367 ], [ -89.66916, 34.685786 ], [ -89.722333, 34.685504 ], [ -89.723442, 34.772311 ], [ -89.908587, 34.772641 ], [ -89.925158, 34.751536 ], [ -90.029144, 34.708176 ], [ -90.098277, 34.731783 ], [ -90.132368, 34.759913 ], [ -90.169988, 34.758735 ], [ -90.200199, 34.724418 ], [ -90.231412, 34.701991 ], [ -90.216325, 34.646874 ], [ -90.243924, 34.60215 ], [ -90.198631, 34.554425 ] ] ] } },
{ "type": "Feature", "properties": { "geo_id": "28077", "geo_name": "Lawrence", "geo_level": "county", "year": 2022 }, "geometry": { "type": "Polygon", "coordinates": [ [ [ -89.95894, 31.390489 ], [ -89.959097, 31.522421 ], [ -89.976052, 31.522477 ], [ -89.974586, 31.761655 ], [ -90.122565, 31.75268 ], [ -90.245191, 31.717524 ], [ -90.24389, 31.350274 ], [ -90.108651, 31.350869 ], [ -90.082442, 31.328849 ], [ -90.040466, 31.336014 ], [ -90.040485, 31.394673 ], [ -89.95894, 31.390489 ] ] ] } },
{ "type": "Feature", "properties": { "geo_id": "28007", "geo_name": "Attala", "geo_level": "county", "year": 2022 }, "geometry": { "type": "Polygon", "coordinates": [ [ [ -89.730016, 32.885072 ], [ -89.730154, 32.929924 ], [ -89.319163, 32.931654 ], [ -89.317855, 33.108871 ], [ -89.316408, 33.285556 ], [ -89.453808, 33.285942 ], [ -89.64528, 33.285515 ], [ -89.701474, 33.285515 ], [ -89.749441, 33.214478 ], [ -89.77873, 33.191494 ], [ -89.795852, 33.124663 ], [ -89.821235, 33.114219 ], [ -89.823902, 33.064343 ], [ -89.888256, 32.98036 ], [ -89.902501, 32.92794 ], [ -89.965882, 32.879573 ], [ -89.730016, 32.885072 ] ] ] } },
{ "type": "Feature", "properties": { "geo_id": "28117", "geo_name": "Prentiss", "geo_level": "county", "year": 2022 }, "geometry": { "type": "Polygon", "coordinates": [ [ [ -88.329193, 34.463571 ], [ -88.330699, 34.740721 ], [ -88.365472, 34.755604 ], [ -88.718508, 34.756781 ], [ -88.717794, 34.596472 ], [ -88.73544, 34.596483 ], [ -88.736465, 34.50891 ], [ -88.541749, 34.509192 ], [ -88.542079, 34.465276 ], [ -88.329193, 34.463571 ] ] ] } },
{ "type": "Feature", "properties": { "geo_id": "28113", "geo_name": "Pike", "geo_level": "county", "year": 2022 }, "geometry": { "type": "Polygon", "coordinates": [ [ [ -90.259555, 31.000679 ], [ -90.260391, 31.350274 ], [ -90.548199, 31.349574 ], [ -90.547616, 30.99972 ], [ -90.259555, 31.000679 ] ] ] } },
{ "type": "Feature", "properties": { "geo_id": "28029", "geo_name": "Copiah", "geo_level": "county", "year": 2022 }, "geometry": { "type": "Polygon", "coordinates": [ [ [ -90.122565, 31.75268 ], [ -90.140757, 31.789353 ], [ -90.132552, 31.856923 ], [ -90.170276, 31.904472 ], [ -90.209267, 31.98934 ], [ -90.247752, 32.030681 ], [ -90.230331, 32.049728 ], [ -90.718297, 32.048352 ], [ -90.716785, 31.844583 ], [ -90.736282, 31.786134 ], [ -90.736824, 31.698491 ], [ -90.279953, 31.699865 ], [ -90.245191, 31.717524 ], [ -90.122565, 31.75268 ] ] ] } },
{ "type": "Feature", "properties": { "geo_id": "28013", "geo_name": "Calhoun", "geo_level": "county", "year": 2022 }, "geometry": { "type": "Polygon", "coordinates": [ [ [ -89.509748, 34.162082 ], [ -89.507353, 33.867469 ], [ -89.507135, 33.721819 ], [ -89.191924, 33.722158 ], [ -89.191781, 33.738602 ], [ -89.19004, 33.81171 ], [ -89.137876, 33.812144 ], [ -89.139158, 34.074116 ], [ -89.244436, 34.073942 ], [ -89.245485, 34.161186 ], [ -89.509748, 34.162082 ] ] ] } },
{ "type": "Feature", "properties": { "geo_id": "28041", "geo_name": "Greene", "geo_level": "county", "year": 2022 }, "geometry": { "type": "Polygon", "coordinates": [ [ [ -88.834339, 30.997983 ], [ -88.425432, 30.998323 ], [ -88.432007, 31.114298 ], [ -88.449438, 31.435837 ], [ -88.841707, 31.433703 ], [ -88.840929, 30.99841 ], [ -88.834339, 30.997983 ] ] ] } },
{ "type": "Feature", "properties": { "geo_id": "28005", "geo_name": "Amite", "geo_level": "county", "year": 2022 }, "geometry": { "type": "Polygon", "coordinates": [ [ [ -91.060219, 30.998927 ], [ -90.547616, 30.99972 ], [ -90.548199, 31.349574 ], [ -90.633302, 31.349306 ], [ -90.983002, 31.348671 ], [ -91.095398, 31.320975 ], [ -91.059431, 31.281858 ], [ -91.060219, 30.998927 ] ] ] } },
{ "type": "Feature", "properties": { "geo_id": "28045", "geo_name": "Hancock", "geo_level": "county", "year": 2022 }, "geometry": { "type": "Polygon", "coordinates": [ [ [ -89.306135, 30.177941 ], [ -89.306845, 30.338396 ], [ -89.340847, 30.357995 ], [ -89.341446, 30.64772 ], [ -89.544232, 30.648368 ], [ -89.54451, 30.516862 ], [ -89.647072, 30.502738 ], [ -89.646961, 30.458892 ], [ -89.690035, 30.459333 ], [ -89.683708, 30.405586 ], [ -89.630622, 30.337491 ], [ -89.631614, 30.257013 ], [ -89.571907, 30.180721 ], [ -89.538635, 30.19589 ], [ -89.516891, 30.16459 ], [ -89.416711, 30.177639 ], [ -89.306135, 30.177941 ] ] ] } },
{ "type": "Feature", "properties": { "geo_id": "28129", "geo_name": "Smith", "geo_level": "county", "year": 2022 }, "geometry": { "type": "Polygon", "coordinates": [ [ [ -89.401227, 31.796863 ], [ -89.31656, 31.80209 ], [ -89.320748, 31.874338 ], [ -89.322692, 32.223472 ], [ -89.730424, 32.222039 ], [ -89.730066, 32.047072 ], [ -89.662086, 32.047239 ], [ -89.654426, 32.013678 ], [ -89.653025, 31.780653 ], [ -89.401227, 31.796863 ] ] ] } },
{ "type": "Feature", "properties": { "geo_id": "28021", "geo_name": "Claiborne", "geo_level": "county", "year": 2022 }, "geometry": { "type": "Polygon", "coordinates": [ [ [ -90.736282, 31.786134 ], [ -90.716785, 31.844583 ], [ -90.718297, 32.048352 ], [ -90.728622, 32.225119 ], [ -90.79005, 32.174716 ], [ -90.77482, 32.153993 ], [ -90.956787, 32.083597 ], [ -91.030207, 32.114353 ], [ -91.080008, 32.079154 ], [ -91.098708, 32.048355 ], [ -91.075908, 32.016827 ], [ -91.106908, 31.989357 ], [ -91.16441, 31.982557 ], [ -91.18811, 31.961358 ], [ -91.20101, 31.909159 ], [ -91.248144, 31.869848 ], [ -91.013676, 31.861852 ], [ -90.842, 31.826498 ], [ -90.852657, 31.785422 ], [ -90.736282, 31.786134 ] ] ] } },
{ "type": "Feature", "properties": { "geo_id": "28153", "geo_name": "Wayne", "geo_level": "county", "year": 2022 }, "geometry": { "type": "Polygon", "coordinates": [ [ [ -88.841707, 31.433703 ], [ -88.449438, 31.435837 ], [ -88.46443, 31.697952 ], [ -88.473227, 31.893856 ], [ -88.622394, 31.857193 ], [ -88.763411, 31.835934 ], [ -88.910459, 31.826649 ], [ -88.943355, 31.824565 ], [ -88.943468, 31.433458 ], [ -88.841707, 31.433703 ] ] ] } },
{ "type": "Feature", "properties": { "geo_id": "28159", "geo_name": "Winston", "geo_level": "county", "year": 2022 }, "geometry": { "type": "Polygon", "coordinates": [ [ [ -89.088255, 33.286003 ], [ -89.108886, 33.285937 ], [ -89.1089, 33.198059 ], [ -89.213422, 33.197543 ], [ -89.213921, 33.109402 ], [ -89.317855, 33.108871 ], [ -89.319163, 32.931654 ], [ -89.017723, 32.931326 ], [ -88.914413, 32.9266 ], [ -88.812782, 32.925973 ], [ -88.813053, 33.286424 ], [ -89.088255, 33.286003 ] ] ] } },
{ "type": "Feature", "properties": { "geo_id": "28053", "geo_name": "Humphreys", "geo_level": "county", "year": 2022 }, "geometry": { "type": "Polygon", "coordinates": [ [ [ -90.656632, 32.92251 ], [ -90.449893, 32.92329 ], [ -90.449323, 33.00901 ], [ -90.364031, 33.010596 ], [ -90.391456, 33.04999 ], [ -90.429783, 33.060991 ], [ -90.428774, 33.107932 ], [ -90.330312, 33.137818 ], [ -90.331589, 33.302825 ], [ -90.374161, 33.281928 ], [ -90.381958, 33.244401 ], [ -90.453801, 33.267302 ], [ -90.453233, 33.329484 ], [ -90.555549, 33.329181 ], [ -90.555211, 33.270533 ], [ -90.716277, 33.270032 ], [ -90.733216, 33.232975 ], [ -90.680319, 33.201971 ], [ -90.701845, 33.096294 ], [ -90.658049, 33.096514 ], [ -90.656632, 32.92251 ] ] ] } },
{ "type": "Feature", "properties": { "geo_id": "28103", "geo_name": "Noxubee", "geo_level": "county", "year": 2022 }, "geometry": { "type": "Polygon", "coordinates": [ [ [ -88.812782, 32.925973 ], [ -88.347887, 32.929082 ], [ -88.340432, 32.991199 ], [ -88.304434, 33.28832 ], [ -88.669076, 33.286922 ], [ -88.813053, 33.286424 ], [ -88.812782, 32.925973 ] ] ] } },
{ "type": "Feature", "properties": { "geo_id": "28083", "geo_name": "Leflore", "geo_level": "county", "year": 2022 }, "geometry": { "type": "Polygon", "coordinates": [ [ [ -90.451643, 33.81139 ], [ -90.453233, 33.329484 ], [ -90.453801, 33.267302 ], [ -90.381958, 33.244401 ], [ -90.374161, 33.281928 ], [ -90.331589, 33.302825 ], [ -90.29169, 33.31901 ], [ -90.295029, 33.361784 ], [ -90.174614, 33.333378 ], [ -90.174756, 33.417003 ], [ -90.137817, 33.416455 ], [ -90.13761, 33.459114 ], [ -90.101401, 33.45894 ], [ -90.102155, 33.652419 ], [ -90.127775, 33.676956 ], [ -90.136787, 33.721648 ], [ -90.25234, 33.730316 ], [ -90.269105, 33.697208 ], [ -90.313859, 33.725746 ], [ -90.294502, 33.750981 ], [ -90.204205, 33.759446 ], [ -90.182584, 33.809322 ], [ -90.451643, 33.81139 ] ] ] } },
{ "type": "Feature", "properties": { "geo_id": "28027", "geo_name": "Coahoma", "geo_level": "county", "year": 2022 }, "geometry": { "type": "Polygon", "coordinates": [ [ [ -90.567874, 34.523999 ], [ -90.59392, 34.484176 ], [ -90.586232, 34.409172 ], [ -90.707252, 34.361181 ], [ -90.757304, 34.367392 ], [ -90.76513, 34.342511 ], [ -90.735873, 34.310687 ], [ -90.760423, 34.270733 ], [ -90.833629, 34.274074 ], [ -90.847149, 34.20613 ], [ -90.906334, 34.244382 ], [ -90.934544, 34.217854 ], [ -90.886746, 34.182501 ], [ -90.817488, 34.183198 ], [ -90.836099, 34.137876 ], [ -90.909957, 34.165511 ], [ -90.956901, 34.120091 ], [ -90.659457, 34.118867 ], [ -90.657002, 33.987586 ], [ -90.451012, 33.985689 ], [ -90.450981, 34.072932 ], [ -90.450572, 34.262402 ], [ -90.399014, 34.261524 ], [ -90.399498, 34.423807 ], [ -90.567874, 34.523999 ] ] ] } },
{ "type": "Feature", "properties": { "geo_id": "28047", "geo_name": "Harrison", "geo_level": "county", "year": 2022 }, "geometry": { "type": "Polygon", "coordinates": [ [ [ -89.306135, 30.177941 ], [ -89.260977, 30.181998 ], [ -89.183669, 30.212155 ], [ -89.096476, 30.165829 ], [ -88.88903, 30.139845 ], [ -88.90033, 30.16998 ], [ -88.821387, 30.21737 ], [ -88.795147, 30.199994 ], [ -88.795287, 30.350361 ], [ -88.851655, 30.409736 ], [ -88.88313, 30.418798 ], [ -88.884533, 30.677292 ], [ -89.240073, 30.67716 ], [ -89.240136, 30.647646 ], [ -89.341446, 30.64772 ], [ -89.340847, 30.357995 ], [ -89.306845, 30.338396 ], [ -89.306135, 30.177941 ] ] ] } },
{ "type": "Feature", "properties": { "geo_id": "28059", "geo_name": "Jackson", "geo_level": "county", "year": 2022 }, "geometry": { "type": "Polygon", "coordinates": [ [ [ -88.884534, 30.735591 ], [ -88.884533, 30.677292 ], [ -88.88313, 30.418798 ], [ -88.851655, 30.409736 ], [ -88.795287, 30.350361 ], [ -88.795147, 30.199994 ], [ -88.603881, 30.170609 ], [ -88.545855, 30.176653 ], [ -88.461283, 30.146686 ], [ -88.384431, 30.158543 ], [ -88.412612, 30.73559 ], [ -88.884534, 30.735591 ] ] ] } },
{ "type": "Feature", "properties": { "geo_id": "28107", "geo_name": "Panola", "geo_level": "county", "year": 2022 }, "geometry": { "type": "Polygon", "coordinates": [ [ [ -89.931485, 34.164303 ], [ -89.721431, 34.163513 ], [ -89.72105, 34.192545 ], [ -89.721341, 34.554274 ], [ -90.198631, 34.554425 ], [ -90.198536, 34.511088 ], [ -90.194086, 34.301407 ], [ -90.134441, 34.265195 ], [ -90.135456, 34.160074 ], [ -89.96408, 34.159472 ], [ -89.931485, 34.164303 ] ] ] } },
{ "type": "Feature", "properties": { "geo_id": "28093", "geo_name": "Marshall", "geo_level": "county", "year": 2022 }, "geometry": { "type": "Polygon", "coordinates": [ [ [ -89.245645, 34.583234 ], [ -89.298334, 34.582926 ], [ -89.299227, 34.844415 ], [ -89.352705, 34.844432 ], [ -89.352679, 34.993863 ], [ -89.724324, 34.99479 ], [ -89.724183, 34.972377 ], [ -89.724187, 34.969946 ], [ -89.723442, 34.772311 ], [ -89.722333, 34.685504 ], [ -89.66916, 34.685786 ], [ -89.668448, 34.554367 ], [ -89.476642, 34.554168 ], [ -89.424459, 34.519129 ], [ -89.359181, 34.524857 ], [ -89.292763, 34.515786 ], [ -89.246133, 34.495633 ], [ -89.245645, 34.583234 ] ] ] } },
{ "type": "Feature", "properties": { "geo_id": "28043", "geo_name": "Grenada", "geo_level": "county", "year": 2022 }, "geometry": { "type": "Polygon", "coordinates": [ [ [ -90.127775, 33.676956 ], [ -89.78689, 33.676727 ], [ -89.506872, 33.677605 ], [ -89.507135, 33.721819 ], [ -89.507353, 33.867469 ], [ -89.76905, 33.867334 ], [ -89.769296, 33.897137 ], [ -89.926099, 33.897957 ], [ -89.926294, 33.823854 ], [ -89.978367, 33.809719 ], [ -90.136491, 33.809319 ], [ -90.136787, 33.721648 ], [ -90.127775, 33.676956 ] ] ] } },
{ "type": "Feature", "properties": { "geo_id": "28141", "geo_name": "Tishomingo", "geo_level": "county", "year": 2022 }, "geometry": { "type": "Polygon", "coordinates": [ [ [ -88.363531, 34.995475 ], [ -88.365472, 34.755604 ], [ -88.330699, 34.740721 ], [ -88.329193, 34.463571 ], [ -88.156292, 34.463214 ], [ -88.139988, 34.581703 ], [ -88.097888, 34.892202 ], [ -88.152413, 34.919741 ], [ -88.200064, 34.995634 ], [ -88.363531, 34.995475 ] ] ] } },
{ "type": "Feature", "properties": { "geo_id": "28119", "geo_name": "Quitman", "geo_level": "county", "year": 2022 }, "geometry": { "type": "Polygon", "coordinates": [ [ [ -90.135456, 34.160074 ], [ -90.134441, 34.265195 ], [ -90.194086, 34.301407 ], [ -90.198536, 34.511088 ], [ -90.304317, 34.509621 ], [ -90.301851, 34.424546 ], [ -90.399498, 34.423807 ], [ -90.399014, 34.261524 ], [ -90.450572, 34.262402 ], [ -90.450981, 34.072932 ], [ -90.135695, 34.0729 ], [ -90.135456, 34.160074 ] ] ] } },
{ "type": "Feature", "properties": { "geo_id": "28157", "geo_name": "Wilkinson", "geo_level": "county", "year": 2022 }, "geometry": { "type": "Polygon", "coordinates": [ [ [ -91.589451, 31.19114 ], [ -91.625199, 31.115963 ], [ -91.56415, 31.06683 ], [ -91.564397, 31.038965 ], [ -91.636942, 30.999416 ], [ -91.060219, 30.998927 ], [ -91.059431, 31.281858 ], [ -91.095398, 31.320975 ], [ -91.15815, 31.346695 ], [ -91.30358, 31.360975 ], [ -91.343196, 31.339422 ], [ -91.424012, 31.31504 ], [ -91.468435, 31.31957 ], [ -91.478799, 31.238999 ], [ -91.530126, 31.214842 ], [ -91.57567, 31.224475 ], [ -91.589451, 31.19114 ] ] ] } },
{ "type": "Feature", "properties": { "geo_id": "28079", "geo_name": "Leake", "geo_level": "county", "year": 2022 }, "geometry": { "type": "Polygon", "coordinates": [ [ [ -89.317588, 32.576458 ], [ -89.319163, 32.931654 ], [ -89.730154, 32.929924 ], [ -89.730016, 32.885072 ], [ -89.730304, 32.634228 ], [ -89.730152, 32.577248 ], [ -89.322598, 32.576433 ], [ -89.317588, 32.576458 ] ] ] } },
{ "type": "Feature", "properties": { "geo_id": "28025", "geo_name": "Clay", "geo_level": "county", "year": 2022 }, "geometry": { "type": "Polygon", "coordinates": [ [ [ -88.67125, 33.506168 ], [ -88.609389, 33.506751 ], [ -88.492504, 33.543154 ], [ -88.47468, 33.598092 ], [ -88.513917, 33.650209 ], [ -88.496414, 33.680075 ], [ -88.719626, 33.680253 ], [ -88.719979, 33.81133 ], [ -88.931176, 33.812374 ], [ -88.931604, 33.754312 ], [ -89.034775, 33.754156 ], [ -89.034498, 33.73943 ], [ -89.034267, 33.63541 ], [ -89.018613, 33.562114 ], [ -88.671526, 33.565135 ], [ -88.67125, 33.506168 ] ] ] } },
{ "type": "Feature", "properties": { "geo_id": "28037", "geo_name": "Franklin", "geo_level": "county", "year": 2022 }, "geometry": { "type": "Polygon", "coordinates": [ [ [ -91.095398, 31.320975 ], [ -90.983002, 31.348671 ], [ -90.633302, 31.349306 ], [ -90.633231, 31.611409 ], [ -90.73733, 31.611124 ], [ -91.153864, 31.610068 ], [ -91.15815, 31.346695 ], [ -91.095398, 31.320975 ] ] ] } },
{ "type": "Feature", "properties": { "geo_id": "28099", "geo_name": "Neshoba", "geo_level": "county", "year": 2022 }, "geometry": { "type": "Polygon", "coordinates": [ [ [ -88.914516, 32.576955 ], [ -88.914413, 32.9266 ], [ -89.017723, 32.931326 ], [ -89.319163, 32.931654 ], [ -89.317588, 32.576458 ], [ -88.914516, 32.576955 ] ] ] } },
{ "type": "Feature", "properties": { "geo_id": "28081", "geo_name": "Lee", "geo_level": "county", "year": 2022 }, "geometry": { "type": "Polygon", "coordinates": [ [ [ -88.718964, 34.074521 ], [ -88.718764, 34.089355 ], [ -88.543352, 34.089044 ], [ -88.544685, 34.337993 ], [ -88.542079, 34.465276 ], [ -88.541749, 34.509192 ], [ -88.736465, 34.50891 ], [ -88.789442, 34.49493 ], [ -88.789774, 34.393692 ], [ -88.824966, 34.364759 ], [ -88.824523, 34.074948 ], [ -88.718964, 34.074521 ] ] ] } },
{ "type": "Feature", "properties": { "geo_id": "28133", "geo_name": "Sunflower", "geo_level": "county", "year": 2022 }, "geometry": { "type": "Polygon", "coordinates": [ [ [ -90.716277, 33.270032 ], [ -90.555211, 33.270533 ], [ -90.555549, 33.329181 ], [ -90.453233, 33.329484 ], [ -90.451643, 33.81139 ], [ -90.451012, 33.985689 ], [ -90.657002, 33.987586 ], [ -90.6586, 33.616272 ], [ -90.763469, 33.616164 ], [ -90.763509, 33.529389 ], [ -90.763773, 33.270359 ], [ -90.716277, 33.270032 ] ] ] } },
{ "type": "Feature", "properties": { "geo_id": "28063", "geo_name": "Jefferson", "geo_level": "county", "year": 2022 }, "geometry": { "type": "Polygon", "coordinates": [ [ [ -91.248144, 31.869848 ], [ -91.245624, 31.833165 ], [ -91.283212, 31.815762 ], [ -91.294713, 31.86046 ], [ -91.345214, 31.843861 ], [ -91.363514, 31.783363 ], [ -91.317864, 31.749766 ], [ -91.29557, 31.66987 ], [ -91.233022, 31.629158 ], [ -91.153841, 31.630488 ], [ -91.153864, 31.610068 ], [ -90.73733, 31.611124 ], [ -90.736824, 31.698491 ], [ -90.736282, 31.786134 ], [ -90.852657, 31.785422 ], [ -90.842, 31.826498 ], [ -91.013676, 31.861852 ], [ -91.248144, 31.869848 ] ] ] } },
{ "type": "Feature", "properties": { "geo_id": "28001", "geo_name": "Adams", "geo_level": "county", "year": 2022 }, "geometry": { "type": "Polygon", "coordinates": [ [ [ -91.589451, 31.19114 ], [ -91.57567, 31.224475 ], [ -91.530126, 31.214842 ], [ -91.478799, 31.238999 ], [ -91.468435, 31.31957 ], [ -91.424012, 31.31504 ], [ -91.343196, 31.339422 ], [ -91.30358, 31.360975 ], [ -91.15815, 31.346695 ], [ -91.153864, 31.610068 ], [ -91.153841, 31.630488 ], [ -91.233022, 31.629158 ], [ -91.29557, 31.66987 ], [ -91.317864, 31.749766 ], [ -91.369375, 31.746903 ], [ -91.397115, 31.711364 ], [ -91.400815, 31.620465 ], [ -91.463817, 31.620365 ], [ -91.497665, 31.645371 ], [ -91.517233, 31.61346 ], [ -91.486518, 31.586566 ], [ -91.422716, 31.597065 ], [ -91.407915, 31.569366 ], [ -91.443916, 31.542466 ], [ -91.515919, 31.530729 ], [ -91.513366, 31.444396 ], [ -91.472067, 31.397076 ], [ -91.548213, 31.346084 ], [ -91.510049, 31.316822 ], [ -91.518578, 31.275283 ], [ -91.558684, 31.262176 ], [ -91.641253, 31.266917 ], [ -91.644356, 31.234414 ], [ -91.589451, 31.19114 ] ] ] } },
{ "type": "Feature", "properties": { "geo_id": "28057", "geo_name": "Itawamba", "geo_level": "county", "year": 2022 }, "geometry": { "type": "Polygon", "coordinates": [ [ [ -88.203864, 34.086564 ], [ -88.173632, 34.321054 ], [ -88.156292, 34.463214 ], [ -88.329193, 34.463571 ], [ -88.542079, 34.465276 ], [ -88.544685, 34.337993 ], [ -88.543352, 34.089044 ], [ -88.203864, 34.086564 ] ] ] } },
{ "type": "Feature", "properties": { "geo_id": "28049", "geo_name": "Hinds", "geo_level": "county", "year": 2022 }, "geometry": { "type": "Polygon", "coordinates": [ [ [ -90.718297, 32.048352 ], [ -90.230331, 32.049728 ], [ -90.24538, 32.171396 ], [ -90.197823, 32.187916 ], [ -90.185799, 32.219563 ], [ -90.205292, 32.251945 ], [ -90.160787, 32.285843 ], [ -90.095184, 32.389145 ], [ -90.065697, 32.399529 ], [ -90.173947, 32.400272 ], [ -90.176566, 32.400235 ], [ -90.243764, 32.400098 ], [ -90.243641, 32.487533 ], [ -90.445946, 32.487903 ], [ -90.450037, 32.573783 ], [ -90.482674, 32.544006 ], [ -90.553821, 32.507574 ], [ -90.604067, 32.479064 ], [ -90.599985, 32.424627 ], [ -90.627363, 32.377974 ], [ -90.627978, 32.339483 ], [ -90.683571, 32.352784 ], [ -90.707605, 32.340004 ], [ -90.698842, 32.297371 ], [ -90.728622, 32.225119 ], [ -90.718297, 32.048352 ] ] ] } },
{ "type": "Feature", "properties": { "geo_id": "28033", "geo_name": "DeSoto", "geo_level": "county", "year": 2022 }, "geometry": { "type": "Polygon", "coordinates": [ [ [ -90.200199, 34.724418 ], [ -90.169988, 34.758735 ], [ -90.132368, 34.759913 ], [ -90.098277, 34.731783 ], [ -90.029144, 34.708176 ], [ -89.925158, 34.751536 ], [ -89.908587, 34.772641 ], [ -89.723442, 34.772311 ], [ -89.724187, 34.969946 ], [ -89.724183, 34.972377 ], [ -89.724324, 34.99479 ], [ -90.308361, 34.995694 ], [ -90.243757, 34.94527 ], [ -90.243208, 34.9091 ], [ -90.304561, 34.860587 ], [ -90.202126, 34.860374 ], [ -90.200199, 34.724418 ] ] ] } },
{ "type": "Feature", "properties": { "geo_id": "28067", "geo_name": "Jones", "geo_level": "county", "year": 2022 }, "geometry": { "type": "Polygon", "coordinates": [ [ [ -88.943355, 31.824565 ], [ -89.31656, 31.80209 ], [ -89.401227, 31.796863 ], [ -89.399178, 31.434029 ], [ -89.146092, 31.434052 ], [ -88.943468, 31.433458 ], [ -88.943355, 31.824565 ] ] ] } },
{ "type": "Feature", "properties": { "geo_id": "28075", "geo_name": "Lauderdale", "geo_level": "county", "year": 2022 }, "geometry": { "type": "Polygon", "coordinates": [ [ [ -88.421453, 32.30868 ], [ -88.388797, 32.578123 ], [ -88.914516, 32.576955 ], [ -88.913847, 32.224186 ], [ -88.431379, 32.227666 ], [ -88.421453, 32.30868 ] ] ] } },
{ "type": "Feature", "properties": { "geo_id": "28147", "geo_name": "Walthall", "geo_level": "county", "year": 2022 }, "geometry": { "type": "Polygon", "coordinates": [ [ [ -90.259555, 31.000679 ], [ -89.835908, 31.002047 ], [ -89.835873, 31.074926 ], [ -89.920944, 31.074677 ], [ -89.938178, 31.132949 ], [ -90.005936, 31.1323 ], [ -90.031896, 31.175727 ], [ -90.040375, 31.23391 ], [ -90.040466, 31.336014 ], [ -90.082442, 31.328849 ], [ -90.108651, 31.350869 ], [ -90.24389, 31.350274 ], [ -90.260391, 31.350274 ], [ -90.259555, 31.000679 ] ] ] } },
{ "type": "Feature", "properties": { "geo_id": "28065", "geo_name": "Jefferson Davis", "geo_level": "county", "year": 2022 }, "geometry": { "type": "Polygon", "coordinates": [ [ [ -89.974586, 31.761655 ], [ -89.976052, 31.522477 ], [ -89.959097, 31.522421 ], [ -89.95894, 31.390489 ], [ -89.823332, 31.390021 ], [ -89.824236, 31.434093 ], [ -89.654212, 31.433805 ], [ -89.586819, 31.433688 ], [ -89.586919, 31.513444 ], [ -89.602889, 31.538836 ], [ -89.672328, 31.564492 ], [ -89.755614, 31.609751 ], [ -89.755103, 31.774654 ], [ -89.974586, 31.761655 ] ] ] } },
{ "type": "Feature", "properties": { "geo_id": "28155", "geo_name": "Webster", "geo_level": "county", "year": 2022 }, "geometry": { "type": "Polygon", "coordinates": [ [ [ -89.381092, 33.460307 ], [ -89.339624, 33.469915 ], [ -89.319446, 33.496709 ], [ -89.222039, 33.527245 ], [ -89.088446, 33.533202 ], [ -89.088263, 33.562039 ], [ -89.018613, 33.562114 ], [ -89.034267, 33.63541 ], [ -89.034498, 33.73943 ], [ -89.191781, 33.738602 ], [ -89.191924, 33.722158 ], [ -89.507135, 33.721819 ], [ -89.506872, 33.677605 ], [ -89.506496, 33.459806 ], [ -89.381092, 33.460307 ] ] ] } },
{ "type": "Feature", "properties": { "geo_id": "28089", "geo_name": "Madison", "geo_level": "county", "year": 2022 }, "geometry": { "type": "Polygon", "coordinates": [ [ [ -90.173947, 32.400272 ], [ -90.065697, 32.399529 ], [ -90.065796, 32.425678 ], [ -90.06626, 32.426398 ], [ -90.019347, 32.477293 ], [ -89.962077, 32.491286 ], [ -89.871346, 32.561002 ], [ -89.861159, 32.583162 ], [ -89.784123, 32.586891 ], [ -89.730304, 32.634228 ], [ -89.730016, 32.885072 ], [ -89.965882, 32.879573 ], [ -90.018675, 32.821689 ], [ -90.049129, 32.735674 ], [ -90.094297, 32.704432 ], [ -90.136027, 32.697248 ], [ -90.197729, 32.66385 ], [ -90.22631, 32.668155 ], [ -90.311212, 32.640692 ], [ -90.322828, 32.615589 ], [ -90.40441, 32.574741 ], [ -90.450037, 32.573783 ], [ -90.445946, 32.487903 ], [ -90.243641, 32.487533 ], [ -90.243764, 32.400098 ], [ -90.176566, 32.400235 ], [ -90.173947, 32.400272 ] ] ] } }
]
}
