{
"type": "FeatureCollection",
"name": "school_district_geographies_sample",
"crs": { "type": "name", "properties": { "name": "urn:ogc:def:crs:OGC:1.3:CRS84" } },
"features": [
{ "type": "Feature", "properties": { "geo_id": "0100001", "geo_name": "Fort Rucker School District", "geo_level": "school_district", "year": 2021 }, "geometry": { "type": "Polygon", "coordinates": [ [ [ -85.789308, 31.490925 ], [ -85.817702, 31.50935 ], [ -85.840629, 31.473087 ], [ -85.858166, 31.465831 ], [ -85.845145, 31.429359 ], [ -85.789837, 31.385469 ], [ -85.789785, 31.356562 ], [ -85.755551, 31.356399 ], [ -85.745747, 31.322028 ], [ -85.74429, 31.320838 ], [ -85.715492, 31.319532 ], [ -85.713481, 31.320401 ], [ -85.675689, 31.315582 ], [ -85.665605, 31.317301 ], [ -85.61573, 31.3624 ], [ -85.662703, 31.38464 ], [ -85.700783, 31.384907 ], [ -85.679211, 31.415838 ], [ -85.705264, 31.429154 ], [ -85.713572, 31.458233 ], [ -85.759878, 31.469358 ], [ -85.759103, 31.48379 ], [ -85.789308, 31.490925 ] ] ] } },
{ "type": "Feature", "properties": { "geo_id": "0100003", "geo_name": "Maxwell AFB School District", "geo_level": "school_district", "year": 2021 }, "geometry": { "type": "Polygon", "coordinates": [ [ [ -86.376555, 32.393576 ], [ -86.371403, 32.368871 ], [ -86.333484, 32.376668 ], [ -86.352748, 32.396704 ], [ -86.376555, 32.393576 ] ] ] } },
{ "type": "Feature", "properties": { "geo_id": "0100005", "geo_name": "Albertville City School District", "geo_level": "school_district", "year": 2021 }, "geometry": { "type": "Polygon", "coordinates": [ [ [ -86.266139, 34.297754 ], [ -86.240887, 34.251218 ], [ -86.250924, 34.252079 ], [ -86.258945, 34.224026 ], [ -86.191514, 34.220171 ], [ -86.191493, 34.221584 ], [ -86.191466, 34.223528 ], [ -86.173747, 34.230395 ], [ -86.167491, 34.228832 ], [ -86.155569, 34.232608 ], [ -86.160428, 34.286925 ], [ -86.209319, 34.293219 ], [ -86.223343, 34.312766 ], [ -86.25773, 34.301851 ], [ -86.266147, 34.301125 ], [ -86.266139, 34.297754 ] ] ] } },
{ "type": "Feature", "properties": { "geo_id": "0100006", "geo_name": "Marshall County School District", "geo_level": "school_district", "year": 2021 }, "geometry": { "type": "Polygon", "coordinates": [ [ [ -86.550166, 34.545963 ], [ -86.58132, 34.371094 ], [ -86.581936, 34.304694 ], [ -86.516655, 34.303281 ], [ -86.530015, 34.333127 ], [ -86.493208, 34.365248 ], [ -86.462288, 34.310211 ], [ -86.477525, 34.302758 ], [ -86.459449, 34.289148 ], [ -86.45302, 34.259317 ], [ -86.409017, 34.205002 ], [ -86.303516, 34.099073 ], [ -86.193649, 34.181575 ], [ -86.178815, 34.18396 ], [ -86.191514, 34.220171 ], [ -86.258945, 34.224026 ], [ -86.250924, 34.252079 ], [ -86.240887, 34.251218 ], [ -86.266139, 34.297754 ], [ -86.3716, 34.301977 ], [ -86.371512, 34.316614 ], [ -86.335998, 34.330647 ], [ -86.335852, 34.370404 ], [ -86.312363, 34.393383 ], [ -86.235677, 34.39147 ], [ -86.229185, 34.422044 ], [ -86.179754, 34.422107 ], [ -86.191576, 34.375773 ], [ -86.215301, 34.355019 ], [ -86.240905, 34.375897 ], [ -86.266137, 34.371234 ], [ -86.24221, 34.3309 ], [ -86.291696, 34.330756 ], [ -86.266147, 34.301125 ], [ -86.25773, 34.301851 ], [ -86.223343, 34.312766 ], [ -86.209319, 34.293219 ], [ -86.160428, 34.286925 ], [ -86.155569, 34.232608 ], [ -86.106086, 34.200756 ], [ -86.110362, 34.427797 ], [ -86.057712, 34.475994 ], [ -86.082763, 34.464473 ], [ -86.104417, 34.506579 ], [ -86.149806, 34.533633 ], [ -86.148464, 34.599069 ], [ -86.326853, 34.599403 ], [ -86.307275, 34.582514 ], [ -86.311187, 34.539277 ], [ -86.33496, 34.509309 ], [ -86.353745, 34.521589 ], [ -86.412446, 34.494155 ], [ -86.425482, 34.479277 ], [ -86.499988, 34.482292 ], [ -86.533445, 34.502795 ], [ -86.550166, 34.545963 ] ] ] } },
{ "type": "Feature", "properties": { "geo_id": "0100007", "geo_name": "Hoover City School District", "geo_level": "school_district", "year": 2021 }, "geometry": { "type": "MultiPolygon", "coordinates": [ [ [ [ -86.677639, 33.422728 ], [ -86.660612, 33.409137 ], [ -86.630617, 33.415862 ], [ -86.604626, 33.467127 ], [ -86.624005, 33.466856 ], [ -86.626359, 33.466809 ], [ -86.626361, 33.463155 ], [ -86.628611, 33.459453 ], [ -86.643738, 33.441084 ], [ -86.658138, 33.437444 ], [ -86.666394, 33.429237 ], [ -86.669888, 33.423353 ], [ -86.674236, 33.422711 ], [ -86.677639, 33.422728 ] ] ], [ [ [ -86.769863, 33.388533 ], [ -86.721953, 33.387257 ], [ -86.704712, 33.425666 ], [ -86.719755, 33.423533 ], [ -86.727722, 33.416432 ], [ -86.75118, 33.41279 ], [ -86.752358, 33.413006 ], [ -86.752351, 33.4146 ], [ -86.75235, 33.414834 ], [ -86.752348, 33.41542 ], [ -86.752347, 33.415509 ], [ -86.752344, 33.416031 ], [ -86.76095, 33.404119 ], [ -86.762923, 33.396786 ], [ -86.761023, 33.388321 ], [ -86.769863, 33.388533 ] ] ], [ [ [ -86.78848, 33.404512 ], [ -86.764515, 33.409208 ], [ -86.765073, 33.409798 ], [ -86.774088, 33.413831 ], [ -86.774238, 33.413724 ], [ -86.778538, 33.411102 ], [ -86.778614, 33.411077 ], [ -86.780116, 33.410589 ], [ -86.782188, 33.407009 ], [ -86.782515, 33.405586 ], [ -86.782778, 33.404905 ], [ -86.783082, 33.404688 ], [ -86.783111, 33.404643 ], [ -86.784059, 33.404694 ], [ -86.784611, 33.404849 ], [ -86.784647, 33.405117 ], [ -86.786888, 33.404281 ], [ -86.788651, 33.405024 ], [ -86.78848, 33.404512 ] ] ], [ [ [ -86.823596, 33.434767 ], [ -86.813067, 33.433537 ], [ -86.813586, 33.440298 ], [ -86.820326, 33.440008 ], [ -86.822564, 33.436934 ], [ -86.822956, 33.436644 ], [ -86.823596, 33.434767 ] ] ], [ [ [ -86.900071, 33.307763 ], [ -86.876974, 33.30127 ], [ -86.839232, 33.332158 ], [ -86.835121, 33.332082 ], [ -86.83069, 33.331798 ], [ -86.813292, 33.338718 ], [ -86.809036, 33.345808 ], [ -86.803868, 33.349369 ], [ -86.795698, 33.346325 ], [ -86.789343, 33.352661 ], [ -86.788733, 33.348715 ], [ -86.782857, 33.345143 ], [ -86.778543, 33.37114 ], [ -86.786981, 33.398665 ], [ -86.808693, 33.411499 ], [ -86.828056, 33.406354 ], [ -86.828292, 33.406609 ], [ -86.829767, 33.41202 ], [ -86.830198, 33.412012 ], [ -86.824934, 33.415258 ], [ -86.829142, 33.416284 ], [ -86.829534, 33.418343 ], [ -86.830351, 33.418561 ], [ -86.824932, 33.418797 ], [ -86.823822, 33.418773 ], [ -86.816827, 33.416184 ], [ -86.814942, 33.42094 ], [ -86.814968, 33.421219 ], [ -86.816439, 33.422949 ], [ -86.815834, 33.423035 ], [ -86.830335, 33.432127 ], [ -86.834632, 33.430065 ], [ -86.836041, 33.429266 ], [ -86.837417, 33.42915 ], [ -86.838973, 33.426716 ], [ -86.841724, 33.426575 ], [ -86.841828, 33.426454 ], [ -86.842279, 33.425925 ], [ -86.853308, 33.415053 ], [ -86.853674, 33.41472 ], [ -86.856309, 33.412372 ], [ -86.862761, 33.416435 ], [ -86.869487, 33.409033 ], [ -86.881608, 33.407394 ], [ -86.882059, 33.407398 ], [ -86.886777, 33.404759 ], [ -86.892589, 33.400569 ], [ -86.893262, 33.399868 ], [ -86.89416, 33.398964 ], [ -86.897164, 33.38379 ], [ -86.896814, 33.38378 ], [ -86.892508, 33.383663 ], [ -86.885671, 33.383477 ], [ -86.86029, 33.376196 ], [ -86.865249, 33.375701 ], [ -86.867745, 33.371147 ], [ -86.868245, 33.370164 ], [ -86.868542, 33.369581 ], [ -86.868867, 33.368944 ], [ -86.871575, 33.363349 ], [ -86.873882, 33.358241 ], [ -86.876942, 33.354827 ], [ -86.882471, 33.358776 ], [ -86.886752, 33.354765 ], [ -86.891237, 33.349455 ], [ -86.902357, 33.336893 ], [ -86.904131, 33.335178 ], [ -86.908618, 33.333177 ], [ -86.903439, 33.307732 ], [ -86.900911, 33.307755 ], [ -86.899748, 33.313113 ], [ -86.896485, 33.315052 ], [ -86.895563, 33.316434 ], [ -86.899743, 33.311498 ], [ -86.900071, 33.307763 ] ], [ [ -86.882531, 33.328043 ], [ -86.882525, 33.328415 ], [ -86.875087, 33.332839 ], [ -86.870712, 33.332758 ], [ -86.882531, 33.328043 ] ], [ [ -86.830596, 33.342702 ], [ -86.830595, 33.342803 ], [ -86.825776, 33.348205 ], [ -86.830641, 33.337341 ], [ -86.830642, 33.337113 ], [ -86.83065, 33.336219 ], [ -86.830632, 33.338407 ], [ -86.830596, 33.342702 ] ], [ [ -86.813339, 33.363073 ], [ -86.813342, 33.363464 ], [ -86.812743, 33.363615 ], [ -86.797824, 33.36731 ], [ -86.813339, 33.363073 ] ] ], [ [ [ -86.926137, 33.294223 ], [ -86.926151, 33.289397 ], [ -86.921959, 33.296529 ], [ -86.923348, 33.296553 ], [ -86.923761, 33.29656 ], [ -86.926135, 33.295098 ], [ -86.926137, 33.294223 ] ] ] ] } },
{ "type": "Feature", "properties": { "geo_id": "0100008", "geo_name": "Madison City School District", "geo_level": "school_district", "year": 2021 }, "geometry": { "type": "Polygon", "coordinates": [ [ [ -86.842025, 34.729495 ], [ -86.848024, 34.722151 ], [ -86.842188, 34.722105 ], [ -86.815656, 34.697392 ], [ -86.815657, 34.697203 ], [ -86.815659, 34.696917 ], [ -86.806863, 34.681487 ], [ -86.80698, 34.675683 ], [ -86.800721, 34.67373 ], [ -86.786666, 34.677815 ], [ -86.786672, 34.676775 ], [ -86.786835, 34.666792 ], [ -86.78684, 34.666357 ], [ -86.786859, 34.66522 ], [ -86.786881, 34.664246 ], [ -86.740899, 34.669972 ], [ -86.738263, 34.669925 ], [ -86.712941, 34.699134 ], [ -86.711097, 34.699262 ], [ -86.708869, 34.708274 ], [ -86.708096, 34.708425 ], [ -86.70722, 34.709026 ], [ -86.707277, 34.712415 ], [ -86.707259, 34.713353 ], [ -86.709735, 34.712608 ], [ -86.710363, 34.712619 ], [ -86.711072, 34.713928 ], [ -86.708456, 34.714688 ], [ -86.708449, 34.714953 ], [ -86.708952, 34.716001 ], [ -86.709552, 34.71603 ], [ -86.71782, 34.71974 ], [ -86.706277, 34.721713 ], [ -86.707476, 34.731452 ], [ -86.707721, 34.737402 ], [ -86.707713, 34.738408 ], [ -86.708859, 34.741566 ], [ -86.711331, 34.741593 ], [ -86.71456, 34.741635 ], [ -86.714554, 34.74288 ], [ -86.714494, 34.746685 ], [ -86.714482, 34.747604 ], [ -86.71438, 34.752951 ], [ -86.716663, 34.75302 ], [ -86.725167, 34.752494 ], [ -86.728429, 34.756144 ], [ -86.732845, 34.752594 ], [ -86.736863, 34.753353 ], [ -86.740632, 34.754249 ], [ -86.747394, 34.75797 ], [ -86.766052, 34.749027 ], [ -86.763247, 34.743452 ], [ -86.765296, 34.743472 ], [ -86.766017, 34.743479 ], [ -86.771112, 34.743527 ], [ -86.779327, 34.743626 ], [ -86.782114, 34.743633 ], [ -86.786178, 34.743626 ], [ -86.815194, 34.741911 ], [ -86.815227, 34.739116 ], [ -86.815493, 34.729212 ], [ -86.819795, 34.743636 ], [ -86.835387, 34.736863 ], [ -86.837466, 34.736934 ], [ -86.842025, 34.729495 ] ], [ [ -86.805833, 34.718455 ], [ -86.805828, 34.719234 ], [ -86.803253, 34.718993 ], [ -86.803255, 34.717772 ], [ -86.804978, 34.718448 ], [ -86.805833, 34.718455 ] ] ] } },
{ "type": "Feature", "properties": { "geo_id": "0100011", "geo_name": "Leeds City School District", "geo_level": "school_district", "year": 2021 }, "geometry": { "type": "MultiPolygon", "coordinates": [ [ [ [ -86.614821, 33.499714 ], [ -86.616574, 33.495855 ], [ -86.613501, 33.489712 ], [ -86.611487, 33.488831 ], [ -86.600085, 33.48701 ], [ -86.578309, 33.503287 ], [ -86.574112, 33.503256 ], [ -86.565013, 33.510616 ], [ -86.560624, 33.517512 ], [ -86.551793, 33.51745 ], [ -86.543279, 33.521113 ], [ -86.517199, 33.524136 ], [ -86.507977, 33.546058 ], [ -86.512622, 33.557639 ], [ -86.551917, 33.566247 ], [ -86.551581, 33.590319 ], [ -86.560869, 33.59047 ], [ -86.561555, 33.590481 ], [ -86.569177, 33.590503 ], [ -86.569223, 33.586154 ], [ -86.582123, 33.576144 ], [ -86.586602, 33.576181 ], [ -86.608667, 33.565251 ], [ -86.604289, 33.565266 ], [ -86.608708, 33.558008 ], [ -86.608711, 33.557502 ], [ -86.608785, 33.543425 ], [ -86.602325, 33.532542 ], [ -86.594506, 33.532552 ], [ -86.591391, 33.528865 ], [ -86.604487, 33.517906 ], [ -86.604487, 33.517732 ], [ -86.604485, 33.51235 ], [ -86.605134, 33.51131 ], [ -86.6001, 33.502302 ], [ -86.600136, 33.499734 ], [ -86.605139, 33.502817 ], [ -86.607078, 33.503391 ], [ -86.608741, 33.500926 ], [ -86.614821, 33.499714 ] ], [ [ -86.569772, 33.519799 ], [ -86.567778, 33.523802 ], [ -86.565614, 33.52423 ], [ -86.565552, 33.521991 ], [ -86.56662, 33.521232 ], [ -86.566683, 33.521233 ], [ -86.56926, 33.517659 ], [ -86.569254, 33.519474 ], [ -86.569772, 33.519799 ] ] ], [ [ [ -86.617667, 33.506956 ], [ -86.617635, 33.505239 ], [ -86.617216, 33.505258 ], [ -86.616022, 33.506584 ], [ -86.616218, 33.50696 ], [ -86.616222, 33.506977 ], [ -86.617667, 33.506956 ] ] ], [ [ [ -86.622935, 33.54694 ], [ -86.617812, 33.544584 ], [ -86.613896, 33.554389 ], [ -86.614667, 33.554344 ], [ -86.621749, 33.550069 ], [ -86.621761, 33.548503 ], [ -86.622935, 33.54694 ] ] ] ] } },
{ "type": "Feature", "properties": { "geo_id": "0100012", "geo_name": "Boaz City School District", "geo_level": "school_district", "year": 2021 }, "geometry": { "type": "Polygon", "coordinates": [ [ [ -86.191514, 34.220171 ], [ -86.178815, 34.18396 ], [ -86.169826, 34.176246 ], [ -86.169823, 34.172629 ], [ -86.140785, 34.187013 ], [ -86.13224, 34.186851 ], [ -86.118803, 34.186525 ], [ -86.114953, 34.186428 ], [ -86.105744, 34.190066 ], [ -86.105861, 34.193429 ], [ -86.106086, 34.200756 ], [ -86.155569, 34.232608 ], [ -86.167491, 34.228832 ], [ -86.173747, 34.230395 ], [ -86.191466, 34.223528 ], [ -86.191493, 34.221584 ], [ -86.191514, 34.220171 ] ], [ [ -86.169826, 34.176246 ], [ -86.169355, 34.18654 ], [ -86.167161, 34.187466 ], [ -86.169826, 34.176246 ] ] ] } },
{ "type": "Feature", "properties": { "geo_id": "0100013", "geo_name": "Trussville City School District", "geo_level": "school_district", "year": 2021 }, "geometry": { "type": "Polygon", "coordinates": [ [ [ -86.652188, 33.617399 ], [ -86.652191, 33.616341 ], [ -86.647681, 33.612677 ], [ -86.64809, 33.59804 ], [ -86.625872, 33.601695 ], [ -86.628231, 33.594366 ], [ -86.606033, 33.590599 ], [ -86.6055, 33.590596 ], [ -86.630446, 33.578866 ], [ -86.630403, 33.575251 ], [ -86.621722, 33.568921 ], [ -86.613018, 33.583441 ], [ -86.613013, 33.583458 ], [ -86.604208, 33.583333 ], [ -86.595481, 33.583359 ], [ -86.591547, 33.583396 ], [ -86.58659, 33.576797 ], [ -86.586602, 33.576181 ], [ -86.582123, 33.576144 ], [ -86.582123, 33.576752 ], [ -86.569223, 33.586154 ], [ -86.569177, 33.590503 ], [ -86.561555, 33.590481 ], [ -86.560869, 33.59047 ], [ -86.551544, 33.594428 ], [ -86.551473, 33.60776 ], [ -86.560689, 33.609803 ], [ -86.560764, 33.613254 ], [ -86.577407, 33.620311 ], [ -86.569379, 33.620324 ], [ -86.560219, 33.620137 ], [ -86.55516, 33.626564 ], [ -86.538317, 33.639872 ], [ -86.533633, 33.637194 ], [ -86.533686, 33.634382 ], [ -86.521861, 33.628248 ], [ -86.520356, 33.631273 ], [ -86.519896, 33.637352 ], [ -86.521417, 33.63739 ], [ -86.520934, 33.640937 ], [ -86.516189, 33.640711 ], [ -86.525393, 33.670261 ], [ -86.527481, 33.663457 ], [ -86.534031, 33.66329 ], [ -86.540415, 33.665394 ], [ -86.539345, 33.668196 ], [ -86.569358, 33.661241 ], [ -86.569351, 33.662936 ], [ -86.569358, 33.664348 ], [ -86.550458, 33.677685 ], [ -86.55211, 33.677944 ], [ -86.55074, 33.681854 ], [ -86.553606, 33.681391 ], [ -86.542779, 33.691582 ], [ -86.54206, 33.692365 ], [ -86.525273, 33.702743 ], [ -86.52503, 33.71131 ], [ -86.525794, 33.711322 ], [ -86.535439, 33.71126 ], [ -86.536672, 33.711204 ], [ -86.539354, 33.711198 ], [ -86.539433, 33.707471 ], [ -86.544007, 33.698908 ], [ -86.542435, 33.695987 ], [ -86.55165, 33.696421 ], [ -86.552, 33.699752 ], [ -86.588235, 33.687265 ], [ -86.587409, 33.68726 ], [ -86.597898, 33.685841 ], [ -86.600359, 33.687269 ], [ -86.620941, 33.667308 ], [ -86.622437, 33.660001 ], [ -86.626496, 33.6565 ], [ -86.627207, 33.649819 ], [ -86.630509, 33.644163 ], [ -86.648583, 33.622693 ], [ -86.65218, 33.619911 ], [ -86.652184, 33.618593 ], [ -86.652188, 33.617399 ] ], [ [ -86.621403, 33.631413 ], [ -86.631293, 33.63206 ], [ -86.630117, 33.632487 ], [ -86.628852, 33.633927 ], [ -86.625977, 33.637542 ], [ -86.62611, 33.634597 ], [ -86.626706, 33.63387 ], [ -86.627773, 33.634051 ], [ -86.628045, 33.633493 ], [ -86.623628, 33.63574 ], [ -86.623011, 33.636311 ], [ -86.622741, 33.636631 ], [ -86.622789, 33.637544 ], [ -86.622303, 33.637288 ], [ -86.621656, 33.636112 ], [ -86.620485, 33.631413 ], [ -86.621403, 33.631413 ] ], [ [ -86.621816, 33.638042 ], [ -86.621565, 33.638444 ], [ -86.620598, 33.637121 ], [ -86.621816, 33.638042 ] ], [ [ -86.604253, 33.660109 ], [ -86.608509, 33.656378 ], [ -86.607236, 33.66014 ], [ -86.604253, 33.660109 ] ], [ [ -86.604371, 33.59059 ], [ -86.604338, 33.597639 ], [ -86.596466, 33.59988 ], [ -86.597711, 33.597026 ], [ -86.595916, 33.594257 ], [ -86.604371, 33.59059 ] ], [ [ -86.598518, 33.621801 ], [ -86.6041, 33.617122 ], [ -86.60405, 33.619638 ], [ -86.603038, 33.619627 ], [ -86.599638, 33.621253 ], [ -86.599659, 33.622109 ], [ -86.598913, 33.62234 ], [ -86.598518, 33.621801 ] ], [ [ -86.582883, 33.660462 ], [ -86.582156, 33.660351 ], [ -86.58219, 33.659324 ], [ -86.582738, 33.658964 ], [ -86.584266, 33.659416 ], [ -86.584148, 33.659561 ], [ -86.583368, 33.659838 ], [ -86.583594, 33.659306 ], [ -86.582725, 33.659476 ], [ -86.58277, 33.659705 ], [ -86.582883, 33.660462 ] ], [ [ -86.588554, 33.631303 ], [ -86.588096, 33.631747 ], [ -86.587131, 33.631059 ], [ -86.588257, 33.629977 ], [ -86.588554, 33.631303 ] ], [ [ -86.584625, 33.635975 ], [ -86.584917, 33.649525 ], [ -86.58259, 33.637636 ], [ -86.583043, 33.636169 ], [ -86.584046, 33.636486 ], [ -86.584625, 33.635975 ] ], [ [ -86.582756, 33.608286 ], [ -86.586613, 33.606071 ], [ -86.586144, 33.608143 ], [ -86.585292, 33.608546 ], [ -86.583867, 33.608072 ], [ -86.582877, 33.608618 ], [ -86.582756, 33.608286 ] ], [ [ -86.573568, 33.605628 ], [ -86.576398, 33.606869 ], [ -86.575566, 33.60769 ], [ -86.568507, 33.607498 ], [ -86.573568, 33.605628 ] ], [ [ -86.625872, 33.601695 ], [ -86.631268, 33.606664 ], [ -86.631092, 33.606783 ], [ -86.626458, 33.607946 ], [ -86.625694, 33.607795 ], [ -86.619509, 33.612592 ], [ -86.615617, 33.616425 ], [ -86.613764, 33.616005 ], [ -86.612398, 33.615482 ], [ -86.611752, 33.61604 ], [ -86.611701, 33.616023 ], [ -86.613624, 33.614526 ], [ -86.613545, 33.614407 ], [ -86.625872, 33.601695 ] ] ] } },
{ "type": "Feature", "properties": { "geo_id": "0100030", "geo_name": "Alexander City City School District", "geo_level": "school_district", "year": 2021 }, "geometry": { "type": "Polygon", "coordinates": [ [ [ -86.008263, 32.966054 ], [ -86.007187, 32.754984 ], [ -85.895368, 32.754581 ], [ -85.891616, 32.813355 ], [ -85.878698, 32.828501 ], [ -85.90442, 32.870054 ], [ -85.870731, 32.871065 ], [ -85.871488, 32.924448 ], [ -85.855926, 32.978386 ], [ -85.943452, 32.984026 ], [ -85.947826, 32.965837 ], [ -86.008263, 32.966054 ] ] ] } },
{ "type": "Feature", "properties": { "geo_id": "0100060", "geo_name": "Andalusia City School District", "geo_level": "school_district", "year": 2021 }, "geometry": { "type": "Polygon", "coordinates": [ [ [ -86.441793, 31.300113 ], [ -86.439058, 31.33984 ], [ -86.522192, 31.336091 ], [ -86.514451, 31.277919 ], [ -86.442285, 31.281924 ], [ -86.442471, 31.282172 ], [ -86.441793, 31.300113 ] ] ] } },
{ "type": "Feature", "properties": { "geo_id": "0100090", "geo_name": "Anniston City School District", "geo_level": "school_district", "year": 2021 }, "geometry": { "type": "Polygon", "coordinates": [ [ [ -85.929241, 33.608254 ], [ -85.91696, 33.600443 ], [ -85.912402, 33.600471 ], [ -85.886923, 33.600423 ], [ -85.885998, 33.601711 ], [ -85.881918, 33.603839 ], [ -85.864984, 33.615178 ], [ -85.864787, 33.616949 ], [ -85.859521, 33.620258 ], [ -85.855989, 33.62255 ], [ -85.851959, 33.622556 ], [ -85.850378, 33.622533 ], [ -85.84742, 33.622495 ], [ -85.825347, 33.625588 ], [ -85.819682, 33.62434 ], [ -85.808372, 33.618284 ], [ -85.80754, 33.618287 ], [ -85.807564, 33.617915 ], [ -85.807679, 33.61618 ], [ -85.807064, 33.616099 ], [ -85.803587, 33.616192 ], [ -85.790541, 33.622079 ], [ -85.786196, 33.622039 ], [ -85.759959, 33.632322 ], [ -85.760044, 33.748889 ], [ -85.821213, 33.742019 ], [ -85.829927, 33.68763 ], [ -85.851811, 33.688006 ], [ -85.853165, 33.655603 ], [ -85.853565, 33.655403 ], [ -85.85501, 33.654712 ], [ -85.860764, 33.636928 ], [ -85.895776, 33.629457 ], [ -85.913469, 33.62125 ], [ -85.929058, 33.608241 ], [ -85.929241, 33.608254 ] ] ] } },
{ "type": "Feature", "properties": { "geo_id": "0100100", "geo_name": "Arab City School District", "geo_level": "school_district", "year": 2021 }, "geometry": { "type": "Polygon", "coordinates": [ [ [ -86.462288, 34.310211 ], [ -86.493208, 34.365248 ], [ -86.530015, 34.333127 ], [ -86.516655, 34.303281 ], [ -86.4862, 34.302865 ], [ -86.482132, 34.302815 ], [ -86.477525, 34.302758 ], [ -86.462288, 34.310211 ] ] ] } },
{ "type": "Feature", "properties": { "geo_id": "0100120", "geo_name": "Athens City School District", "geo_level": "school_district", "year": 2021 }, "geometry": { "type": "Polygon", "coordinates": [ [ [ -86.886309, 34.737379 ], [ -86.877295, 34.754131 ], [ -86.903659, 34.777577 ], [ -86.919537, 34.82901 ], [ -87.001898, 34.835986 ], [ -87.013982, 34.816705 ], [ -87.001613, 34.747011 ], [ -86.938899, 34.748692 ], [ -86.931116, 34.715274 ], [ -86.928448, 34.729116 ], [ -86.895085, 34.744795 ], [ -86.886309, 34.737379 ] ] ] } },
{ "type": "Feature", "properties": { "geo_id": "0100180", "geo_name": "Attalla City School District", "geo_level": "school_district", "year": 2021 }, "geometry": { "type": "Polygon", "coordinates": [ [ [ -86.128068, 33.989608 ], [ -86.0925, 33.990102 ], [ -86.100828, 34.00076 ], [ -86.071852, 34.011352 ], [ -86.068337, 34.039982 ], [ -86.099574, 34.033196 ], [ -86.127963, 33.990934 ], [ -86.128068, 33.989608 ] ] ] } },
{ "type": "Feature", "properties": { "geo_id": "0100185", "geo_name": "Saraland City School District", "geo_level": "school_district", "year": 2021 }, "geometry": { "type": "Polygon", "coordinates": [ [ [ -88.128793, 30.887479 ], [ -88.149318, 30.840549 ], [ -88.123097, 30.822064 ], [ -88.114509, 30.792627 ], [ -88.090306, 30.790347 ], [ -88.072273, 30.782199 ], [ -88.056596, 30.801312 ], [ -88.055735, 30.837107 ], [ -88.058073, 30.836122 ], [ -88.058993, 30.834379 ], [ -88.060227, 30.832554 ], [ -88.062991, 30.833464 ], [ -88.076918, 30.84019 ], [ -88.07824, 30.843436 ], [ -88.089883, 30.847753 ], [ -88.107209, 30.888034 ], [ -88.077355, 30.890955 ], [ -88.078622, 30.889631 ], [ -88.079361, 30.887811 ], [ -88.078108, 30.887798 ], [ -88.077295, 30.887162 ], [ -88.079986, 30.880513 ], [ -88.090274, 30.909822 ], [ -88.136931, 30.920286 ], [ -88.128793, 30.887479 ] ] ] } },
{ "type": "Feature", "properties": { "geo_id": "0100188", "geo_name": "Chickasaw City School District", "geo_level": "school_district", "year": 2021 }, "geometry": { "type": "Polygon", "coordinates": [ [ [ -88.090306, 30.790347 ], [ -88.100229, 30.761733 ], [ -88.075832, 30.756424 ], [ -88.072273, 30.782199 ], [ -88.090306, 30.790347 ] ] ] } },
{ "type": "Feature", "properties": { "geo_id": "0100189", "geo_name": "Satsuma City School District", "geo_level": "school_district", "year": 2021 }, "geometry": { "type": "Polygon", "coordinates": [ [ [ -88.089883, 30.847753 ], [ -88.07824, 30.843436 ], [ -88.076918, 30.84019 ], [ -88.062991, 30.833464 ], [ -88.060227, 30.832554 ], [ -88.058993, 30.834379 ], [ -88.058073, 30.836122 ], [ -88.055735, 30.837107 ], [ -88.039408, 30.847564 ], [ -88.079986, 30.880513 ], [ -88.077295, 30.887162 ], [ -88.078108, 30.887798 ], [ -88.079361, 30.887811 ], [ -88.089883, 30.847753 ] ] ] } },
{ "type": "Feature", "properties": { "geo_id": "0100190", "geo_name": "Alabaster City School District", "geo_level": "school_district", "year": 2021 }, "geometry": { "type": "MultiPolygon", "coordinates": [ [ [ [ -86.823965, 33.271757 ], [ -86.87439, 33.230697 ], [ -86.866175, 33.190499 ], [ -86.807476, 33.170295 ], [ -86.805907, 33.171222 ], [ -86.752557, 33.186856 ], [ -86.76435, 33.187257 ], [ -86.765819, 33.190497 ], [ -86.765967, 33.191017 ], [ -86.761466, 33.190859 ], [ -86.782148, 33.20755 ], [ -86.770179, 33.228961 ], [ -86.761654, 33.227766 ], [ -86.787495, 33.243158 ], [ -86.78301, 33.254087 ], [ -86.782979, 33.257968 ], [ -86.788452, 33.265401 ], [ -86.791333, 33.265426 ], [ -86.815859, 33.268994 ], [ -86.815984, 33.270952 ], [ -86.823965, 33.271757 ] ], [ [ -86.817896, 33.199555 ], [ -86.805167, 33.195542 ], [ -86.804244, 33.194943 ], [ -86.804468, 33.185175 ], [ -86.804663, 33.183829 ], [ -86.812058, 33.185507 ], [ -86.818171, 33.193029 ], [ -86.818226, 33.197532 ], [ -86.817527, 33.198176 ], [ -86.817598, 33.199488 ], [ -86.817896, 33.199555 ] ] ], [ [ [ -86.87439, 33.230697 ], [ -86.862023, 33.228565 ], [ -86.862017, 33.228539 ], [ -86.862265, 33.228327 ], [ -86.862839, 33.225734 ], [ -86.862665, 33.228239 ], [ -86.862576, 33.228343 ], [ -86.862138, 33.228547 ], [ -86.862131, 33.228585 ], [ -86.862136, 33.228607 ], [ -86.862152, 33.228638 ], [ -86.862226, 33.228711 ], [ -86.87439, 33.230697 ] ] ] ] } },
{ "type": "Feature", "properties": { "geo_id": "0100194", "geo_name": "Pelham City School District", "geo_level": "school_district", "year": 2021 }, "geometry": { "type": "Polygon", "coordinates": [ [ [ -86.83069, 33.331798 ], [ -86.823965, 33.271757 ], [ -86.815984, 33.270952 ], [ -86.815859, 33.268994 ], [ -86.791333, 33.265426 ], [ -86.788452, 33.265401 ], [ -86.782979, 33.257968 ], [ -86.78301, 33.254087 ], [ -86.787495, 33.243158 ], [ -86.744359, 33.263761 ], [ -86.716832, 33.292108 ], [ -86.714651, 33.292076 ], [ -86.713957, 33.292218 ], [ -86.713698, 33.292316 ], [ -86.722329, 33.325135 ], [ -86.691607, 33.342625 ], [ -86.714873, 33.364309 ], [ -86.722146, 33.358081 ], [ -86.752518, 33.337024 ], [ -86.782857, 33.345143 ], [ -86.788733, 33.348715 ], [ -86.789343, 33.352661 ], [ -86.795698, 33.346325 ], [ -86.803868, 33.349369 ], [ -86.809036, 33.345808 ], [ -86.813292, 33.338718 ], [ -86.83069, 33.331798 ] ] ] } },
{ "type": "Feature", "properties": { "geo_id": "0100195", "geo_name": "Pike Road City School District", "geo_level": "school_district", "year": 2021 }, "geometry": { "type": "MultiPolygon", "coordinates": [ [ [ [ -85.959393, 32.273174 ], [ -85.96228, 32.275059 ], [ -85.961414, 32.273111 ], [ -85.959393, 32.273174 ] ] ], [ [ [ -85.96228, 32.275059 ], [ -85.964621, 32.27301 ], [ -85.963264, 32.273053 ], [ -85.96228, 32.275059 ] ] ], [ [ [ -86.046995, 32.340141 ], [ -86.081262, 32.310185 ], [ -86.085237, 32.279237 ], [ -86.063656, 32.275637 ], [ -86.051205, 32.302852 ], [ -86.025199, 32.318376 ], [ -86.046995, 32.340141 ] ] ], [ [ [ -86.128095, 32.342819 ], [ -86.128067, 32.340289 ], [ -86.12302, 32.346001 ], [ -86.128095, 32.342819 ] ] ], [ [ [ -86.123481, 32.321033 ], [ -86.084854, 32.328168 ], [ -86.091559, 32.352952 ], [ -86.121727, 32.352962 ], [ -86.116371, 32.341929 ], [ -86.114004, 32.32904 ], [ -86.123481, 32.321033 ] ] ] ] } },
{ "type": "Feature", "properties": { "geo_id": "0100202", "geo_name": "Gulf Shores City School District", "geo_level": "school_district", "year": 2021 }, "geometry": { "type": "Polygon", "coordinates": [ [ [ -87.735322, 30.291296 ], [ -87.78586, 30.239102 ], [ -87.655299, 30.250202 ], [ -87.647621, 30.297515 ], [ -87.643039, 30.297539 ], [ -87.641163, 30.297534 ], [ -87.648209, 30.302662 ], [ -87.649172, 30.305368 ], [ -87.654765, 30.333814 ], [ -87.694484, 30.326476 ], [ -87.692887, 30.32628 ], [ -87.692223, 30.326281 ], [ -87.698354, 30.327863 ], [ -87.697947, 30.327318 ], [ -87.696667, 30.324731 ], [ -87.697264, 30.324706 ], [ -87.698797, 30.324132 ], [ -87.718101, 30.301293 ], [ -87.720063, 30.30753 ], [ -87.720319, 30.30747 ], [ -87.724119, 30.310659 ], [ -87.721559, 30.307097 ], [ -87.722697, 30.305778 ], [ -87.726295, 30.300669 ], [ -87.726612, 30.300388 ], [ -87.729243, 30.30097 ], [ -87.729691, 30.299269 ], [ -87.729587, 30.299162 ], [ -87.729962, 30.298747 ], [ -87.729822, 30.299401 ], [ -87.732213, 30.294769 ], [ -87.731916, 30.295095 ], [ -87.726291, 30.290746 ], [ -87.736462, 30.297474 ], [ -87.739307, 30.294123 ], [ -87.737836, 30.293596 ], [ -87.739059, 30.292924 ], [ -87.738216, 30.292611 ], [ -87.737835, 30.292551 ], [ -87.737759, 30.292545 ], [ -87.737899, 30.292424 ], [ -87.735566, 30.291594 ], [ -87.735322, 30.291296 ] ], [ [ -87.698634, 30.327865 ], [ -87.698313, 30.326644 ], [ -87.700105, 30.326647 ], [ -87.699906, 30.327232 ], [ -87.699272, 30.327283 ], [ -87.698638, 30.327279 ], [ -87.698634, 30.327865 ] ] ] } },
{ "type": "Feature", "properties": { "geo_id": "0100210", "geo_name": "Auburn City School District", "geo_level": "school_district", "year": 2021 }, "geometry": { "type": "MultiPolygon", "coordinates": [ [ [ [ -85.544779, 32.672551 ], [ -85.547324, 32.672812 ], [ -85.545598, 32.67196 ], [ -85.544779, 32.672551 ] ] ], [ [ [ -85.545598, 32.67196 ], [ -85.562969, 32.656675 ], [ -85.538334, 32.656897 ], [ -85.54184, 32.613298 ], [ -85.540786, 32.579626 ], [ -85.544802, 32.579192 ], [ -85.54158, 32.595761 ], [ -85.55532, 32.589397 ], [ -85.554498, 32.58832 ], [ -85.542217, 32.576998 ], [ -85.542074, 32.576843 ], [ -85.540563, 32.569012 ], [ -85.539371, 32.568849 ], [ -85.528588, 32.553142 ], [ -85.523965, 32.55081 ], [ -85.522247, 32.530187 ], [ -85.486576, 32.536193 ], [ -85.484344, 32.535609 ], [ -85.462053, 32.547495 ], [ -85.423756, 32.545079 ], [ -85.428196, 32.569034 ], [ -85.427325, 32.568657 ], [ -85.413367, 32.596605 ], [ -85.438953, 32.614378 ], [ -85.445304, 32.640904 ], [ -85.451803, 32.639369 ], [ -85.45656, 32.635974 ], [ -85.458032, 32.638715 ], [ -85.460817, 32.638702 ], [ -85.456219, 32.657025 ], [ -85.454848, 32.650805 ], [ -85.45178, 32.65347 ], [ -85.451787, 32.660269 ], [ -85.457164, 32.659415 ], [ -85.472691, 32.664879 ], [ -85.487525, 32.672732 ], [ -85.488708, 32.669159 ], [ -85.4909, 32.66818 ], [ -85.491062, 32.679103 ], [ -85.490151, 32.680695 ], [ -85.489784, 32.680748 ], [ -85.487314, 32.685517 ], [ -85.48735, 32.685876 ], [ -85.490662, 32.730629 ], [ -85.491067, 32.730613 ], [ -85.507064, 32.723356 ], [ -85.525392, 32.672258 ], [ -85.545598, 32.67196 ] ], [ [ -85.507815, 32.642133 ], [ -85.513027, 32.651358 ], [ -85.509363, 32.652118 ], [ -85.509545, 32.645133 ], [ -85.507815, 32.642133 ] ], [ [ -85.501651, 32.64279 ], [ -85.500138, 32.642891 ], [ -85.481742, 32.636637 ], [ -85.491883, 32.635978 ], [ -85.492258, 32.63593 ], [ -85.501651, 32.64279 ] ], [ [ -85.422359, 32.593978 ], [ -85.432333, 32.595273 ], [ -85.432226, 32.59527 ], [ -85.432126, 32.595218 ], [ -85.425324, 32.595509 ], [ -85.424963, 32.595584 ], [ -85.424621, 32.59446 ], [ -85.422525, 32.593881 ], [ -85.422359, 32.593978 ] ] ], [ [ [ -85.557824, 32.554388 ], [ -85.530049, 32.54951 ], [ -85.534192, 32.548978 ], [ -85.540918, 32.554145 ], [ -85.541205, 32.55639 ], [ -85.557084, 32.556147 ], [ -85.557824, 32.554388 ] ] ] ] } },
{ "type": "Feature", "properties": { "geo_id": "0100240", "geo_name": "Autauga County School District", "geo_level": "school_district", "year": 2021 }, "geometry": { "type": "Polygon", "coordinates": [ [ [ -86.917595, 32.664169 ], [ -86.918099, 32.642059 ], [ -86.898304, 32.567687 ], [ -86.906742, 32.536977 ], [ -86.849898, 32.438325 ], [ -86.843758, 32.400416 ], [ -86.815399, 32.370821 ], [ -86.814912, 32.340803 ], [ -86.820273, 32.315007 ], [ -86.791073, 32.314611 ], [ -86.773163, 32.340728 ], [ -86.781354, 32.392494 ], [ -86.749981, 32.389105 ], [ -86.717897, 32.402814 ], [ -86.711337, 32.360767 ], [ -86.678795, 32.355359 ], [ -86.655597, 32.376147 ], [ -86.653419, 32.397247 ], [ -86.618, 32.405717 ], [ -86.614841, 32.374266 ], [ -86.581873, 32.375019 ], [ -86.542537, 32.363517 ], [ -86.532531, 32.338775 ], [ -86.496774, 32.344437 ], [ -86.444721, 32.399841 ], [ -86.411172, 32.409937 ], [ -86.413116, 32.707386 ], [ -86.714219, 32.705694 ], [ -86.71339, 32.661732 ], [ -86.816574, 32.660117 ], [ -86.917595, 32.664169 ] ] ] } },
{ "type": "Feature", "properties": { "geo_id": "0100270", "geo_name": "Baldwin County School District", "geo_level": "school_district", "year": 2021 }, "geometry": { "type": "MultiPolygon", "coordinates": [ [ [ [ -87.972869, 31.162694 ], [ -87.939696, 31.145805 ], [ -87.946577, 31.121685 ], [ -87.975851, 31.082422 ], [ -87.941561, 31.061342 ], [ -87.957352, 31.029368 ], [ -87.963265, 30.966051 ], [ -87.943552, 30.961773 ], [ -87.92429, 30.935405 ], [ -87.949901, 30.926652 ], [ -87.979688, 30.888993 ], [ -87.980971, 30.86187 ], [ -87.954476, 30.849408 ], [ -87.944546, 30.827046 ], [ -87.987065, 30.811445 ], [ -87.990601, 30.794155 ], [ -88.022198, 30.774487 ], [ -88.026319, 30.753358 ], [ -88.000997, 30.698289 ], [ -87.987839, 30.637149 ], [ -87.990765, 30.544737 ], [ -88.000842, 30.53108 ], [ -88.037112, 30.222433 ], [ -88.037309, 30.146561 ], [ -88.003618, 30.173417 ], [ -87.925756, 30.179561 ], [ -87.807153, 30.177378 ], [ -87.647824, 30.199211 ], [ -87.518346, 30.229506 ], [ -87.51838, 30.283901 ], [ -87.49998, 30.328957 ], [ -87.450778, 30.346999 ], [ -87.440678, 30.391498 ], [ -87.369383, 30.431948 ], [ -87.370768, 30.446865 ], [ -87.414677, 30.457296 ], [ -87.435578, 30.480496 ], [ -87.445103, 30.528909 ], [ -87.408018, 30.583701 ], [ -87.393294, 30.627218 ], [ -87.406356, 30.674437 ], [ -87.501502, 30.721092 ], [ -87.535114, 30.749448 ], [ -87.544789, 30.778395 ], [ -87.626224, 30.846664 ], [ -87.634788, 30.866707 ], [ -87.62027, 30.887404 ], [ -87.588862, 30.96579 ], [ -87.598829, 30.997455 ], [ -87.615431, 30.997361 ], [ -87.61589, 31.244458 ], [ -87.676419, 31.261992 ], [ -87.712365, 31.301132 ], [ -87.765152, 31.297346 ], [ -87.785523, 31.27579 ], [ -87.828313, 31.275304 ], [ -87.837105, 31.247254 ], [ -87.863593, 31.226112 ], [ -87.873887, 31.201496 ], [ -87.913637, 31.187356 ], [ -87.946588, 31.19293 ], [ -87.943748, 31.161341 ], [ -87.972869, 31.162694 ] ], [ [ -87.647621, 30.297515 ], [ -87.655299, 30.250202 ], [ -87.78586, 30.239102 ], [ -87.735322, 30.291296 ], [ -87.735566, 30.291594 ], [ -87.737899, 30.292424 ], [ -87.737759, 30.292545 ], [ -87.737835, 30.292551 ], [ -87.738216, 30.292611 ], [ -87.739059, 30.292924 ], [ -87.737836, 30.293596 ], [ -87.739307, 30.294123 ], [ -87.736462, 30.297474 ], [ -87.726291, 30.290746 ], [ -87.731916, 30.295095 ], [ -87.732213, 30.294769 ], [ -87.729822, 30.299401 ], [ -87.729962, 30.298747 ], [ -87.729587, 30.299162 ], [ -87.729691, 30.299269 ], [ -87.729243, 30.30097 ], [ -87.726612, 30.300388 ], [ -87.726295, 30.300669 ], [ -87.722697, 30.305778 ], [ -87.721559, 30.307097 ], [ -87.724119, 30.310659 ], [ -87.720319, 30.30747 ], [ -87.720063, 30.30753 ], [ -87.718101, 30.301293 ], [ -87.698797, 30.324132 ], [ -87.697264, 30.324706 ], [ -87.696667, 30.324731 ], [ -87.697947, 30.327318 ], [ -87.698354, 30.327863 ], [ -87.692223, 30.326281 ], [ -87.692887, 30.32628 ], [ -87.694484, 30.326476 ], [ -87.654765, 30.333814 ], [ -87.649172, 30.305368 ], [ -87.648209, 30.302662 ], [ -87.641163, 30.297534 ], [ -87.643039, 30.297539 ], [ -87.647621, 30.297515 ] ] ], [ [ [ -87.698313, 30.326644 ], [ -87.698634, 30.327865 ], [ -87.698638, 30.327279 ], [ -87.699272, 30.327283 ], [ -87.699906, 30.327232 ], [ -87.700105, 30.326647 ], [ -87.698313, 30.326644 ] ] ] ] } },
{ "type": "Feature", "properties": { "geo_id": "0100300", "geo_name": "Barbour County School District", "geo_level": "school_district", "year": 2021 }, "geometry": { "type": "Polygon", "coordinates": [ [ [ -85.657668, 31.880275 ], [ -85.677672, 31.852244 ], [ -85.662692, 31.783319 ], [ -85.671247, 31.76094 ], [ -85.700723, 31.742387 ], [ -85.717383, 31.690818 ], [ -85.716961, 31.655071 ], [ -85.748251, 31.618048 ], [ -85.585439, 31.617565 ], [ -85.416437, 31.619466 ], [ -85.416038, 31.706664 ], [ -85.216076, 31.702409 ], [ -85.206034, 31.741813 ], [ -85.151236, 31.774364 ], [ -85.127329, 31.762563 ], [ -85.141876, 31.782181 ], [ -85.188707, 31.799463 ], [ -85.179834, 31.836161 ], [ -85.230052, 31.842721 ], [ -85.228562, 31.871468 ], [ -85.27987, 31.871591 ], [ -85.279757, 31.885769 ], [ -85.210194, 31.887009 ], [ -85.209275, 31.930711 ], [ -85.17405, 31.931084 ], [ -85.1568, 31.945814 ], [ -85.156435, 31.974942 ], [ -85.139001, 32.003903 ], [ -85.096212, 32.004748 ], [ -85.09628, 32.02629 ], [ -85.054242, 32.026654 ], [ -85.056029, 32.063055 ], [ -85.185067, 32.061708 ], [ -85.208799, 32.092815 ], [ -85.245495, 32.119143 ], [ -85.257747, 32.148251 ], [ -85.410241, 32.146651 ], [ -85.427442, 32.13935 ], [ -85.428476, 32.014951 ], [ -85.512643, 32.014055 ], [ -85.51236, 31.999694 ], [ -85.587344, 31.997355 ], [ -85.604769, 31.960852 ], [ -85.648767, 31.911615 ], [ -85.657668, 31.880275 ] ] ] } },
{ "type": "Feature", "properties": { "geo_id": "0100330", "geo_name": "Bessemer City School District", "geo_level": "school_district", "year": 2021 }, "geometry": { "type": "Polygon", "coordinates": [ [ [ -86.996501, 33.398702 ], [ -87.038386, 33.3929 ], [ -87.058137, 33.378086 ], [ -87.057519, 33.341831 ], [ -87.014162, 33.361535 ], [ -86.995939, 33.334439 ], [ -86.991976, 33.350332 ], [ -86.991975, 33.351997 ], [ -86.987529, 33.355215 ], [ -86.987523, 33.354695 ], [ -86.961221, 33.337002 ], [ -86.912974, 33.325928 ], [ -86.908618, 33.333177 ], [ -86.904131, 33.335178 ], [ -86.902357, 33.336893 ], [ -86.891237, 33.349455 ], [ -86.886752, 33.354765 ], [ -86.882471, 33.358776 ], [ -86.87822, 33.360711 ], [ -86.87843, 33.361351 ], [ -86.874534, 33.368891 ], [ -86.878058, 33.369302 ], [ -86.886805, 33.369499 ], [ -86.888412, 33.369537 ], [ -86.917371, 33.386511 ], [ -86.930683, 33.398939 ], [ -86.930616, 33.4026 ], [ -86.922428, 33.416738 ], [ -86.935218, 33.428135 ], [ -86.935322, 33.435246 ], [ -86.965997, 33.441733 ], [ -86.966402, 33.440689 ], [ -86.96794, 33.419519 ], [ -86.967816, 33.418384 ], [ -86.968521, 33.418361 ], [ -86.996541, 33.40412 ], [ -86.996501, 33.398702 ] ] ] } },
{ "type": "Feature", "properties": { "geo_id": "0100360", "geo_name": "Bibb County School District", "geo_level": "school_district", "year": 2021 }, "geometry": { "type": "Polygon", "coordinates": [ [ [ -87.421936, 33.003379 ], [ -87.4212, 32.874508 ], [ -87.319473, 32.875124 ], [ -87.319184, 32.831522 ], [ -87.223663, 32.835149 ], [ -87.019157, 32.837034 ], [ -86.876118, 32.836264 ], [ -86.876866, 33.049925 ], [ -86.881182, 33.049901 ], [ -86.933972, 33.064059 ], [ -86.969291, 33.098397 ], [ -86.969563, 33.158135 ], [ -87.025596, 33.165795 ], [ -87.026846, 33.246459 ], [ -87.065738, 33.246907 ], [ -87.104101, 33.221457 ], [ -87.121871, 33.235843 ], [ -87.152071, 33.232484 ], [ -87.199153, 33.196554 ], [ -87.199317, 33.130657 ], [ -87.281945, 33.13306 ], [ -87.311577, 33.093933 ], [ -87.318539, 33.006179 ], [ -87.421936, 33.003379 ] ] ] } },
{ "type": "Feature", "properties": { "geo_id": "0100390", "geo_name": "Birmingham City School District", "geo_level": "school_district", "year": 2021 }, "geometry": { "type": "MultiPolygon", "coordinates": [ [ [ [ -86.608667, 33.565251 ], [ -86.608674, 33.561624 ], [ -86.604289, 33.565266 ], [ -86.608667, 33.565251 ] ] ], [ [ [ -86.631092, 33.606783 ], [ -86.631268, 33.606664 ], [ -86.625872, 33.601695 ], [ -86.613545, 33.614407 ], [ -86.613624, 33.614526 ], [ -86.619509, 33.612592 ], [ -86.625694, 33.607795 ], [ -86.626458, 33.607946 ], [ -86.631092, 33.606783 ] ] ], [ [ [ -86.703617, 33.496165 ], [ -86.709007, 33.492699 ], [ -86.708986, 33.489216 ], [ -86.708986, 33.489076 ], [ -86.700123, 33.488806 ], [ -86.698166, 33.488949 ], [ -86.698211, 33.491896 ], [ -86.696065, 33.492247 ], [ -86.696065, 33.492298 ], [ -86.690496, 33.495657 ], [ -86.690343, 33.495663 ], [ -86.687306, 33.495814 ], [ -86.687306, 33.498943 ], [ -86.686794, 33.499414 ], [ -86.678551, 33.499399 ], [ -86.679429, 33.500625 ], [ -86.67938, 33.500909 ], [ -86.679235, 33.501311 ], [ -86.678074, 33.501968 ], [ -86.677364, 33.501913 ], [ -86.67544, 33.502542 ], [ -86.703617, 33.496165 ] ] ], [ [ [ -86.712057, 33.483843 ], [ -86.712603, 33.481845 ], [ -86.710279, 33.482219 ], [ -86.712057, 33.483843 ] ] ], [ [ [ -86.788217, 33.574856 ], [ -86.839541, 33.568891 ], [ -86.852298, 33.587401 ], [ -86.848479, 33.627287 ], [ -86.883126, 33.624204 ], [ -86.870084, 33.562406 ], [ -86.92926, 33.522742 ], [ -86.940813, 33.493992 ], [ -86.941175, 33.492855 ], [ -86.939749, 33.490893 ], [ -86.938995, 33.491813 ], [ -86.9347, 33.494945 ], [ -86.932992, 33.495255 ], [ -86.930951, 33.496773 ], [ -86.927948, 33.493917 ], [ -86.927926, 33.494002 ], [ -86.918722, 33.49393 ], [ -86.917986, 33.493902 ], [ -86.91181, 33.500891 ], [ -86.90482, 33.471732 ], [ -86.900896, 33.450519 ], [ -86.901001, 33.450438 ], [ -86.907788, 33.446796 ], [ -86.920636, 33.4499 ], [ -86.922555, 33.447912 ], [ -86.935322, 33.435246 ], [ -86.935218, 33.428135 ], [ -86.922428, 33.416738 ], [ -86.930616, 33.4026 ], [ -86.930683, 33.398939 ], [ -86.917371, 33.386511 ], [ -86.910411, 33.384208 ], [ -86.908738, 33.384226 ], [ -86.89416, 33.398964 ], [ -86.893262, 33.399868 ], [ -86.892589, 33.400569 ], [ -86.886777, 33.404759 ], [ -86.882059, 33.407398 ], [ -86.881608, 33.407394 ], [ -86.869487, 33.409033 ], [ -86.862761, 33.416435 ], [ -86.856309, 33.412372 ], [ -86.853674, 33.41472 ], [ -86.853308, 33.415053 ], [ -86.842279, 33.425925 ], [ -86.841828, 33.426454 ], [ -86.841724, 33.426575 ], [ -86.841728, 33.433242 ], [ -86.835511, 33.437338 ], [ -86.827448, 33.440152 ], [ -86.834888, 33.444559 ], [ -86.838884, 33.444654 ], [ -86.840219, 33.459783 ], [ -86.841384, 33.460808 ], [ -86.841599, 33.461001 ], [ -86.839377, 33.465563 ], [ -86.83869, 33.466014 ], [ -86.835501, 33.46736 ], [ -86.838479, 33.471666 ], [ -86.838197, 33.471912 ], [ -86.827201, 33.473803 ], [ -86.786761, 33.486838 ], [ -86.782987, 33.484062 ], [ -86.778015, 33.482387 ], [ -86.776547, 33.48312 ], [ -86.776405, 33.483189 ], [ -86.781364, 33.495971 ], [ -86.780763, 33.496091 ], [ -86.770152, 33.501302 ], [ -86.766359, 33.504417 ], [ -86.765332, 33.50496 ], [ -86.763272, 33.506066 ], [ -86.763206, 33.506107 ], [ -86.761458, 33.507215 ], [ -86.76144, 33.50723 ], [ -86.759574, 33.50834 ], [ -86.749915, 33.511802 ], [ -86.749278, 33.512169 ], [ -86.749006, 33.51175 ], [ -86.748923, 33.511624 ], [ -86.739448, 33.508495 ], [ -86.739449, 33.507441 ], [ -86.739203, 33.504642 ], [ -86.739273, 33.5043 ], [ -86.731657, 33.508382 ], [ -86.73117, 33.510431 ], [ -86.726499, 33.514423 ], [ -86.726081, 33.514945 ], [ -86.726, 33.514979 ], [ -86.725616, 33.515372 ], [ -86.704848, 33.554629 ], [ -86.656592, 33.554205 ], [ -86.63561, 33.580052 ], [ -86.63053, 33.532345 ], [ -86.656774, 33.500109 ], [ -86.65679, 33.499577 ], [ -86.656792, 33.499526 ], [ -86.656688, 33.499489 ], [ -86.648735, 33.490087 ], [ -86.64822, 33.489347 ], [ -86.648197, 33.485052 ], [ -86.651554, 33.48485 ], [ -86.655128, 33.486547 ], [ -86.664409, 33.482127 ], [ -86.665551, 33.477422 ], [ -86.677875, 33.459098 ], [ -86.707586, 33.452392 ], [ -86.709035, 33.453678 ], [ -86.716528, 33.45262 ], [ -86.717784, 33.451329 ], [ -86.726494, 33.441894 ], [ -86.725616, 33.443244 ], [ -86.725123, 33.445452 ], [ -86.726487, 33.448065 ], [ -86.726548, 33.451826 ], [ -86.736898, 33.446594 ], [ -86.74055, 33.445772 ], [ -86.738761, 33.442417 ], [ -86.738619, 33.441167 ], [ -86.739325, 33.43413 ], [ -86.739919, 33.430539 ], [ -86.7392, 33.430087 ], [ -86.73914, 33.429968 ], [ -86.738577, 33.429253 ], [ -86.732413, 33.434697 ], [ -86.730989, 33.434676 ], [ -86.730275, 33.434664 ], [ -86.719755, 33.423533 ], [ -86.704712, 33.425666 ], [ -86.705919, 33.430469 ], [ -86.704581, 33.43044 ], [ -86.677639, 33.422728 ], [ -86.674236, 33.422711 ], [ -86.669888, 33.423353 ], [ -86.666394, 33.429237 ], [ -86.658138, 33.437444 ], [ -86.643738, 33.441084 ], [ -86.628611, 33.459453 ], [ -86.626361, 33.463155 ], [ -86.630448, 33.466808 ], [ -86.624005, 33.466856 ], [ -86.604626, 33.467127 ], [ -86.604585, 33.474179 ], [ -86.59581, 33.481482 ], [ -86.595701, 33.481482 ], [ -86.587065, 33.492352 ], [ -86.587012, 33.496073 ], [ -86.586986, 33.497323 ], [ -86.584379, 33.498787 ], [ -86.578309, 33.503287 ], [ -86.600085, 33.48701 ], [ -86.611487, 33.488831 ], [ -86.613501, 33.489712 ], [ -86.616574, 33.495855 ], [ -86.614821, 33.499714 ], [ -86.608741, 33.500926 ], [ -86.607078, 33.503391 ], [ -86.605139, 33.502817 ], [ -86.600136, 33.499734 ], [ -86.6001, 33.502302 ], [ -86.605134, 33.51131 ], [ -86.616218, 33.50696 ], [ -86.616022, 33.506584 ], [ -86.617216, 33.505258 ], [ -86.617635, 33.505239 ], [ -86.602325, 33.532542 ], [ -86.608785, 33.543425 ], [ -86.617812, 33.544584 ], [ -86.622935, 33.54694 ], [ -86.621761, 33.548503 ], [ -86.621749, 33.550069 ], [ -86.621726, 33.555605 ], [ -86.617807, 33.554318 ], [ -86.616334, 33.554333 ], [ -86.61602, 33.554333 ], [ -86.614667, 33.554344 ], [ -86.613896, 33.554389 ], [ -86.612067, 33.557563 ], [ -86.612402, 33.5582 ], [ -86.608711, 33.557502 ], [ -86.608708, 33.558008 ], [ -86.608674, 33.561624 ], [ -86.615273, 33.561584 ], [ -86.610773, 33.579761 ], [ -86.613018, 33.583441 ], [ -86.621722, 33.568921 ], [ -86.630403, 33.575251 ], [ -86.630446, 33.578866 ], [ -86.628231, 33.594366 ], [ -86.625872, 33.601695 ], [ -86.64809, 33.59804 ], [ -86.648498, 33.598771 ], [ -86.651878, 33.598104 ], [ -86.647681, 33.612677 ], [ -86.652191, 33.616341 ], [ -86.652188, 33.617399 ], [ -86.652184, 33.618593 ], [ -86.65218, 33.619911 ], [ -86.648583, 33.622693 ], [ -86.653805, 33.627124 ], [ -86.653085, 33.628164 ], [ -86.654318, 33.627485 ], [ -86.701796, 33.621752 ], [ -86.699335, 33.625602 ], [ -86.704515, 33.633138 ], [ -86.72638, 33.638991 ], [ -86.74575, 33.603111 ], [ -86.748472, 33.579644 ], [ -86.751137, 33.577526 ], [ -86.788217, 33.574856 ] ] ] ] } },
{ "type": "Feature", "properties": { "geo_id": "0100420", "geo_name": "Blount County School District", "geo_level": "school_district", "year": 2021 }, "geometry": { "type": "Polygon", "coordinates": [ [ [ -86.963358, 33.858221 ], [ -86.953664, 33.815297 ], [ -86.936537, 33.81531 ], [ -86.883947, 33.843237 ], [ -86.759144, 33.840617 ], [ -86.64529, 33.773012 ], [ -86.577799, 33.765316 ], [ -86.577528, 33.801977 ], [ -86.521771, 33.801901 ], [ -86.405981, 33.835896 ], [ -86.339338, 33.894843 ], [ -86.346233, 33.915573 ], [ -86.325622, 33.940147 ], [ -86.349493, 33.957253 ], [ -86.332723, 33.986109 ], [ -86.332388, 34.04648 ], [ -86.303516, 34.099073 ], [ -86.409017, 34.205002 ], [ -86.45302, 34.259317 ], [ -86.519603, 34.251766 ], [ -86.55697, 34.17885 ], [ -86.599785, 34.12172 ], [ -86.624127, 34.122211 ], [ -86.65682, 34.091646 ], [ -86.687697, 34.080735 ], [ -86.709746, 34.029047 ], [ -86.761007, 33.995681 ], [ -86.763999, 33.974187 ], [ -86.821564, 33.957133 ], [ -86.886022, 33.917432 ], [ -86.924387, 33.909222 ], [ -86.932324, 33.867292 ], [ -86.963358, 33.858221 ] ], [ [ -86.582702, 33.882215 ], [ -86.551121, 33.925294 ], [ -86.498725, 33.925081 ], [ -86.498475, 33.97659 ], [ -86.446376, 33.974669 ], [ -86.446514, 33.925137 ], [ -86.502404, 33.924491 ], [ -86.542597, 33.910586 ], [ -86.582702, 33.882215 ] ] ] } },
{ "type": "Feature", "properties": { "geo_id": "0100450", "geo_name": "Brewton City School District", "geo_level": "school_district", "year": 2021 }, "geometry": { "type": "Polygon", "coordinates": [ [ [ -87.124211, 31.085794 ], [ -87.084546, 31.078213 ], [ -87.05158, 31.108301 ], [ -87.056151, 31.162195 ], [ -87.069332, 31.162308 ], [ -87.089874, 31.096727 ], [ -87.124211, 31.085794 ] ] ] } },
{ "type": "Feature", "properties": { "geo_id": "0100480", "geo_name": "Bullock County School District", "geo_level": "school_district", "year": 2021 }, "geometry": { "type": "Polygon", "coordinates": [ [ [ -85.964621, 32.27301 ], [ -85.999157, 32.250543 ], [ -85.996853, 32.051049 ], [ -85.911755, 32.054752 ], [ -85.893652, 32.047351 ], [ -85.892651, 31.989053 ], [ -85.88435, 31.967253 ], [ -85.790048, 31.967254 ], [ -85.791047, 31.880357 ], [ -85.657668, 31.880275 ], [ -85.648767, 31.911615 ], [ -85.604769, 31.960852 ], [ -85.587344, 31.997355 ], [ -85.51236, 31.999694 ], [ -85.512643, 32.014055 ], [ -85.428476, 32.014951 ], [ -85.427442, 32.13935 ], [ -85.410241, 32.146651 ], [ -85.427441, 32.146551 ], [ -85.433543, 32.234648 ], [ -85.856218, 32.231975 ], [ -85.876061, 32.246344 ], [ -85.877868, 32.291528 ], [ -85.919293, 32.274382 ], [ -85.959393, 32.273174 ], [ -85.961414, 32.273111 ], [ -85.963264, 32.273053 ], [ -85.964621, 32.27301 ] ] ] } },
{ "type": "Feature", "properties": { "geo_id": "0100510", "geo_name": "Butler County School District", "geo_level": "school_district", "year": 2021 }, "geometry": { "type": "Polygon", "coordinates": [ [ [ -86.857583, 31.962167 ], [ -86.908939, 31.961673 ], [ -86.906899, 31.830628 ], [ -86.905899, 31.753035 ], [ -86.906769, 31.632671 ], [ -86.874565, 31.577993 ], [ -86.866302, 31.546981 ], [ -86.839386, 31.525204 ], [ -86.701554, 31.523946 ], [ -86.499213, 31.525331 ], [ -86.499533, 31.655247 ], [ -86.448635, 31.655617 ], [ -86.445978, 31.70112 ], [ -86.448198, 31.964629 ], [ -86.857583, 31.962167 ] ] ] } },
{ "type": "Feature", "properties": { "geo_id": "0100540", "geo_name": "Calhoun County School District", "geo_level": "school_district", "year": 2021 }, "geometry": { "type": "Polygon", "coordinates": [ [ [ -86.065272, 33.842198 ], [ -86.051439, 33.824134 ], [ -86.064364, 33.797775 ], [ -86.043993, 33.763595 ], [ -86.137396, 33.715351 ], [ -86.145562, 33.679098 ], [ -86.050669, 33.67459 ], [ -86.026401, 33.647197 ], [ -86.021587, 33.601163 ], [ -85.925151, 33.625877 ], [ -85.913469, 33.62125 ], [ -85.895776, 33.629457 ], [ -85.860764, 33.636928 ], [ -85.85501, 33.654712 ], [ -85.853565, 33.655403 ], [ -85.853165, 33.655603 ], [ -85.851811, 33.688006 ], [ -85.829927, 33.68763 ], [ -85.821213, 33.742019 ], [ -85.760044, 33.748889 ], [ -85.759959, 33.632322 ], [ -85.7423, 33.600006 ], [ -85.724953, 33.613539 ], [ -85.689954, 33.612909 ], [ -85.65581, 33.627166 ], [ -85.638579, 33.648413 ], [ -85.638049, 33.773339 ], [ -85.585985, 33.802095 ], [ -85.585201, 33.84592 ], [ -85.637126, 33.846497 ], [ -85.637012, 33.875273 ], [ -85.660928, 33.877588 ], [ -85.664725, 33.912483 ], [ -85.654015, 33.963442 ], [ -85.738975, 33.96846 ], [ -85.740968, 33.935301 ], [ -85.811032, 33.947067 ], [ -85.881768, 33.950299 ], [ -85.899668, 33.942999 ], [ -85.899568, 33.906399 ], [ -85.96917, 33.914598 ], [ -85.995169, 33.864897 ], [ -86.065272, 33.842198 ] ], [ [ -85.786585, 33.775631 ], [ -85.780876, 33.825048 ], [ -85.760601, 33.84043 ], [ -85.728874, 33.836682 ], [ -85.737069, 33.799989 ], [ -85.75578, 33.78182 ], [ -85.786585, 33.775631 ] ] ] } },
{ "type": "Feature", "properties": { "geo_id": "0100600", "geo_name": "Chambers County School District", "geo_level": "school_district", "year": 2021 }, "geometry": { "type": "Polygon", "coordinates": [ [ [ -85.593177, 33.10734 ], [ -85.593151, 32.72853 ], [ -85.491067, 32.730613 ], [ -85.490662, 32.730629 ], [ -85.473596, 32.730477 ], [ -85.456265, 32.730341 ], [ -85.30918, 32.730731 ], [ -85.285002, 32.739164 ], [ -85.284843, 32.745131 ], [ -85.135038, 32.74653 ], [ -85.122326, 32.774383 ], [ -85.165635, 32.808222 ], [ -85.154855, 32.839689 ], [ -85.178508, 32.854664 ], [ -85.215311, 32.838821 ], [ -85.2147, 32.868191 ], [ -85.214607, 32.871782 ], [ -85.214635, 32.872677 ], [ -85.205794, 32.886125 ], [ -85.186989, 32.881642 ], [ -85.232378, 33.108077 ], [ -85.394605, 33.108598 ], [ -85.398389, 33.108598 ], [ -85.402678, 33.108617 ], [ -85.411829, 33.108717 ], [ -85.593177, 33.10734 ] ] ] } },
{ "type": "Feature", "properties": { "geo_id": "0100630", "geo_name": "Cherokee County School District", "geo_level": "school_district", "year": 2021 }, "geometry": { "type": "Polygon", "coordinates": [ [ [ -85.627425, 34.395519 ], [ -85.636645, 34.366622 ], [ -85.675283, 34.343396 ], [ -85.774165, 34.259094 ], [ -85.809045, 34.258921 ], [ -85.843801, 34.244595 ], [ -85.843617, 34.200006 ], [ -85.841468, 34.111096 ], [ -85.811967, 34.125096 ], [ -85.737137, 33.989203 ], [ -85.738975, 33.96846 ], [ -85.654015, 33.963442 ], [ -85.529432, 33.95598 ], [ -85.425627, 33.957069 ], [ -85.398837, 33.964129 ], [ -85.47045, 34.328239 ], [ -85.513612, 34.523825 ], [ -85.560386, 34.489909 ], [ -85.589437, 34.424203 ], [ -85.627545, 34.396074 ], [ -85.627425, 34.395519 ] ] ] } },
{ "type": "Feature", "properties": { "geo_id": "0100660", "geo_name": "Chilton County School District", "geo_level": "school_district", "year": 2021 }, "geometry": { "type": "Polygon", "coordinates": [ [ [ -87.019157, 32.837034 ], [ -87.017762, 32.729532 ], [ -87.01766, 32.663269 ], [ -86.917595, 32.664169 ], [ -86.816574, 32.660117 ], [ -86.71339, 32.661732 ], [ -86.714219, 32.705694 ], [ -86.413116, 32.707386 ], [ -86.413335, 32.750591 ], [ -86.374974, 32.75358 ], [ -86.413402, 32.788182 ], [ -86.457015, 32.813899 ], [ -86.447628, 32.851129 ], [ -86.478711, 32.872659 ], [ -86.490511, 32.905619 ], [ -86.515959, 32.929361 ], [ -86.510622, 32.98538 ], [ -86.517344, 33.020566 ], [ -86.552759, 33.018664 ], [ -86.604032, 33.055086 ], [ -86.610003, 33.070003 ], [ -86.791075, 33.069027 ], [ -86.881638, 33.071861 ], [ -86.881182, 33.049901 ], [ -86.876866, 33.049925 ], [ -86.876118, 32.836264 ], [ -87.019157, 32.837034 ] ] ] } },
{ "type": "Feature", "properties": { "geo_id": "0100690", "geo_name": "Choctaw County School District", "geo_level": "school_district", "year": 2021 }, "geometry": { "type": "Polygon", "coordinates": [ [ [ -88.473227, 31.893856 ], [ -88.46443, 31.697952 ], [ -88.088288, 31.699303 ], [ -88.104918, 31.760798 ], [ -88.142624, 31.752491 ], [ -88.158583, 31.766138 ], [ -88.180384, 31.814546 ], [ -88.141987, 31.86436 ], [ -88.129434, 31.904936 ], [ -88.088645, 31.910775 ], [ -88.102291, 31.939993 ], [ -88.080913, 31.953908 ], [ -88.07349, 31.990182 ], [ -88.095071, 31.993078 ], [ -88.117433, 32.01682 ], [ -88.114087, 32.058056 ], [ -88.070615, 32.0617 ], [ -88.044715, 32.082256 ], [ -88.052203, 32.10177 ], [ -88.035812, 32.14501 ], [ -88.021369, 32.14495 ], [ -88.009564, 32.195452 ], [ -88.009453, 32.261704 ], [ -88.019145, 32.28524 ], [ -87.948354, 32.30409 ], [ -87.9297, 32.292516 ], [ -87.930661, 32.310574 ], [ -88.209112, 32.307574 ], [ -88.421453, 32.30868 ], [ -88.431379, 32.227666 ], [ -88.442661, 32.138601 ], [ -88.473227, 31.893856 ] ] ] } },
{ "type": "Feature", "properties": { "geo_id": "0100720", "geo_name": "Clarke County School District", "geo_level": "school_district", "year": 2021 }, "geometry": { "type": "Polygon", "coordinates": [ [ [ -88.07349, 31.990182 ], [ -88.080913, 31.953908 ], [ -88.102291, 31.939993 ], [ -88.088645, 31.910775 ], [ -88.129434, 31.904936 ], [ -88.141987, 31.86436 ], [ -88.180384, 31.814546 ], [ -88.158583, 31.766138 ], [ -88.142624, 31.752491 ], [ -88.104918, 31.760798 ], [ -88.088288, 31.699303 ], [ -88.089388, 31.658747 ], [ -88.072234, 31.5945 ], [ -88.027693, 31.584251 ], [ -88.031277, 31.560494 ], [ -87.970377, 31.530546 ], [ -87.942514, 31.526719 ], [ -87.907399, 31.494438 ], [ -87.921979, 31.436537 ], [ -87.888857, 31.364023 ], [ -87.924525, 31.312907 ], [ -87.950795, 31.299463 ], [ -87.963378, 31.250171 ], [ -87.931333, 31.224554 ], [ -87.946588, 31.19293 ], [ -87.913637, 31.187356 ], [ -87.873887, 31.201496 ], [ -87.863593, 31.226112 ], [ -87.837105, 31.247254 ], [ -87.828313, 31.275304 ], [ -87.785523, 31.27579 ], [ -87.765152, 31.297346 ], [ -87.781681, 31.33333 ], [ -87.722758, 31.343621 ], [ -87.725837, 31.373741 ], [ -87.706045, 31.400957 ], [ -87.665572, 31.423166 ], [ -87.639649, 31.424768 ], [ -87.603137, 31.409556 ], [ -87.574727, 31.433827 ], [ -87.565708, 31.481683 ], [ -87.605064, 31.500162 ], [ -87.619844, 31.519049 ], [ -87.565413, 31.553573 ], [ -87.566841, 31.697115 ], [ -87.516131, 31.697824 ], [ -87.518363, 31.814386 ], [ -87.50093, 31.829251 ], [ -87.620112, 31.827123 ], [ -87.620193, 31.833342 ], [ -87.737068, 31.833984 ], [ -87.817279, 31.82496 ], [ -87.816852, 31.990526 ], [ -88.07349, 31.990182 ] ] ] } },
{ "type": "Feature", "properties": { "geo_id": "0100750", "geo_name": "Clay County School District", "geo_level": "school_district", "year": 2021 }, "geometry": { "type": "Polygon", "coordinates": [ [ [ -85.85189, 33.498742 ], [ -85.904909, 33.498655 ], [ -85.905338, 33.45471 ], [ -85.922817, 33.454576 ], [ -85.923762, 33.396206 ], [ -85.941262, 33.381749 ], [ -85.976525, 33.38187 ], [ -85.980293, 33.29419 ], [ -86.118198, 33.29632 ], [ -86.120567, 33.194511 ], [ -86.17283, 33.195681 ], [ -86.17437, 33.104394 ], [ -86.009313, 33.104642 ], [ -86.00917, 33.09026 ], [ -85.974715, 33.105286 ], [ -85.801694, 33.104298 ], [ -85.653654, 33.106634 ], [ -85.65308, 33.212117 ], [ -85.643482, 33.495885 ], [ -85.765427, 33.498593 ], [ -85.782735, 33.469349 ], [ -85.870053, 33.476757 ], [ -85.85189, 33.498742 ] ] ] } },
{ "type": "Feature", "properties": { "geo_id": "0100780", "geo_name": "Cleburne County School District", "geo_level": "school_district", "year": 2021 }, "geometry": { "type": "Polygon", "coordinates": [ [ [ -85.85189, 33.498742 ], [ -85.870053, 33.476757 ], [ -85.782735, 33.469349 ], [ -85.765427, 33.498593 ], [ -85.643482, 33.495885 ], [ -85.468442, 33.494543 ], [ -85.331061, 33.491014 ], [ -85.304439, 33.482884 ], [ -85.381041, 33.873477 ], [ -85.637012, 33.875273 ], [ -85.637126, 33.846497 ], [ -85.585201, 33.84592 ], [ -85.585985, 33.802095 ], [ -85.638049, 33.773339 ], [ -85.638579, 33.648413 ], [ -85.65581, 33.627166 ], [ -85.689954, 33.612909 ], [ -85.724953, 33.613539 ], [ -85.7423, 33.600006 ], [ -85.744118, 33.556075 ], [ -85.796054, 33.55622 ], [ -85.796852, 33.541849 ], [ -85.85189, 33.498742 ] ] ] } },
{ "type": "Feature", "properties": { "geo_id": "0100810", "geo_name": "Coffee County School District", "geo_level": "school_district", "year": 2021 }, "geometry": { "type": "Polygon", "coordinates": [ [ [ -86.195075, 31.354485 ], [ -86.193476, 31.192213 ], [ -85.999042, 31.195777 ], [ -85.791402, 31.196349 ], [ -85.790354, 31.322656 ], [ -85.808237, 31.284778 ], [ -85.888102, 31.284679 ], [ -85.888582, 31.371525 ], [ -85.815285, 31.371112 ], [ -85.815656, 31.346097 ], [ -85.789963, 31.341922 ], [ -85.789785, 31.356562 ], [ -85.789837, 31.385469 ], [ -85.845145, 31.429359 ], [ -85.858166, 31.465831 ], [ -85.840629, 31.473087 ], [ -85.817702, 31.50935 ], [ -85.789308, 31.490925 ], [ -85.789142, 31.617964 ], [ -85.999948, 31.619311 ], [ -86.145895, 31.617741 ], [ -86.14395, 31.537675 ], [ -86.194724, 31.52446 ], [ -86.166121, 31.524567 ], [ -86.093422, 31.458218 ], [ -86.047621, 31.44992 ], [ -86.02019, 31.453785 ], [ -86.004265, 31.401932 ], [ -86.046943, 31.346856 ], [ -86.075447, 31.345538 ], [ -86.149285, 31.389881 ], [ -86.181401, 31.376717 ], [ -86.195075, 31.354485 ] ] ] } },
{ "type": "Feature", "properties": { "geo_id": "0100840", "geo_name": "Colbert County School District", "geo_level": "school_district", "year": 2021 }, "geometry": { "type": "Polygon", "coordinates": [ [ [ -88.097888, 34.892202 ], [ -88.118407, 34.724292 ], [ -88.139988, 34.581703 ], [ -87.952122, 34.575114 ], [ -87.529667, 34.567081 ], [ -87.507342, 34.586491 ], [ -87.504258, 34.616616 ], [ -87.476249, 34.65131 ], [ -87.449765, 34.64891 ], [ -87.451922, 34.695082 ], [ -87.43306, 34.717485 ], [ -87.42651, 34.800022 ], [ -87.479966, 34.812626 ], [ -87.524363, 34.832384 ], [ -87.580637, 34.821802 ], [ -87.613694, 34.79903 ], [ -87.707572, 34.772919 ], [ -87.72836, 34.749309 ], [ -87.7603, 34.735578 ], [ -87.806963, 34.732061 ], [ -87.835833, 34.741239 ], [ -87.92029, 34.804468 ], [ -87.937212, 34.847365 ], [ -87.973222, 34.88255 ], [ -88.050792, 34.90618 ], [ -88.097888, 34.892202 ] ], [ [ -87.664692, 34.705776 ], [ -87.702294, 34.690154 ], [ -87.711123, 34.712598 ], [ -87.74235, 34.709619 ], [ -87.741104, 34.735044 ], [ -87.712129, 34.766817 ], [ -87.673331, 34.780517 ], [ -87.667504, 34.760732 ], [ -87.607673, 34.791604 ], [ -87.616963, 34.772981 ], [ -87.610103, 34.729374 ], [ -87.625884, 34.709585 ], [ -87.664692, 34.705776 ] ] ] } },
{ "type": "Feature", "properties": { "geo_id": "0100870", "geo_name": "Conecuh County School District", "geo_level": "school_district", "year": 2021 }, "geometry": { "type": "Polygon", "coordinates": [ [ [ -86.905899, 31.753035 ], [ -86.98932, 31.718562 ], [ -87.052284, 31.716761 ], [ -87.055967, 31.677381 ], [ -87.091352, 31.652263 ], [ -87.135051, 31.642417 ], [ -87.145126, 31.587168 ], [ -87.158925, 31.56614 ], [ -87.166581, 31.519561 ], [ -87.208551, 31.457285 ], [ -87.227797, 31.454363 ], [ -87.296721, 31.401278 ], [ -87.359763, 31.317747 ], [ -87.393206, 31.300853 ], [ -87.427455, 31.260386 ], [ -86.99997, 31.261038 ], [ -86.763961, 31.261293 ], [ -86.768632, 31.19733 ], [ -86.725985, 31.183825 ], [ -86.700282, 31.192217 ], [ -86.699435, 31.348084 ], [ -86.667245, 31.369404 ], [ -86.66251, 31.401446 ], [ -86.67485, 31.436557 ], [ -86.70122, 31.436641 ], [ -86.701554, 31.523946 ], [ -86.839386, 31.525204 ], [ -86.866302, 31.546981 ], [ -86.874565, 31.577993 ], [ -86.906769, 31.632671 ], [ -86.905899, 31.753035 ] ] ] } },
{ "type": "Feature", "properties": { "geo_id": "0100900", "geo_name": "Coosa County School District", "geo_level": "school_district", "year": 2021 }, "geometry": { "type": "Polygon", "coordinates": [ [ [ -86.517344, 33.020566 ], [ -86.510622, 32.98538 ], [ -86.515959, 32.929361 ], [ -86.490511, 32.905619 ], [ -86.478711, 32.872659 ], [ -86.447628, 32.851129 ], [ -86.457015, 32.813899 ], [ -86.413402, 32.788182 ], [ -86.374974, 32.75358 ], [ -86.007187, 32.754984 ], [ -86.008263, 32.966054 ], [ -86.00917, 33.09026 ], [ -86.009313, 33.104642 ], [ -86.17437, 33.104394 ], [ -86.491029, 33.102944 ], [ -86.512106, 33.085876 ], [ -86.517344, 33.020566 ] ] ] } },
{ "type": "Feature", "properties": { "geo_id": "0100930", "geo_name": "Covington County School District", "geo_level": "school_district", "year": 2021 }, "geometry": { "type": "Polygon", "coordinates": [ [ [ -86.701554, 31.523946 ], [ -86.70122, 31.436641 ], [ -86.67485, 31.436557 ], [ -86.66251, 31.401446 ], [ -86.667245, 31.369404 ], [ -86.699435, 31.348084 ], [ -86.700282, 31.192217 ], [ -86.70022, 31.000418 ], [ -86.688317, 30.994507 ], [ -86.520196, 30.993258 ], [ -86.187246, 30.994021 ], [ -86.190355, 31.003061 ], [ -86.193476, 31.192213 ], [ -86.195075, 31.354485 ], [ -86.193951, 31.440072 ], [ -86.261876, 31.441168 ], [ -86.277031, 31.455602 ], [ -86.280155, 31.52851 ], [ -86.297348, 31.527583 ], [ -86.338539, 31.48756 ], [ -86.363624, 31.484784 ], [ -86.398536, 31.451325 ], [ -86.39994, 31.527128 ], [ -86.499213, 31.525331 ], [ -86.701554, 31.523946 ] ], [ [ -86.442285, 31.281924 ], [ -86.514451, 31.277919 ], [ -86.522192, 31.336091 ], [ -86.439058, 31.33984 ], [ -86.441793, 31.300113 ], [ -86.442471, 31.282172 ], [ -86.442285, 31.281924 ] ], [ [ -86.313948, 31.270309 ], [ -86.270388, 31.326564 ], [ -86.252172, 31.311509 ], [ -86.211305, 31.301478 ], [ -86.210724, 31.261807 ], [ -86.234692, 31.244783 ], [ -86.271312, 31.244724 ], [ -86.313948, 31.270309 ] ] ] } },
{ "type": "Feature", "properties": { "geo_id": "0100960", "geo_name": "Crenshaw County School District", "geo_level": "school_district", "year": 2021 }, "geometry": { "type": "Polygon", "coordinates": [ [ [ -86.448198, 31.964629 ], [ -86.445978, 31.70112 ], [ -86.448635, 31.655617 ], [ -86.499533, 31.655247 ], [ -86.499213, 31.525331 ], [ -86.39994, 31.527128 ], [ -86.398536, 31.451325 ], [ -86.363624, 31.484784 ], [ -86.338539, 31.48756 ], [ -86.297348, 31.527583 ], [ -86.280155, 31.52851 ], [ -86.277031, 31.455602 ], [ -86.261876, 31.441168 ], [ -86.193951, 31.440072 ], [ -86.194724, 31.52446 ], [ -86.14395, 31.537675 ], [ -86.145895, 31.617741 ], [ -86.179697, 31.627382 ], [ -86.147147, 31.66315 ], [ -86.148339, 31.790951 ], [ -86.199378, 31.79045 ], [ -86.182949, 31.83239 ], [ -86.173145, 31.891814 ], [ -86.174969, 31.930597 ], [ -86.191379, 31.966453 ], [ -86.302217, 31.965065 ], [ -86.303616, 32.051664 ], [ -86.406276, 32.050731 ], [ -86.405005, 31.963775 ], [ -86.448198, 31.964629 ] ] ] } },
{ "type": "Feature", "properties": { "geo_id": "0100990", "geo_name": "Cullman City School District", "geo_level": "school_district", "year": 2021 }, "geometry": { "type": "MultiPolygon", "coordinates": [ [ [ [ -86.87879, 34.150441 ], [ -86.884751, 34.155592 ], [ -86.883155, 34.152311 ], [ -86.878716, 34.152174 ], [ -86.87879, 34.150441 ] ] ], [ [ [ -86.891896, 34.221973 ], [ -86.873596, 34.199706 ], [ -86.87358, 34.199593 ], [ -86.870685, 34.195139 ], [ -86.870632, 34.195456 ], [ -86.874845, 34.191074 ], [ -86.874307, 34.190063 ], [ -86.879194, 34.177885 ], [ -86.879297, 34.177977 ], [ -86.881276, 34.17897 ], [ -86.881276, 34.178798 ], [ -86.881276, 34.17803 ], [ -86.880489, 34.177868 ], [ -86.864812, 34.162783 ], [ -86.862598, 34.162737 ], [ -86.861733, 34.162708 ], [ -86.861166, 34.155466 ], [ -86.856957, 34.155394 ], [ -86.857066, 34.148046 ], [ -86.852686, 34.146202 ], [ -86.852626, 34.147985 ], [ -86.840647, 34.126367 ], [ -86.839812, 34.126954 ], [ -86.830936, 34.143728 ], [ -86.830945, 34.142581 ], [ -86.830949, 34.142214 ], [ -86.830954, 34.141688 ], [ -86.831539, 34.116718 ], [ -86.831537, 34.116219 ], [ -86.831552, 34.115653 ], [ -86.831608, 34.113553 ], [ -86.836176, 34.106218 ], [ -86.831641, 34.104382 ], [ -86.81857, 34.143898 ], [ -86.813331, 34.144028 ], [ -86.813259, 34.147325 ], [ -86.80218, 34.167411 ], [ -86.799708, 34.167681 ], [ -86.796964, 34.180286 ], [ -86.799529, 34.180285 ], [ -86.80306, 34.205807 ], [ -86.803348, 34.21043 ], [ -86.802997, 34.234997 ], [ -86.803073, 34.235024 ], [ -86.8143, 34.205893 ], [ -86.814289, 34.205857 ], [ -86.81231, 34.202904 ], [ -86.812258, 34.202274 ], [ -86.816715, 34.196343 ], [ -86.816731, 34.195881 ], [ -86.818962, 34.19194 ], [ -86.819348, 34.191945 ], [ -86.82767, 34.195168 ], [ -86.827614, 34.198794 ], [ -86.819449, 34.207624 ], [ -86.821149, 34.207437 ], [ -86.822428, 34.205976 ], [ -86.823249, 34.205973 ], [ -86.824433, 34.205988 ], [ -86.825329, 34.204505 ], [ -86.829644, 34.220451 ], [ -86.832783, 34.221321 ], [ -86.835229, 34.228163 ], [ -86.836686, 34.228634 ], [ -86.836856, 34.228698 ], [ -86.837019, 34.228779 ], [ -86.835743, 34.237291 ], [ -86.836133, 34.237517 ], [ -86.836111, 34.237977 ], [ -86.835687, 34.238274 ], [ -86.837031, 34.239638 ], [ -86.836966, 34.239529 ], [ -86.847579, 34.231399 ], [ -86.847676, 34.231535 ], [ -86.847752, 34.231742 ], [ -86.84785, 34.231823 ], [ -86.851221, 34.233304 ], [ -86.851126, 34.233343 ], [ -86.849126, 34.232349 ], [ -86.851231, 34.232359 ], [ -86.852433, 34.228495 ], [ -86.847052, 34.228516 ], [ -86.849925, 34.225581 ], [ -86.847326, 34.216673 ], [ -86.850064, 34.206041 ], [ -86.850309, 34.213538 ], [ -86.85601, 34.219576 ], [ -86.858951, 34.219085 ], [ -86.859048, 34.217507 ], [ -86.860261, 34.217162 ], [ -86.869608, 34.215432 ], [ -86.875205, 34.214602 ], [ -86.875206, 34.213795 ], [ -86.888666, 34.212938 ], [ -86.889371, 34.212809 ], [ -86.891896, 34.221973 ] ], [ [ -86.845341, 34.191785 ], [ -86.847345, 34.195292 ], [ -86.847321, 34.195952 ], [ -86.845554, 34.199117 ], [ -86.845543, 34.201275 ], [ -86.84246, 34.191717 ], [ -86.845341, 34.191785 ] ], [ [ -86.869608, 34.215432 ], [ -86.867783, 34.214043 ], [ -86.864636, 34.211404 ], [ -86.869608, 34.215432 ] ] ], [ [ [ -86.897179, 34.23124 ], [ -86.891896, 34.221973 ], [ -86.889143, 34.221862 ], [ -86.888651, 34.219781 ], [ -86.888662, 34.219386 ], [ -86.88215, 34.222109 ], [ -86.892994, 34.232927 ], [ -86.895333, 34.233102 ], [ -86.897179, 34.23124 ] ] ] ] } },
{ "type": "Feature", "properties": { "geo_id": "0101020", "geo_name": "Cullman County School District", "geo_level": "school_district", "year": 2021 }, "geometry": { "type": "MultiPolygon", "coordinates": [ [ [ [ -86.847345, 34.195292 ], [ -86.845341, 34.191785 ], [ -86.84246, 34.191717 ], [ -86.845543, 34.201275 ], [ -86.845554, 34.199117 ], [ -86.847321, 34.195952 ], [ -86.847345, 34.195292 ] ] ], [ [ [ -86.869608, 34.215432 ], [ -86.864636, 34.211404 ], [ -86.867783, 34.214043 ], [ -86.869608, 34.215432 ] ] ], [ [ [ -87.109911, 34.299299 ], [ -87.111992, 33.992385 ], [ -87.151036, 33.993225 ], [ -87.13408, 33.965093 ], [ -87.112377, 33.959487 ], [ -87.085584, 33.919164 ], [ -87.091836, 33.890093 ], [ -87.007077, 33.888927 ], [ -87.006862, 33.866179 ], [ -86.963358, 33.858221 ], [ -86.932324, 33.867292 ], [ -86.924387, 33.909222 ], [ -86.886022, 33.917432 ], [ -86.821564, 33.957133 ], [ -86.763999, 33.974187 ], [ -86.761007, 33.995681 ], [ -86.709746, 34.029047 ], [ -86.687697, 34.080735 ], [ -86.65682, 34.091646 ], [ -86.624127, 34.122211 ], [ -86.599785, 34.12172 ], [ -86.55697, 34.17885 ], [ -86.519603, 34.251766 ], [ -86.45302, 34.259317 ], [ -86.459449, 34.289148 ], [ -86.477525, 34.302758 ], [ -86.482132, 34.302815 ], [ -86.4862, 34.302865 ], [ -86.516655, 34.303281 ], [ -86.581936, 34.304694 ], [ -86.854887, 34.308362 ], [ -87.110111, 34.313799 ], [ -87.109911, 34.299299 ] ], [ [ -86.891896, 34.221973 ], [ -86.897179, 34.23124 ], [ -86.895333, 34.233102 ], [ -86.892994, 34.232927 ], [ -86.88215, 34.222109 ], [ -86.888662, 34.219386 ], [ -86.888651, 34.219781 ], [ -86.889143, 34.221862 ], [ -86.891896, 34.221973 ] ], [ [ -86.884751, 34.155592 ], [ -86.87879, 34.150441 ], [ -86.878716, 34.152174 ], [ -86.883155, 34.152311 ], [ -86.884751, 34.155592 ] ], [ [ -86.891896, 34.221973 ], [ -86.889371, 34.212809 ], [ -86.888666, 34.212938 ], [ -86.875206, 34.213795 ], [ -86.875205, 34.214602 ], [ -86.869608, 34.215432 ], [ -86.860261, 34.217162 ], [ -86.859048, 34.217507 ], [ -86.858951, 34.219085 ], [ -86.85601, 34.219576 ], [ -86.850309, 34.213538 ], [ -86.850064, 34.206041 ], [ -86.847326, 34.216673 ], [ -86.849925, 34.225581 ], [ -86.847052, 34.228516 ], [ -86.852433, 34.228495 ], [ -86.851231, 34.232359 ], [ -86.849126, 34.232349 ], [ -86.851126, 34.233343 ], [ -86.851221, 34.233304 ], [ -86.84785, 34.231823 ], [ -86.847752, 34.231742 ], [ -86.847676, 34.231535 ], [ -86.847579, 34.231399 ], [ -86.836966, 34.239529 ], [ -86.837031, 34.239638 ], [ -86.835687, 34.238274 ], [ -86.836111, 34.237977 ], [ -86.836133, 34.237517 ], [ -86.835743, 34.237291 ], [ -86.837019, 34.228779 ], [ -86.836856, 34.228698 ], [ -86.836686, 34.228634 ], [ -86.835229, 34.228163 ], [ -86.832783, 34.221321 ], [ -86.829644, 34.220451 ], [ -86.825329, 34.204505 ], [ -86.824433, 34.205988 ], [ -86.823249, 34.205973 ], [ -86.822428, 34.205976 ], [ -86.821149, 34.207437 ], [ -86.819449, 34.207624 ], [ -86.827614, 34.198794 ], [ -86.82767, 34.195168 ], [ -86.819348, 34.191945 ], [ -86.818962, 34.19194 ], [ -86.816731, 34.195881 ], [ -86.816715, 34.196343 ], [ -86.812258, 34.202274 ], [ -86.81231, 34.202904 ], [ -86.814289, 34.205857 ], [ -86.8143, 34.205893 ], [ -86.803073, 34.235024 ], [ -86.802997, 34.234997 ], [ -86.803348, 34.21043 ], [ -86.80306, 34.205807 ], [ -86.799529, 34.180285 ], [ -86.796964, 34.180286 ], [ -86.799708, 34.167681 ], [ -86.80218, 34.167411 ], [ -86.813259, 34.147325 ], [ -86.813331, 34.144028 ], [ -86.81857, 34.143898 ], [ -86.831641, 34.104382 ], [ -86.836176, 34.106218 ], [ -86.831608, 34.113553 ], [ -86.831552, 34.115653 ], [ -86.831537, 34.116219 ], [ -86.831539, 34.116718 ], [ -86.830954, 34.141688 ], [ -86.830949, 34.142214 ], [ -86.830945, 34.142581 ], [ -86.830936, 34.143728 ], [ -86.839812, 34.126954 ], [ -86.840647, 34.126367 ], [ -86.852626, 34.147985 ], [ -86.852686, 34.146202 ], [ -86.857066, 34.148046 ], [ -86.856957, 34.155394 ], [ -86.861166, 34.155466 ], [ -86.861733, 34.162708 ], [ -86.862598, 34.162737 ], [ -86.864812, 34.162783 ], [ -86.880489, 34.177868 ], [ -86.881276, 34.17803 ], [ -86.881276, 34.178798 ], [ -86.881276, 34.17897 ], [ -86.879297, 34.177977 ], [ -86.879194, 34.177885 ], [ -86.874307, 34.190063 ], [ -86.874845, 34.191074 ], [ -86.870632, 34.195456 ], [ -86.870685, 34.195139 ], [ -86.87358, 34.199593 ], [ -86.873596, 34.199706 ], [ -86.891896, 34.221973 ] ] ] ] } },
{ "type": "Feature", "properties": { "geo_id": "0101050", "geo_name": "Dale County School District", "geo_level": "school_district", "year": 2021 }, "geometry": { "type": "Polygon", "coordinates": [ [ [ -85.789308, 31.490925 ], [ -85.759103, 31.48379 ], [ -85.711026, 31.49262 ], [ -85.659143, 31.517284 ], [ -85.639953, 31.502771 ], [ -85.601054, 31.502607 ], [ -85.605495, 31.461411 ], [ -85.573938, 31.428977 ], [ -85.546849, 31.420148 ], [ -85.543273, 31.392393 ], [ -85.564838, 31.378915 ], [ -85.613796, 31.384311 ], [ -85.61573, 31.3624 ], [ -85.665605, 31.317301 ], [ -85.675689, 31.315582 ], [ -85.675113, 31.255562 ], [ -85.635307, 31.275555 ], [ -85.602956, 31.272378 ], [ -85.546113, 31.253868 ], [ -85.51128, 31.25062 ], [ -85.485826, 31.265303 ], [ -85.469122, 31.286886 ], [ -85.468855, 31.28688 ], [ -85.467737, 31.286817 ], [ -85.447416, 31.286594 ], [ -85.435029, 31.286454 ], [ -85.438603, 31.325549 ], [ -85.41751, 31.32951 ], [ -85.415336, 31.500168 ], [ -85.416437, 31.619466 ], [ -85.585439, 31.617565 ], [ -85.748251, 31.618048 ], [ -85.789142, 31.617964 ], [ -85.789308, 31.490925 ] ] ] } },
{ "type": "Feature", "properties": { "geo_id": "0101080", "geo_name": "Daleville City School District", "geo_level": "school_district", "year": 2021 }, "geometry": { "type": "Polygon", "coordinates": [ [ [ -85.790354, 31.322656 ], [ -85.791402, 31.196349 ], [ -85.710333, 31.195173 ], [ -85.692311, 31.210558 ], [ -85.675113, 31.255562 ], [ -85.675689, 31.315582 ], [ -85.713481, 31.320401 ], [ -85.715492, 31.319532 ], [ -85.74429, 31.320838 ], [ -85.745747, 31.322028 ], [ -85.755551, 31.356399 ], [ -85.789785, 31.356562 ], [ -85.789963, 31.341922 ], [ -85.790116, 31.330082 ], [ -85.790314, 31.323851 ], [ -85.790354, 31.322656 ] ] ] } },
{ "type": "Feature", "properties": { "geo_id": "0101110", "geo_name": "Dallas County School District", "geo_level": "school_district", "year": 2021 }, "geometry": { "type": "Polygon", "coordinates": [ [ [ -87.47308, 32.307614 ], [ -87.472206, 32.264919 ], [ -87.444429, 32.268889 ], [ -87.42275, 32.244118 ], [ -87.39428, 32.237329 ], [ -87.362213, 32.196081 ], [ -87.325644, 32.196272 ], [ -87.27773, 32.146808 ], [ -87.262853, 32.147007 ], [ -87.234028, 32.101694 ], [ -87.203828, 32.090984 ], [ -87.17786, 32.047514 ], [ -86.906956, 32.04797 ], [ -86.908302, 32.225028 ], [ -86.810313, 32.224747 ], [ -86.839758, 32.24121 ], [ -86.864563, 32.274704 ], [ -86.82606, 32.305957 ], [ -86.850412, 32.328947 ], [ -86.814912, 32.340803 ], [ -86.815399, 32.370821 ], [ -86.843758, 32.400416 ], [ -86.849898, 32.438325 ], [ -86.906742, 32.536977 ], [ -86.898304, 32.567687 ], [ -86.918099, 32.642059 ], [ -86.917595, 32.664169 ], [ -87.01766, 32.663269 ], [ -87.017762, 32.729532 ], [ -87.033255, 32.695844 ], [ -87.030762, 32.674554 ], [ -87.047873, 32.620776 ], [ -87.041158, 32.597892 ], [ -87.081298, 32.570475 ], [ -87.089967, 32.534416 ], [ -87.112362, 32.48865 ], [ -87.233798, 32.484372 ], [ -87.423153, 32.482965 ], [ -87.421744, 32.308101 ], [ -87.47308, 32.307614 ] ], [ [ -87.011805, 32.403263 ], [ -87.06476, 32.390177 ], [ -87.049726, 32.443814 ], [ -87.017932, 32.444148 ], [ -87.011352, 32.402946 ], [ -87.011805, 32.403263 ] ] ] } },
{ "type": "Feature", "properties": { "geo_id": "0101140", "geo_name": "DeKalb County School District", "geo_level": "school_district", "year": 2021 }, "geometry": { "type": "Polygon", "coordinates": [ [ [ -86.057712, 34.475994 ], [ -86.110362, 34.427797 ], [ -86.106086, 34.200756 ], [ -85.843617, 34.200006 ], [ -85.843801, 34.244595 ], [ -85.809045, 34.258921 ], [ -85.774165, 34.259094 ], [ -85.675283, 34.343396 ], [ -85.636645, 34.366622 ], [ -85.627425, 34.395519 ], [ -85.672384, 34.424634 ], [ -85.705502, 34.391322 ], [ -85.775189, 34.390683 ], [ -85.775553, 34.43448 ], [ -85.714538, 34.499651 ], [ -85.667125, 34.53917 ], [ -85.634949, 34.50755 ], [ -85.612935, 34.504007 ], [ -85.608845, 34.471798 ], [ -85.622145, 34.450389 ], [ -85.66193, 34.428152 ], [ -85.627545, 34.396074 ], [ -85.589437, 34.424203 ], [ -85.560386, 34.489909 ], [ -85.513612, 34.523825 ], [ -85.583145, 34.860371 ], [ -85.627068, 34.831879 ], [ -85.634268, 34.798978 ], [ -85.660198, 34.754963 ], [ -85.693037, 34.74425 ], [ -85.785471, 34.624584 ], [ -85.938544, 34.525354 ], [ -85.961177, 34.500587 ], [ -86.00384, 34.480031 ], [ -86.057712, 34.475994 ] ] ] } },
{ "type": "Feature", "properties": { "geo_id": "0101170", "geo_name": "Decatur City School District", "geo_level": "school_district", "year": 2021 }, "geometry": { "type": "MultiPolygon", "coordinates": [ [ [ [ -87.105455, 34.649417 ], [ -87.105499, 34.635693 ], [ -87.074013, 34.634515 ], [ -87.069914, 34.634456 ], [ -87.069916, 34.637205 ], [ -87.036214, 34.637894 ], [ -87.038291, 34.637909 ], [ -87.03197, 34.602069 ], [ -87.070712, 34.583631 ], [ -87.053064, 34.565286 ], [ -87.054208, 34.517288 ], [ -86.947926, 34.515663 ], [ -86.927438, 34.494534 ], [ -86.904464, 34.50027 ], [ -86.915289, 34.545913 ], [ -86.916703, 34.545095 ], [ -86.918791, 34.544514 ], [ -86.920771, 34.544517 ], [ -86.920647, 34.549567 ], [ -86.916629, 34.551721 ], [ -86.906675, 34.579758 ], [ -86.90168, 34.630919 ], [ -86.905418, 34.642596 ], [ -86.905958, 34.642619 ], [ -86.912671, 34.642736 ], [ -86.915317, 34.642778 ], [ -86.91576, 34.642787 ], [ -86.954048, 34.62873 ], [ -86.95582, 34.628093 ], [ -86.957875, 34.627542 ], [ -86.956082, 34.627919 ], [ -86.958636, 34.626216 ], [ -86.969096, 34.617526 ], [ -86.971045, 34.615935 ], [ -86.97107, 34.615404 ], [ -86.9715, 34.614737 ], [ -87.035323, 34.652042 ], [ -87.087361, 34.670864 ], [ -87.105455, 34.649417 ] ], [ [ -86.980537, 34.532458 ], [ -86.982915, 34.532397 ], [ -86.982868, 34.534102 ], [ -86.982835, 34.535326 ], [ -86.980456, 34.535449 ], [ -86.980537, 34.532458 ] ] ], [ [ [ -87.034506, 34.63352 ], [ -87.034145, 34.632399 ], [ -87.034148, 34.632597 ], [ -87.034186, 34.633031 ], [ -87.034506, 34.63352 ] ] ] ] } },
{ "type": "Feature", "properties": { "geo_id": "0101200", "geo_name": "Demopolis City School District", "geo_level": "school_district", "year": 2021 }, "geometry": { "type": "Polygon", "coordinates": [ [ [ -87.823576, 32.524377 ], [ -87.879942, 32.519748 ], [ -87.881425, 32.481923 ], [ -87.780322, 32.483102 ], [ -87.764745, 32.510278 ], [ -87.80799, 32.524532 ], [ -87.812559, 32.52456 ], [ -87.823576, 32.524377 ] ] ] } },
{ "type": "Feature", "properties": { "geo_id": "0101230", "geo_name": "Dothan City School District", "geo_level": "school_district", "year": 2021 }, "geometry": { "type": "Polygon", "coordinates": [ [ [ -85.485826, 31.265303 ], [ -85.51128, 31.25062 ], [ -85.506954, 31.209648 ], [ -85.458321, 31.197648 ], [ -85.447361, 31.166891 ], [ -85.345956, 31.168259 ], [ -85.333235, 31.178285 ], [ -85.323116, 31.247095 ], [ -85.331462, 31.269437 ], [ -85.365397, 31.270676 ], [ -85.373496, 31.314519 ], [ -85.417434, 31.314995 ], [ -85.417459, 31.325735 ], [ -85.41751, 31.32951 ], [ -85.438603, 31.325549 ], [ -85.435029, 31.286454 ], [ -85.447416, 31.286594 ], [ -85.467737, 31.286817 ], [ -85.468855, 31.28688 ], [ -85.469122, 31.286886 ], [ -85.485677, 31.25295 ], [ -85.485784, 31.256385 ], [ -85.485826, 31.265303 ] ] ] } },
{ "type": "Feature", "properties": { "geo_id": "0101260", "geo_name": "Elba City School District", "geo_level": "school_district", "year": 2021 }, "geometry": { "type": "Polygon", "coordinates": [ [ [ -86.193951, 31.440072 ], [ -86.195075, 31.354485 ], [ -86.181401, 31.376717 ], [ -86.149285, 31.389881 ], [ -86.075447, 31.345538 ], [ -86.046943, 31.346856 ], [ -86.004265, 31.401932 ], [ -86.02019, 31.453785 ], [ -86.047621, 31.44992 ], [ -86.093422, 31.458218 ], [ -86.166121, 31.524567 ], [ -86.194724, 31.52446 ], [ -86.193951, 31.440072 ] ] ] } },
{ "type": "Feature", "properties": { "geo_id": "0101290", "geo_name": "Elmore County School District", "geo_level": "school_district", "year": 2021 }, "geometry": { "type": "Polygon", "coordinates": [ [ [ -86.374974, 32.75358 ], [ -86.413335, 32.750591 ], [ -86.413116, 32.707386 ], [ -86.411172, 32.409937 ], [ -86.398398, 32.426941 ], [ -86.34447, 32.432636 ], [ -86.319779, 32.419822 ], [ -86.307984, 32.467008 ], [ -86.237068, 32.49498 ], [ -86.198075, 32.45138 ], [ -86.116329, 32.417026 ], [ -86.086279, 32.42165 ], [ -86.046402, 32.406146 ], [ -86.023012, 32.419978 ], [ -85.995397, 32.428058 ], [ -86.012853, 32.470632 ], [ -86.05475, 32.473049 ], [ -86.057631, 32.491275 ], [ -86.03102, 32.516869 ], [ -85.990208, 32.537238 ], [ -85.989993, 32.580137 ], [ -85.970637, 32.577309 ], [ -85.946345, 32.61119 ], [ -85.953821, 32.63302 ], [ -85.941932, 32.70731 ], [ -85.907668, 32.698717 ], [ -85.881859, 32.737558 ], [ -85.895368, 32.754581 ], [ -86.007187, 32.754984 ], [ -86.374974, 32.75358 ] ] ] } },
{ "type": "Feature", "properties": { "geo_id": "0101320", "geo_name": "Enterprise City School District", "geo_level": "school_district", "year": 2021 }, "geometry": { "type": "Polygon", "coordinates": [ [ [ -85.789963, 31.341922 ], [ -85.815656, 31.346097 ], [ -85.815285, 31.371112 ], [ -85.888582, 31.371525 ], [ -85.888102, 31.284679 ], [ -85.808237, 31.284778 ], [ -85.790354, 31.322656 ], [ -85.790314, 31.323851 ], [ -85.790116, 31.330082 ], [ -85.789963, 31.341922 ] ] ] } },
{ "type": "Feature", "properties": { "geo_id": "0101350", "geo_name": "Escambia County School District", "geo_level": "school_district", "year": 2021 }, "geometry": { "type": "Polygon", "coordinates": [ [ [ -87.61589, 31.244458 ], [ -87.615431, 30.997361 ], [ -87.598829, 30.997455 ], [ -87.311949, 30.998435 ], [ -87.237685, 30.996393 ], [ -87.140755, 30.999532 ], [ -86.723585, 30.996569 ], [ -86.688317, 30.994507 ], [ -86.70022, 31.000418 ], [ -86.700282, 31.192217 ], [ -86.725985, 31.183825 ], [ -86.768632, 31.19733 ], [ -86.763961, 31.261293 ], [ -86.99997, 31.261038 ], [ -87.427455, 31.260386 ], [ -87.489206, 31.260076 ], [ -87.548993, 31.230041 ], [ -87.61589, 31.244458 ] ], [ [ -87.124211, 31.085794 ], [ -87.089874, 31.096727 ], [ -87.069332, 31.162308 ], [ -87.056151, 31.162195 ], [ -87.05158, 31.108301 ], [ -87.084546, 31.078213 ], [ -87.124211, 31.085794 ] ] ] } },
{ "type": "Feature", "properties": { "geo_id": "0101380", "geo_name": "Etowah County School District", "geo_level": "school_district", "year": 2021 }, "geometry": { "type": "MultiPolygon", "coordinates": [ [ [ [ -86.169355, 34.18654 ], [ -86.169826, 34.176246 ], [ -86.167161, 34.187466 ], [ -86.169355, 34.18654 ] ] ], [ [ [ -86.303516, 34.099073 ], [ -86.332388, 34.04648 ], [ -86.332723, 33.986109 ], [ -86.349493, 33.957253 ], [ -86.325622, 33.940147 ], [ -86.290127, 33.983719 ], [ -86.246658, 33.971544 ], [ -86.215525, 33.987421 ], [ -86.168141, 33.965181 ], [ -86.166708, 33.9282 ], [ -86.141963, 33.903981 ], [ -86.119099, 33.900145 ], [ -86.096668, 33.861365 ], [ -86.065272, 33.842198 ], [ -85.995169, 33.864897 ], [ -85.96917, 33.914598 ], [ -85.899568, 33.906399 ], [ -85.899668, 33.942999 ], [ -85.881768, 33.950299 ], [ -85.811032, 33.947067 ], [ -85.740968, 33.935301 ], [ -85.738975, 33.96846 ], [ -85.737137, 33.989203 ], [ -85.811967, 34.125096 ], [ -85.841468, 34.111096 ], [ -85.843617, 34.200006 ], [ -86.106086, 34.200756 ], [ -86.105861, 34.193429 ], [ -86.105744, 34.190066 ], [ -86.114953, 34.186428 ], [ -86.118803, 34.186525 ], [ -86.13224, 34.186851 ], [ -86.140785, 34.187013 ], [ -86.169823, 34.172629 ], [ -86.169826, 34.176246 ], [ -86.178815, 34.18396 ], [ -86.193649, 34.181575 ], [ -86.303516, 34.099073 ] ], [ [ -86.0925, 33.990102 ], [ -86.128068, 33.989608 ], [ -86.127963, 33.990934 ], [ -86.099574, 34.033196 ], [ -86.068337, 34.039982 ], [ -86.027944, 34.061118 ], [ -86.004128, 34.057828 ], [ -86.000961, 34.028303 ], [ -85.953479, 34.060869 ], [ -85.956891, 34.024607 ], [ -85.939312, 33.964876 ], [ -85.982769, 33.971898 ], [ -86.034108, 33.957195 ], [ -86.03375, 33.9572 ], [ -86.017069, 33.988571 ], [ -86.01881, 33.988541 ], [ -86.058933, 33.997126 ], [ -86.078531, 33.984441 ], [ -86.076208, 33.982701 ], [ -86.081819, 33.960819 ], [ -86.081852, 33.962658 ], [ -86.0925, 33.990102 ] ] ] ] } },
{ "type": "Feature", "properties": { "geo_id": "0101410", "geo_name": "Eufaula City School District", "geo_level": "school_district", "year": 2021 }, "geometry": { "type": "Polygon", "coordinates": [ [ [ -85.054242, 32.026654 ], [ -85.09628, 32.02629 ], [ -85.096212, 32.004748 ], [ -85.139001, 32.003903 ], [ -85.156435, 31.974942 ], [ -85.1568, 31.945814 ], [ -85.17405, 31.931084 ], [ -85.209275, 31.930711 ], [ -85.210194, 31.887009 ], [ -85.279757, 31.885769 ], [ -85.27987, 31.871591 ], [ -85.228562, 31.871468 ], [ -85.230052, 31.842721 ], [ -85.179834, 31.836161 ], [ -85.188707, 31.799463 ], [ -85.141876, 31.782181 ], [ -85.132514, 31.800376 ], [ -85.131624, 31.818516 ], [ -85.140731, 31.857461 ], [ -85.08213, 31.944658 ], [ -85.054242, 32.026654 ] ] ] } },
{ "type": "Feature", "properties": { "geo_id": "0101440", "geo_name": "Fairfield City School District", "geo_level": "school_district", "year": 2021 }, "geometry": { "type": "Polygon", "coordinates": [ [ [ -86.938966, 33.460976 ], [ -86.90482, 33.471732 ], [ -86.91181, 33.500891 ], [ -86.917986, 33.493902 ], [ -86.918722, 33.49393 ], [ -86.927926, 33.494002 ], [ -86.927948, 33.493917 ], [ -86.927587, 33.493436 ], [ -86.920589, 33.49214 ], [ -86.920635, 33.492663 ], [ -86.918528, 33.493738 ], [ -86.918334, 33.493437 ], [ -86.939138, 33.464674 ], [ -86.94056, 33.463545 ], [ -86.939915, 33.462723 ], [ -86.93913, 33.460978 ], [ -86.938966, 33.460976 ] ] ] } },
{ "type": "Feature", "properties": { "geo_id": "0101470", "geo_name": "Fayette County School District", "geo_level": "school_district", "year": 2021 }, "geometry": { "type": "Polygon", "coordinates": [ [ [ -87.951785, 33.91993 ], [ -87.947203, 33.700439 ], [ -87.946519, 33.524065 ], [ -87.840683, 33.524839 ], [ -87.736652, 33.519568 ], [ -87.666661, 33.521667 ], [ -87.666633, 33.579807 ], [ -87.63161, 33.580669 ], [ -87.631718, 33.609833 ], [ -87.423701, 33.602096 ], [ -87.423843, 33.689112 ], [ -87.528338, 33.692049 ], [ -87.531602, 33.867618 ], [ -87.63604, 33.871999 ], [ -87.635932, 33.915251 ], [ -87.73602, 33.91476 ], [ -87.792491, 33.916614 ], [ -87.806406, 33.899511 ], [ -87.795617, 33.869742 ], [ -87.803982, 33.841034 ], [ -87.841284, 33.859497 ], [ -87.896421, 33.853062 ], [ -87.892882, 33.878607 ], [ -87.914675, 33.919445 ], [ -87.951785, 33.91993 ] ] ] } },
{ "type": "Feature", "properties": { "geo_id": "0101530", "geo_name": "Florence City School District", "geo_level": "school_district", "year": 2021 }, "geometry": { "type": "Polygon", "coordinates": [ [ [ -87.666649, 34.885299 ], [ -87.716659, 34.82831 ], [ -87.711775, 34.783069 ], [ -87.668594, 34.789638 ], [ -87.669484, 34.790558 ], [ -87.669262, 34.790837 ], [ -87.668397, 34.790009 ], [ -87.618034, 34.808301 ], [ -87.625499, 34.849376 ], [ -87.664819, 34.885298 ], [ -87.666649, 34.885299 ] ] ] } },
{ "type": "Feature", "properties": { "geo_id": "0101560", "geo_name": "Fort Payne City School District", "geo_level": "school_district", "year": 2021 }, "geometry": { "type": "Polygon", "coordinates": [ [ [ -85.627545, 34.396074 ], [ -85.66193, 34.428152 ], [ -85.622145, 34.450389 ], [ -85.608845, 34.471798 ], [ -85.612935, 34.504007 ], [ -85.634949, 34.50755 ], [ -85.667125, 34.53917 ], [ -85.714538, 34.499651 ], [ -85.775553, 34.43448 ], [ -85.775189, 34.390683 ], [ -85.705502, 34.391322 ], [ -85.672384, 34.424634 ], [ -85.627425, 34.395519 ], [ -85.627545, 34.396074 ] ] ] } },
{ "type": "Feature", "properties": { "geo_id": "0101590", "geo_name": "Franklin County School District", "geo_level": "school_district", "year": 2021 }, "geometry": { "type": "Polygon", "coordinates": [ [ [ -88.156292, 34.463214 ], [ -88.173632, 34.321054 ], [ -87.939933, 34.313196 ], [ -87.634725, 34.306997 ], [ -87.573279, 34.305341 ], [ -87.529722, 34.304598 ], [ -87.529667, 34.567081 ], [ -87.952122, 34.575114 ], [ -88.139988, 34.581703 ], [ -88.156292, 34.463214 ] ], [ [ -87.712534, 34.461841 ], [ -87.733257, 34.460378 ], [ -87.75889, 34.484606 ], [ -87.75089, 34.530998 ], [ -87.740219, 34.54243 ], [ -87.706175, 34.537595 ], [ -87.706591, 34.538171 ], [ -87.715969, 34.533606 ], [ -87.714679, 34.531006 ], [ -87.708702, 34.483403 ], [ -87.736243, 34.476874 ], [ -87.736661, 34.476877 ], [ -87.741779, 34.473003 ], [ -87.737297, 34.472902 ], [ -87.712534, 34.461841 ] ] ] } },
{ "type": "Feature", "properties": { "geo_id": "0101620", "geo_name": "Gadsden City School District", "geo_level": "school_district", "year": 2021 }, "geometry": { "type": "Polygon", "coordinates": [ [ [ -86.0925, 33.990102 ], [ -86.081852, 33.962658 ], [ -86.081819, 33.960819 ], [ -86.076208, 33.982701 ], [ -86.078531, 33.984441 ], [ -86.058933, 33.997126 ], [ -86.01881, 33.988541 ], [ -86.017069, 33.988571 ], [ -86.03375, 33.9572 ], [ -86.034108, 33.957195 ], [ -85.982769, 33.971898 ], [ -85.939312, 33.964876 ], [ -85.956891, 34.024607 ], [ -85.953479, 34.060869 ], [ -86.000961, 34.028303 ], [ -86.004128, 34.057828 ], [ -86.027944, 34.061118 ], [ -86.068337, 34.039982 ], [ -86.071852, 34.011352 ], [ -86.100828, 34.00076 ], [ -86.0925, 33.990102 ] ] ] } },
{ "type": "Feature", "properties": { "geo_id": "0101640", "geo_name": "Geneva City School District", "geo_level": "school_district", "year": 2021 }, "geometry": { "type": "Polygon", "coordinates": [ [ [ -85.772672, 30.994634 ], [ -85.789904, 31.06917 ], [ -85.817718, 31.077682 ], [ -85.79617, 31.104986 ], [ -85.899821, 31.11567 ], [ -85.924914, 31.097034 ], [ -85.949187, 31.097517 ], [ -85.957322, 31.037501 ], [ -86.005123, 31.033559 ], [ -85.99729, 30.992877 ], [ -85.772672, 30.994634 ] ] ] } },
{ "type": "Feature", "properties": { "geo_id": "0101660", "geo_name": "Geneva County School District", "geo_level": "school_district", "year": 2021 }, "geometry": { "type": "Polygon", "coordinates": [ [ [ -86.193476, 31.192213 ], [ -86.190355, 31.003061 ], [ -86.187246, 30.994021 ], [ -85.99729, 30.992877 ], [ -86.005123, 31.033559 ], [ -85.957322, 31.037501 ], [ -85.949187, 31.097517 ], [ -85.924914, 31.097034 ], [ -85.899821, 31.11567 ], [ -85.79617, 31.104986 ], [ -85.817718, 31.077682 ], [ -85.789904, 31.06917 ], [ -85.772672, 30.994634 ], [ -85.488298, 30.997064 ], [ -85.48576, 31.199886 ], [ -85.585733, 31.194875 ], [ -85.710333, 31.195173 ], [ -85.791402, 31.196349 ], [ -85.999042, 31.195777 ], [ -86.193476, 31.192213 ] ] ] } },
{ "type": "Feature", "properties": { "geo_id": "0101680", "geo_name": "Greene County School District", "geo_level": "school_district", "year": 2021 }, "geometry": { "type": "Polygon", "coordinates": [ [ [ -88.171852, 32.99586 ], [ -88.165276, 32.954321 ], [ -88.188684, 32.959108 ], [ -88.207316, 32.924782 ], [ -88.189754, 32.910731 ], [ -88.179966, 32.871675 ], [ -88.132685, 32.832853 ], [ -88.079338, 32.772948 ], [ -88.109633, 32.770989 ], [ -88.08538, 32.709054 ], [ -88.116407, 32.697361 ], [ -88.057987, 32.674384 ], [ -88.055004, 32.646482 ], [ -88.079159, 32.619684 ], [ -88.053729, 32.593052 ], [ -87.977005, 32.610781 ], [ -87.928689, 32.632284 ], [ -87.904841, 32.614576 ], [ -87.875014, 32.571824 ], [ -87.873811, 32.544286 ], [ -87.85342, 32.532086 ], [ -87.823576, 32.524377 ], [ -87.812559, 32.52456 ], [ -87.800959, 32.558891 ], [ -87.76159, 32.570861 ], [ -87.736928, 32.589689 ], [ -87.748723, 32.612816 ], [ -87.783271, 32.605231 ], [ -87.813401, 32.633875 ], [ -87.787661, 32.654162 ], [ -87.786571, 32.682481 ], [ -87.804609, 32.714798 ], [ -87.808284, 32.752372 ], [ -87.823176, 32.765895 ], [ -87.813178, 32.810176 ], [ -87.831586, 32.864866 ], [ -87.793758, 32.898441 ], [ -87.768294, 32.898957 ], [ -87.747099, 32.965576 ], [ -87.715709, 33.006824 ], [ -87.710995, 33.017721 ], [ -87.832233, 33.017258 ], [ -87.831459, 33.093857 ], [ -87.837521, 33.153637 ], [ -87.85494, 33.14119 ], [ -87.927146, 33.121104 ], [ -87.968838, 33.077641 ], [ -88.03148, 33.061284 ], [ -88.086075, 33.036247 ], [ -88.135579, 33.03656 ], [ -88.171852, 32.99586 ] ] ] } },
{ "type": "Feature", "properties": { "geo_id": "0101690", "geo_name": "Guntersville City School District", "geo_level": "school_district", "year": 2021 }, "geometry": { "type": "Polygon", "coordinates": [ [ [ -86.266147, 34.301125 ], [ -86.291696, 34.330756 ], [ -86.24221, 34.3309 ], [ -86.266137, 34.371234 ], [ -86.240905, 34.375897 ], [ -86.215301, 34.355019 ], [ -86.191576, 34.375773 ], [ -86.179754, 34.422107 ], [ -86.229185, 34.422044 ], [ -86.235677, 34.39147 ], [ -86.312363, 34.393383 ], [ -86.335852, 34.370404 ], [ -86.335998, 34.330647 ], [ -86.371512, 34.316614 ], [ -86.3716, 34.301977 ], [ -86.266139, 34.297754 ], [ -86.266147, 34.301125 ] ] ] } },
{ "type": "Feature", "properties": { "geo_id": "0101710", "geo_name": "Hale County School District", "geo_level": "school_district", "year": 2021 }, "geometry": { "type": "Polygon", "coordinates": [ [ [ -87.715709, 33.006824 ], [ -87.747099, 32.965576 ], [ -87.768294, 32.898957 ], [ -87.793758, 32.898441 ], [ -87.831586, 32.864866 ], [ -87.813178, 32.810176 ], [ -87.823176, 32.765895 ], [ -87.808284, 32.752372 ], [ -87.804609, 32.714798 ], [ -87.786571, 32.682481 ], [ -87.787661, 32.654162 ], [ -87.813401, 32.633875 ], [ -87.783271, 32.605231 ], [ -87.748723, 32.612816 ], [ -87.736928, 32.589689 ], [ -87.76159, 32.570861 ], [ -87.800959, 32.558891 ], [ -87.812559, 32.52456 ], [ -87.80799, 32.524532 ], [ -87.728521, 32.524532 ], [ -87.728775, 32.499938 ], [ -87.728774, 32.498759 ], [ -87.694239, 32.4807 ], [ -87.674479, 32.480866 ], [ -87.524485, 32.482028 ], [ -87.525198, 32.655713 ], [ -87.473915, 32.655867 ], [ -87.472174, 32.83062 ], [ -87.421387, 32.830829 ], [ -87.4212, 32.874508 ], [ -87.421936, 33.003379 ], [ -87.715709, 33.006824 ] ] ] } },
{ "type": "Feature", "properties": { "geo_id": "0101720", "geo_name": "Haleyville City School District", "geo_level": "school_district", "year": 2021 }, "geometry": { "type": "Polygon", "coordinates": [ [ [ -87.634725, 34.306997 ], [ -87.635898, 34.14242 ], [ -87.583473, 34.149628 ], [ -87.545515, 34.124223 ], [ -87.512007, 34.166732 ], [ -87.516921, 34.260876 ], [ -87.573279, 34.305341 ], [ -87.634725, 34.306997 ] ] ] } },
{ "type": "Feature", "properties": { "geo_id": "0101730", "geo_name": "Hartselle City School District", "geo_level": "school_district", "year": 2021 }, "geometry": { "type": "Polygon", "coordinates": [ [ [ -86.984928, 34.423247 ], [ -86.929728, 34.398342 ], [ -86.899655, 34.431029 ], [ -86.905482, 34.465346 ], [ -86.968683, 34.446378 ], [ -86.984928, 34.423247 ] ] ] } },
{ "type": "Feature", "properties": { "geo_id": "0101740", "geo_name": "Henry County School District", "geo_level": "school_district", "year": 2021 }, "geometry": { "type": "Polygon", "coordinates": [ [ [ -85.416437, 31.619466 ], [ -85.415336, 31.500168 ], [ -85.41751, 31.32951 ], [ -85.417459, 31.325735 ], [ -85.417434, 31.314995 ], [ -85.373496, 31.314519 ], [ -85.179131, 31.307675 ], [ -85.087651, 31.308677 ], [ -85.092167, 31.364576 ], [ -85.065639, 31.439521 ], [ -85.071621, 31.468384 ], [ -85.041428, 31.539293 ], [ -85.05796, 31.57084 ], [ -85.057473, 31.618624 ], [ -85.087029, 31.640966 ], [ -85.092429, 31.659966 ], [ -85.12593, 31.696265 ], [ -85.11913, 31.730964 ], [ -85.127329, 31.762563 ], [ -85.151236, 31.774364 ], [ -85.206034, 31.741813 ], [ -85.216076, 31.702409 ], [ -85.416038, 31.706664 ], [ -85.416437, 31.619466 ] ] ] } },
{ "type": "Feature", "properties": { "geo_id": "0101760", "geo_name": "Homewood City School District", "geo_level": "school_district", "year": 2021 }, "geometry": { "type": "MultiPolygon", "coordinates": [ [ [ [ -86.776547, 33.48312 ], [ -86.778015, 33.482387 ], [ -86.776776, 33.482344 ], [ -86.77673, 33.482344 ], [ -86.776405, 33.483189 ], [ -86.776547, 33.48312 ] ] ], [ [ [ -86.841728, 33.433242 ], [ -86.841724, 33.426575 ], [ -86.838973, 33.426716 ], [ -86.837417, 33.42915 ], [ -86.836041, 33.429266 ], [ -86.834632, 33.430065 ], [ -86.830335, 33.432127 ], [ -86.823596, 33.434767 ], [ -86.822956, 33.436644 ], [ -86.822564, 33.436934 ], [ -86.820326, 33.440008 ], [ -86.811904, 33.443088 ], [ -86.810212, 33.442934 ], [ -86.807791, 33.443901 ], [ -86.806596, 33.445705 ], [ -86.806599, 33.446193 ], [ -86.805922, 33.44646 ], [ -86.791782, 33.455235 ], [ -86.788817, 33.456103 ], [ -86.788668, 33.456136 ], [ -86.786706, 33.456499 ], [ -86.78561, 33.45671 ], [ -86.785298, 33.457079 ], [ -86.784922, 33.457463 ], [ -86.783521, 33.458693 ], [ -86.780021, 33.461238 ], [ -86.776557, 33.461163 ], [ -86.770356, 33.461895 ], [ -86.770221, 33.466409 ], [ -86.770694, 33.46834 ], [ -86.770183, 33.469353 ], [ -86.770154, 33.471469 ], [ -86.770192, 33.471674 ], [ -86.770069, 33.471839 ], [ -86.771907, 33.476832 ], [ -86.772215, 33.477173 ], [ -86.772355, 33.47719 ], [ -86.77679, 33.48158 ], [ -86.778015, 33.482387 ], [ -86.782987, 33.484062 ], [ -86.786761, 33.486838 ], [ -86.827201, 33.473803 ], [ -86.838197, 33.471912 ], [ -86.838479, 33.471666 ], [ -86.835501, 33.46736 ], [ -86.83869, 33.466014 ], [ -86.839377, 33.465563 ], [ -86.841599, 33.461001 ], [ -86.841384, 33.460808 ], [ -86.840219, 33.459783 ], [ -86.838884, 33.444654 ], [ -86.834888, 33.444559 ], [ -86.827448, 33.440152 ], [ -86.835511, 33.437338 ], [ -86.841728, 33.433242 ] ] ] ] } },
{ "type": "Feature", "properties": { "geo_id": "0101770", "geo_name": "Houston County School District", "geo_level": "school_district", "year": 2021 }, "geometry": { "type": "MultiPolygon", "coordinates": [ [ [ [ -85.469122, 31.286886 ], [ -85.485826, 31.265303 ], [ -85.485784, 31.256385 ], [ -85.485677, 31.25295 ], [ -85.469122, 31.286886 ] ] ], [ [ [ -85.675113, 31.255562 ], [ -85.692311, 31.210558 ], [ -85.710333, 31.195173 ], [ -85.585733, 31.194875 ], [ -85.48576, 31.199886 ], [ -85.488298, 30.997064 ], [ -85.243632, 31.000884 ], [ -85.002499, 31.000685 ], [ -85.011391, 31.053547 ], [ -85.028573, 31.074583 ], [ -85.037062, 31.109753 ], [ -85.077801, 31.157889 ], [ -85.099647, 31.164942 ], [ -85.106963, 31.202693 ], [ -85.096843, 31.225239 ], [ -85.113261, 31.264343 ], [ -85.087651, 31.308677 ], [ -85.179131, 31.307675 ], [ -85.373496, 31.314519 ], [ -85.365397, 31.270676 ], [ -85.331462, 31.269437 ], [ -85.323116, 31.247095 ], [ -85.333235, 31.178285 ], [ -85.345956, 31.168259 ], [ -85.447361, 31.166891 ], [ -85.458321, 31.197648 ], [ -85.506954, 31.209648 ], [ -85.51128, 31.25062 ], [ -85.546113, 31.253868 ], [ -85.602956, 31.272378 ], [ -85.635307, 31.275555 ], [ -85.675113, 31.255562 ] ] ] ] } },
{ "type": "Feature", "properties": { "geo_id": "0101800", "geo_name": "Huntsville City School District", "geo_level": "school_district", "year": 2021 }, "geometry": { "type": "MultiPolygon", "coordinates": [ [ [ [ -86.491447, 34.605542 ], [ -86.492393, 34.602238 ], [ -86.490335, 34.605527 ], [ -86.491447, 34.605542 ] ] ], [ [ [ -86.714554, 34.74288 ], [ -86.71456, 34.741635 ], [ -86.711331, 34.741593 ], [ -86.708859, 34.741566 ], [ -86.705643, 34.74278 ], [ -86.714482, 34.747604 ], [ -86.714494, 34.746685 ], [ -86.714554, 34.74288 ] ] ], [ [ [ -86.931127, 34.714943 ], [ -86.93116, 34.712522 ], [ -86.868828, 34.700981 ], [ -86.86177, 34.642666 ], [ -86.907163, 34.646044 ], [ -86.905418, 34.642596 ], [ -86.90168, 34.630919 ], [ -86.832018, 34.634239 ], [ -86.845078, 34.566151 ], [ -86.789554, 34.567991 ], [ -86.782364, 34.588051 ], [ -86.749076, 34.593862 ], [ -86.744282, 34.640629 ], [ -86.744334, 34.636494 ], [ -86.717665, 34.64044 ], [ -86.699937, 34.640153 ], [ -86.698486, 34.684052 ], [ -86.667038, 34.709764 ], [ -86.638938, 34.709067 ], [ -86.610014, 34.683412 ], [ -86.610575, 34.661631 ], [ -86.583567, 34.650603 ], [ -86.582999, 34.65059 ], [ -86.581877, 34.649981 ], [ -86.581293, 34.650305 ], [ -86.580755, 34.65055 ], [ -86.580395, 34.650544 ], [ -86.580251, 34.650541 ], [ -86.579983, 34.650536 ], [ -86.582004, 34.649774 ], [ -86.582594, 34.649974 ], [ -86.588427, 34.597423 ], [ -86.535415, 34.549663 ], [ -86.516036, 34.567105 ], [ -86.516078, 34.565834 ], [ -86.499619, 34.586665 ], [ -86.504257, 34.586642 ], [ -86.504098, 34.590325 ], [ -86.502996, 34.603562 ], [ -86.499114, 34.603468 ], [ -86.47629, 34.623163 ], [ -86.444127, 34.623574 ], [ -86.448255, 34.651393 ], [ -86.428192, 34.646895 ], [ -86.426249, 34.646717 ], [ -86.425243, 34.643312 ], [ -86.425223, 34.642731 ], [ -86.443679, 34.66706 ], [ -86.434798, 34.70787 ], [ -86.501491, 34.726395 ], [ -86.514835, 34.755818 ], [ -86.519222, 34.755889 ], [ -86.523964, 34.772497 ], [ -86.521934, 34.772347 ], [ -86.499034, 34.762883 ], [ -86.472874, 34.801975 ], [ -86.49652, 34.81599 ], [ -86.500123, 34.814529 ], [ -86.47408, 34.801231 ], [ -86.520458, 34.773708 ], [ -86.554336, 34.797849 ], [ -86.553717, 34.829163 ], [ -86.624984, 34.829911 ], [ -86.633954, 34.848791 ], [ -86.633975, 34.850524 ], [ -86.633958, 34.85323 ], [ -86.678443, 34.85221 ], [ -86.678299, 34.822772 ], [ -86.651764, 34.800539 ], [ -86.682776, 34.764387 ], [ -86.785868, 34.765512 ], [ -86.785871, 34.763651 ], [ -86.785935, 34.758277 ], [ -86.785868, 34.765589 ], [ -86.785868, 34.766486 ], [ -86.78563, 34.787549 ], [ -86.785389, 34.802152 ], [ -86.795774, 34.800847 ], [ -86.795783, 34.799771 ], [ -86.806382, 34.787924 ], [ -86.785987, 34.754777 ], [ -86.786095, 34.748315 ], [ -86.830277, 34.748678 ], [ -86.831515, 34.748504 ], [ -86.886309, 34.737379 ], [ -86.877782, 34.715427 ], [ -86.92541, 34.71601 ], [ -86.928448, 34.729116 ], [ -86.931116, 34.715274 ], [ -86.931127, 34.714943 ] ], [ [ -86.842188, 34.722105 ], [ -86.848024, 34.722151 ], [ -86.842025, 34.729495 ], [ -86.837466, 34.736934 ], [ -86.835387, 34.736863 ], [ -86.819795, 34.743636 ], [ -86.815493, 34.729212 ], [ -86.815227, 34.739116 ], [ -86.815194, 34.741911 ], [ -86.796078, 34.747506 ], [ -86.794902, 34.747439 ], [ -86.792814, 34.747034 ], [ -86.791707, 34.746925 ], [ -86.786178, 34.743626 ], [ -86.782114, 34.743633 ], [ -86.779327, 34.743626 ], [ -86.771112, 34.743527 ], [ -86.766017, 34.743479 ], [ -86.765296, 34.743472 ], [ -86.763247, 34.743452 ], [ -86.766052, 34.749027 ], [ -86.747394, 34.75797 ], [ -86.740632, 34.754249 ], [ -86.728429, 34.756144 ], [ -86.725167, 34.752494 ], [ -86.716663, 34.75302 ], [ -86.71438, 34.752951 ], [ -86.705643, 34.74278 ], [ -86.707476, 34.731452 ], [ -86.706277, 34.721713 ], [ -86.709552, 34.71603 ], [ -86.708952, 34.716001 ], [ -86.70722, 34.709026 ], [ -86.708096, 34.708425 ], [ -86.708869, 34.708274 ], [ -86.711097, 34.699262 ], [ -86.712941, 34.699134 ], [ -86.738263, 34.669925 ], [ -86.740899, 34.669972 ], [ -86.786881, 34.664246 ], [ -86.786859, 34.66522 ], [ -86.78684, 34.666357 ], [ -86.786835, 34.666792 ], [ -86.786672, 34.676775 ], [ -86.786666, 34.677815 ], [ -86.800721, 34.67373 ], [ -86.80698, 34.675683 ], [ -86.806863, 34.681487 ], [ -86.815659, 34.696917 ], [ -86.815657, 34.697203 ], [ -86.815656, 34.697392 ], [ -86.842188, 34.722105 ] ], [ [ -86.791972, 34.670498 ], [ -86.791888, 34.672216 ], [ -86.790681, 34.671611 ], [ -86.789398, 34.671598 ], [ -86.789417, 34.670476 ], [ -86.791972, 34.670498 ] ], [ [ -86.567942, 34.770701 ], [ -86.563446, 34.772858 ], [ -86.562916, 34.77287 ], [ -86.564611, 34.770604 ], [ -86.567942, 34.770701 ] ], [ [ -86.490513, 34.648287 ], [ -86.49532, 34.662687 ], [ -86.490529, 34.64851 ], [ -86.490513, 34.648287 ] ], [ [ -86.498572, 34.632923 ], [ -86.498985, 34.634042 ], [ -86.498511, 34.633904 ], [ -86.498566, 34.63336 ], [ -86.498572, 34.632923 ] ], [ [ -86.506923, 34.67502 ], [ -86.505959, 34.675928 ], [ -86.505325, 34.675927 ], [ -86.505203, 34.67498 ], [ -86.506923, 34.67502 ] ], [ [ -86.483586, 34.714062 ], [ -86.488393, 34.715191 ], [ -86.488395, 34.715279 ], [ -86.487636, 34.715733 ], [ -86.487635, 34.715159 ], [ -86.483575, 34.71504 ], [ -86.483586, 34.714062 ] ], [ [ -86.475119, 34.652761 ], [ -86.482934, 34.655579 ], [ -86.48288, 34.656419 ], [ -86.484096, 34.657062 ], [ -86.476762, 34.660022 ], [ -86.476291, 34.660024 ], [ -86.475119, 34.652761 ] ], [ [ -86.448032, 34.693081 ], [ -86.445946, 34.687355 ], [ -86.446666, 34.68769 ], [ -86.448032, 34.693081 ] ] ] ] } },
{ "type": "Feature", "properties": { "geo_id": "0101830", "geo_name": "Jackson County School District", "geo_level": "school_district", "year": 2021 }, "geometry": { "type": "Polygon", "coordinates": [ [ [ -86.311274, 34.991098 ], [ -86.293259, 34.945045 ], [ -86.322361, 34.925827 ], [ -86.318819, 34.902131 ], [ -86.351123, 34.873265 ], [ -86.326546, 34.831325 ], [ -86.343541, 34.81706 ], [ -86.339709, 34.7532 ], [ -86.358121, 34.735034 ], [ -86.359034, 34.63261 ], [ -86.326853, 34.599403 ], [ -86.148464, 34.599069 ], [ -86.149806, 34.533633 ], [ -86.104417, 34.506579 ], [ -86.082763, 34.464473 ], [ -86.057712, 34.475994 ], [ -86.00384, 34.480031 ], [ -85.961177, 34.500587 ], [ -85.938544, 34.525354 ], [ -85.785471, 34.624584 ], [ -85.693037, 34.74425 ], [ -85.660198, 34.754963 ], [ -85.634268, 34.798978 ], [ -85.627068, 34.831879 ], [ -85.583145, 34.860371 ], [ -85.605165, 34.984678 ], [ -85.828767, 34.988069 ], [ -86.311274, 34.991098 ] ], [ [ -86.028074, 34.711468 ], [ -85.99072, 34.711575 ], [ -85.982767, 34.677245 ], [ -85.957067, 34.660911 ], [ -86.065774, 34.569107 ], [ -86.099958, 34.573474 ], [ -86.112626, 34.6132 ], [ -86.112389, 34.683042 ], [ -86.051195, 34.69381 ], [ -86.028074, 34.711468 ] ] ] } },
{ "type": "Feature", "properties": { "geo_id": "0101860", "geo_name": "Jacksonville City School District", "geo_level": "school_district", "year": 2021 }, "geometry": { "type": "Polygon", "coordinates": [ [ [ -85.786585, 33.775631 ], [ -85.75578, 33.78182 ], [ -85.737069, 33.799989 ], [ -85.728874, 33.836682 ], [ -85.760601, 33.84043 ], [ -85.780876, 33.825048 ], [ -85.786585, 33.775631 ] ] ] } },
{ "type": "Feature", "properties": { "geo_id": "0101890", "geo_name": "Jasper City School District", "geo_level": "school_district", "year": 2021 }, "geometry": { "type": "Polygon", "coordinates": [ [ [ -87.32727, 33.869654 ], [ -87.30462, 33.851053 ], [ -87.303821, 33.816828 ], [ -87.268837, 33.815419 ], [ -87.248644, 33.799558 ], [ -87.224407, 33.794379 ], [ -87.236572, 33.877131 ], [ -87.258317, 33.889141 ], [ -87.278009, 33.896584 ], [ -87.313433, 33.882386 ], [ -87.320174, 33.855404 ], [ -87.330941, 33.854801 ], [ -87.32727, 33.869654 ] ] ] } },
{ "type": "Feature", "properties": { "geo_id": "0101920", "geo_name": "Jefferson County School District", "geo_level": "school_district", "year": 2021 }, "geometry": { "type": "MultiPolygon", "coordinates": [ [ [ [ -86.6041, 33.617122 ], [ -86.598518, 33.621801 ], [ -86.598913, 33.62234 ], [ -86.599659, 33.622109 ], [ -86.599638, 33.621253 ], [ -86.603038, 33.619627 ], [ -86.60405, 33.619638 ], [ -86.6041, 33.617122 ] ] ], [ [ [ -86.604338, 33.597639 ], [ -86.604371, 33.59059 ], [ -86.595916, 33.594257 ], [ -86.597711, 33.597026 ], [ -86.596466, 33.59988 ], [ -86.604338, 33.597639 ] ] ], [ [ [ -86.608674, 33.561624 ], [ -86.608708, 33.558008 ], [ -86.604289, 33.565266 ], [ -86.608674, 33.561624 ] ] ], [ [ [ -86.610773, 33.579761 ], [ -86.615273, 33.561584 ], [ -86.608674, 33.561624 ], [ -86.608667, 33.565251 ], [ -86.586602, 33.576181 ], [ -86.58659, 33.576797 ], [ -86.591547, 33.583396 ], [ -86.595481, 33.583359 ], [ -86.604208, 33.583333 ], [ -86.613013, 33.583458 ], [ -86.613018, 33.583441 ], [ -86.610773, 33.579761 ] ] ], [ [ [ -86.617812, 33.544584 ], [ -86.608785, 33.543425 ], [ -86.608711, 33.557502 ], [ -86.612402, 33.5582 ], [ -86.612067, 33.557563 ], [ -86.613896, 33.554389 ], [ -86.617812, 33.544584 ] ] ], [ [ [ -86.608509, 33.656378 ], [ -86.604253, 33.660109 ], [ -86.607236, 33.66014 ], [ -86.608509, 33.656378 ] ] ], [ [ [ -86.615617, 33.616425 ], [ -86.619509, 33.612592 ], [ -86.613624, 33.614526 ], [ -86.611701, 33.616023 ], [ -86.611752, 33.61604 ], [ -86.612398, 33.615482 ], [ -86.613764, 33.616005 ], [ -86.615617, 33.616425 ] ] ], [ [ [ -86.621726, 33.555605 ], [ -86.621749, 33.550069 ], [ -86.614667, 33.554344 ], [ -86.61602, 33.554333 ], [ -86.616334, 33.554333 ], [ -86.617807, 33.554318 ], [ -86.621726, 33.555605 ] ] ], [ [ [ -86.621565, 33.638444 ], [ -86.621816, 33.638042 ], [ -86.620598, 33.637121 ], [ -86.621565, 33.638444 ] ] ], [ [ [ -86.624005, 33.466856 ], [ -86.630448, 33.466808 ], [ -86.626359, 33.466809 ], [ -86.624005, 33.466856 ] ] ], [ [ [ -86.631293, 33.63206 ], [ -86.621403, 33.631413 ], [ -86.620485, 33.631413 ], [ -86.621656, 33.636112 ], [ -86.622303, 33.637288 ], [ -86.622789, 33.637544 ], [ -86.622741, 33.636631 ], [ -86.623011, 33.636311 ], [ -86.623628, 33.63574 ], [ -86.628045, 33.633493 ], [ -86.627773, 33.634051 ], [ -86.626706, 33.63387 ], [ -86.62611, 33.634597 ], [ -86.625977, 33.637542 ], [ -86.628852, 33.633927 ], [ -86.630117, 33.632487 ], [ -86.631293, 33.63206 ] ] ], [ [ [ -86.628231, 33.594366 ], [ -86.630446, 33.578866 ], [ -86.6055, 33.590596 ], [ -86.606033, 33.590599 ], [ -86.628231, 33.594366 ] ] ], [ [ [ -86.602325, 33.532542 ], [ -86.617635, 33.505239 ], [ -86.617667, 33.506956 ], [ -86.616222, 33.506977 ], [ -86.616218, 33.50696 ], [ -86.605134, 33.51131 ], [ -86.604485, 33.51235 ], [ -86.604487, 33.517732 ], [ -86.604487, 33.517906 ], [ -86.591391, 33.528865 ], [ -86.594506, 33.532552 ], [ -86.602325, 33.532542 ] ] ], [ [ [ -86.647681, 33.612677 ], [ -86.651878, 33.598104 ], [ -86.648498, 33.598771 ], [ -86.64809, 33.59804 ], [ -86.647681, 33.612677 ] ] ], [ [ [ -86.690496, 33.495657 ], [ -86.696065, 33.492298 ], [ -86.690343, 33.495663 ], [ -86.690496, 33.495657 ] ] ], [ [ [ -86.696065, 33.492247 ], [ -86.698211, 33.491896 ], [ -86.697072, 33.490658 ], [ -86.695438, 33.490923 ], [ -86.696065, 33.492247 ] ] ], [ [ [ -86.700123, 33.488806 ], [ -86.696563, 33.487881 ], [ -86.697815, 33.488913 ], [ -86.698166, 33.488949 ], [ -86.700123, 33.488806 ] ] ], [ [ [ -86.707258, 33.452741 ], [ -86.707586, 33.452392 ], [ -86.677875, 33.459098 ], [ -86.665551, 33.477422 ], [ -86.707258, 33.452741 ] ] ], [ [ [ -86.725616, 33.515372 ], [ -86.726, 33.514979 ], [ -86.721571, 33.514831 ], [ -86.70068, 33.517951 ], [ -86.692613, 33.519452 ], [ -86.69261, 33.520358 ], [ -86.693708, 33.522203 ], [ -86.691711, 33.520974 ], [ -86.691693, 33.51046 ], [ -86.700427, 33.507336 ], [ -86.698832, 33.507724 ], [ -86.698251, 33.507458 ], [ -86.697499, 33.507599 ], [ -86.703274, 33.510717 ], [ -86.703287, 33.510236 ], [ -86.712876, 33.507058 ], [ -86.71319, 33.506878 ], [ -86.715878, 33.506915 ], [ -86.715159, 33.507061 ], [ -86.713829, 33.506483 ], [ -86.718629, 33.503534 ], [ -86.718275, 33.503757 ], [ -86.70298, 33.503408 ], [ -86.701344, 33.500271 ], [ -86.701382, 33.499926 ], [ -86.701405, 33.499703 ], [ -86.701302, 33.499634 ], [ -86.701517, 33.499311 ], [ -86.703617, 33.496165 ], [ -86.67544, 33.502542 ], [ -86.661326, 33.501019 ], [ -86.661339, 33.49949 ], [ -86.656688, 33.499489 ], [ -86.656792, 33.499526 ], [ -86.65679, 33.499577 ], [ -86.656774, 33.500109 ], [ -86.63053, 33.532345 ], [ -86.63561, 33.580052 ], [ -86.656592, 33.554205 ], [ -86.704848, 33.554629 ], [ -86.725616, 33.515372 ] ] ], [ [ [ -86.674142, 33.510744 ], [ -86.674161, 33.516664 ], [ -86.67416, 33.514984 ], [ -86.67416, 33.514641 ], [ -86.674142, 33.510744 ] ] ], [ [ [ -86.730669, 33.428849 ], [ -86.730264, 33.428139 ], [ -86.730092, 33.427504 ], [ -86.730013, 33.427483 ], [ -86.72978, 33.428382 ], [ -86.730669, 33.428849 ] ] ], [ [ [ -86.742392, 33.459044 ], [ -86.741299, 33.45865 ], [ -86.741145, 33.458673 ], [ -86.741807, 33.459518 ], [ -86.742392, 33.459044 ] ] ], [ [ [ -86.749255, 33.460649 ], [ -86.748681, 33.457992 ], [ -86.747499, 33.456106 ], [ -86.746742, 33.457763 ], [ -86.747165, 33.460127 ], [ -86.749255, 33.460649 ] ] ], [ [ [ -86.750712, 33.417174 ], [ -86.749878, 33.417145 ], [ -86.749206, 33.417122 ], [ -86.748922, 33.417112 ], [ -86.749138, 33.417283 ], [ -86.749284, 33.417399 ], [ -86.749091, 33.417884 ], [ -86.748995, 33.419161 ], [ -86.750712, 33.417174 ] ] ], [ [ [ -86.752007, 33.435133 ], [ -86.754053, 33.43462 ], [ -86.753519, 33.434259 ], [ -86.752923, 33.434394 ], [ -86.752689, 33.434448 ], [ -86.752007, 33.435133 ] ] ], [ [ [ -86.755408, 33.462797 ], [ -86.753745, 33.462815 ], [ -86.752688, 33.464248 ], [ -86.753161, 33.464265 ], [ -86.754105, 33.463186 ], [ -86.754644, 33.46341 ], [ -86.754565, 33.462995 ], [ -86.754882, 33.463276 ], [ -86.755408, 33.462797 ] ] ], [ [ [ -86.757386, 33.432859 ], [ -86.756701, 33.431985 ], [ -86.756144, 33.432428 ], [ -86.756691, 33.432807 ], [ -86.757386, 33.432859 ] ] ], [ [ [ -86.761759, 33.461275 ], [ -86.758649, 33.460762 ], [ -86.757946, 33.461481 ], [ -86.759701, 33.469689 ], [ -86.761688, 33.467868 ], [ -86.761691, 33.467565 ], [ -86.761759, 33.461275 ] ] ], [ [ [ -86.762582, 33.423292 ], [ -86.761902, 33.422448 ], [ -86.761295, 33.422125 ], [ -86.761554, 33.423556 ], [ -86.762496, 33.424121 ], [ -86.76258, 33.423603 ], [ -86.762582, 33.423292 ] ] ], [ [ [ -86.762335, 33.419451 ], [ -86.76288, 33.419056 ], [ -86.762355, 33.419048 ], [ -86.762335, 33.419451 ] ] ], [ [ [ -86.757342, 33.442496 ], [ -86.761629, 33.438322 ], [ -86.761394, 33.438239 ], [ -86.761377, 33.438956 ], [ -86.759512, 33.439773 ], [ -86.754734, 33.435108 ], [ -86.754673, 33.43522 ], [ -86.755165, 33.435733 ], [ -86.755142, 33.436117 ], [ -86.755141, 33.43627 ], [ -86.755141, 33.436352 ], [ -86.756375, 33.436423 ], [ -86.754253, 33.438802 ], [ -86.754143, 33.440488 ], [ -86.754381, 33.440494 ], [ -86.754736, 33.441349 ], [ -86.754277, 33.441339 ], [ -86.754132, 33.440488 ], [ -86.753017, 33.4424 ], [ -86.756022, 33.442149 ], [ -86.756455, 33.442408 ], [ -86.756719, 33.44262 ], [ -86.757068, 33.442627 ], [ -86.757342, 33.442496 ] ] ], [ [ [ -86.764587, 33.418479 ], [ -86.764639, 33.417575 ], [ -86.764063, 33.41838 ], [ -86.764587, 33.418479 ] ] ], [ [ [ -86.7655, 33.420437 ], [ -86.765478, 33.419975 ], [ -86.764911, 33.41998 ], [ -86.7655, 33.420437 ] ] ], [ [ [ -86.764983, 33.466198 ], [ -86.765569, 33.465657 ], [ -86.765179, 33.465598 ], [ -86.764983, 33.466198 ] ] ], [ [ [ -86.768479, 33.436856 ], [ -86.768306, 33.435925 ], [ -86.768025, 33.436369 ], [ -86.768479, 33.436856 ] ] ], [ [ [ -86.764271, 33.423444 ], [ -86.768691, 33.422402 ], [ -86.768088, 33.422067 ], [ -86.767581, 33.41934 ], [ -86.765756, 33.419993 ], [ -86.764638, 33.423923 ], [ -86.764527, 33.422926 ], [ -86.763261, 33.423144 ], [ -86.764271, 33.423444 ] ] ], [ [ [ -86.769809, 33.446827 ], [ -86.768475, 33.444643 ], [ -86.76749, 33.446516 ], [ -86.76849, 33.447375 ], [ -86.769809, 33.446827 ] ] ], [ [ [ -86.769836, 33.433857 ], [ -86.770109, 33.432439 ], [ -86.770083, 33.431908 ], [ -86.769509, 33.433614 ], [ -86.769836, 33.433857 ] ] ], [ [ [ -86.770503, 33.416216 ], [ -86.771287, 33.41571 ], [ -86.769801, 33.416052 ], [ -86.770503, 33.416216 ] ] ], [ [ [ -86.771287, 33.41571 ], [ -86.77209, 33.415299 ], [ -86.771391, 33.415228 ], [ -86.771287, 33.41571 ] ] ], [ [ [ -86.772215, 33.477173 ], [ -86.771907, 33.476832 ], [ -86.770069, 33.471839 ], [ -86.765683, 33.472045 ], [ -86.765275, 33.471975 ], [ -86.764383, 33.473022 ], [ -86.764115, 33.47579 ], [ -86.766299, 33.477497 ], [ -86.767601, 33.477867 ], [ -86.772215, 33.477173 ] ] ], [ [ [ -86.772509, 33.423885 ], [ -86.773003, 33.423553 ], [ -86.772448, 33.423545 ], [ -86.772509, 33.423885 ] ] ], [ [ [ -86.77209, 33.415299 ], [ -86.774027, 33.416835 ], [ -86.773293, 33.417167 ], [ -86.774088, 33.413831 ], [ -86.765073, 33.409798 ], [ -86.763693, 33.410645 ], [ -86.764499, 33.410804 ], [ -86.764257, 33.411577 ], [ -86.765012, 33.411699 ], [ -86.765037, 33.411681 ], [ -86.763924, 33.413929 ], [ -86.763933, 33.414542 ], [ -86.767245, 33.413011 ], [ -86.769441, 33.412138 ], [ -86.770367, 33.413259 ], [ -86.772562, 33.413594 ], [ -86.77209, 33.415299 ] ] ], [ [ [ -86.774594, 33.429194 ], [ -86.777115, 33.426344 ], [ -86.776648, 33.424778 ], [ -86.774066, 33.427998 ], [ -86.772498, 33.428034 ], [ -86.772839, 33.426965 ], [ -86.770298, 33.429864 ], [ -86.774594, 33.429194 ] ] ], [ [ [ -86.778015, 33.482387 ], [ -86.77679, 33.48158 ], [ -86.776776, 33.482344 ], [ -86.778015, 33.482387 ] ] ], [ [ [ -86.77666, 33.420015 ], [ -86.777425, 33.418708 ], [ -86.777477, 33.417886 ], [ -86.77657, 33.418068 ], [ -86.77422, 33.417961 ], [ -86.775097, 33.418344 ], [ -86.77666, 33.420015 ] ] ], [ [ [ -86.778526, 33.41571 ], [ -86.77847, 33.41407 ], [ -86.7781, 33.413976 ], [ -86.777656, 33.413871 ], [ -86.778526, 33.41571 ] ] ], [ [ [ -86.77467, 33.388649 ], [ -86.779288, 33.388801 ], [ -86.778388, 33.386924 ], [ -86.77467, 33.388649 ] ] ], [ [ [ -86.782994, 33.405972 ], [ -86.782459, 33.405928 ], [ -86.782571, 33.405608 ], [ -86.782515, 33.405586 ], [ -86.782188, 33.407009 ], [ -86.782994, 33.405972 ] ] ], [ [ [ -86.782889, 33.404984 ], [ -86.783082, 33.404688 ], [ -86.782778, 33.404905 ], [ -86.782889, 33.404984 ] ] ], [ [ [ -86.783462, 33.458464 ], [ -86.783821, 33.457728 ], [ -86.780021, 33.461238 ], [ -86.783521, 33.458693 ], [ -86.783462, 33.458464 ] ] ], [ [ [ -86.785082, 33.447904 ], [ -86.779362, 33.446893 ], [ -86.769643, 33.455792 ], [ -86.771545, 33.45561 ], [ -86.772696, 33.45545 ], [ -86.779055, 33.455714 ], [ -86.785082, 33.447904 ] ] ], [ [ [ -86.786627, 33.455756 ], [ -86.786123, 33.456049 ], [ -86.78561, 33.45671 ], [ -86.786706, 33.456499 ], [ -86.786627, 33.455756 ] ] ], [ [ [ -86.791782, 33.455235 ], [ -86.788924, 33.455437 ], [ -86.788668, 33.456136 ], [ -86.788817, 33.456103 ], [ -86.791782, 33.455235 ] ] ], [ [ [ -86.805922, 33.44646 ], [ -86.806599, 33.446193 ], [ -86.806596, 33.445705 ], [ -86.80591, 33.445767 ], [ -86.805922, 33.44646 ] ] ], [ [ [ -86.808611, 33.422892 ], [ -86.807538, 33.418498 ], [ -86.806888, 33.418489 ], [ -86.806499, 33.418483 ], [ -86.808611, 33.422892 ] ] ], [ [ [ -86.807791, 33.443901 ], [ -86.810212, 33.442934 ], [ -86.808165, 33.441615 ], [ -86.808569, 33.44262 ], [ -86.807791, 33.443901 ] ] ], [ [ [ -86.811904, 33.443088 ], [ -86.820326, 33.440008 ], [ -86.813586, 33.440298 ], [ -86.812552, 33.442152 ], [ -86.812462, 33.440287 ], [ -86.811904, 33.443088 ] ] ], [ [ [ -86.82518, 33.416757 ], [ -86.82381, 33.417349 ], [ -86.824447, 33.417362 ], [ -86.82518, 33.416757 ] ] ], [ [ [ -86.823596, 33.434767 ], [ -86.830335, 33.432127 ], [ -86.815834, 33.423035 ], [ -86.815294, 33.422517 ], [ -86.814942, 33.42094 ], [ -86.816827, 33.416184 ], [ -86.813571, 33.415683 ], [ -86.812895, 33.41494 ], [ -86.811097, 33.41481 ], [ -86.808581, 33.414844 ], [ -86.80866, 33.416705 ], [ -86.80988, 33.416896 ], [ -86.81015, 33.417631 ], [ -86.812298, 33.417413 ], [ -86.812705, 33.418557 ], [ -86.812747, 33.420359 ], [ -86.81291, 33.420612 ], [ -86.813423, 33.422161 ], [ -86.814075, 33.422475 ], [ -86.813067, 33.433537 ], [ -86.823596, 33.434767 ] ] ], [ [ [ -86.830632, 33.338407 ], [ -86.83065, 33.336219 ], [ -86.830642, 33.337113 ], [ -86.830641, 33.337341 ], [ -86.830632, 33.338407 ] ] ], [ [ [ -86.808693, 33.411499 ], [ -86.786981, 33.398665 ], [ -86.778543, 33.37114 ], [ -86.778388, 33.386316 ], [ -86.77289, 33.388607 ], [ -86.769863, 33.388533 ], [ -86.761023, 33.388321 ], [ -86.762923, 33.396786 ], [ -86.76095, 33.404119 ], [ -86.752344, 33.416031 ], [ -86.752343, 33.416469 ], [ -86.750028, 33.420692 ], [ -86.748414, 33.420954 ], [ -86.742182, 33.416886 ], [ -86.727722, 33.416432 ], [ -86.719755, 33.423533 ], [ -86.730275, 33.434664 ], [ -86.730989, 33.434676 ], [ -86.729571, 33.431035 ], [ -86.727608, 33.428182 ], [ -86.72884, 33.427388 ], [ -86.734064, 33.426015 ], [ -86.733806, 33.426617 ], [ -86.733918, 33.426649 ], [ -86.735413, 33.427109 ], [ -86.735703, 33.426335 ], [ -86.737764, 33.425542 ], [ -86.737162, 33.425243 ], [ -86.737255, 33.425227 ], [ -86.738594, 33.424848 ], [ -86.73866, 33.42483 ], [ -86.739188, 33.424161 ], [ -86.736402, 33.425137 ], [ -86.73614, 33.422924 ], [ -86.737975, 33.422608 ], [ -86.735913, 33.422556 ], [ -86.737209, 33.421994 ], [ -86.736396, 33.421779 ], [ -86.735439, 33.421574 ], [ -86.73703, 33.420743 ], [ -86.738232, 33.421729 ], [ -86.739721, 33.421141 ], [ -86.741778, 33.424053 ], [ -86.741767, 33.424711 ], [ -86.740354, 33.424478 ], [ -86.740258, 33.424194 ], [ -86.740828, 33.426566 ], [ -86.741403, 33.427469 ], [ -86.740876, 33.428832 ], [ -86.739666, 33.427724 ], [ -86.738577, 33.429253 ], [ -86.73914, 33.429968 ], [ -86.740023, 33.430363 ], [ -86.739919, 33.430539 ], [ -86.739325, 33.43413 ], [ -86.741897, 33.434683 ], [ -86.742375, 33.434918 ], [ -86.742568, 33.435278 ], [ -86.741718, 33.436407 ], [ -86.7412, 33.436408 ], [ -86.745919, 33.439596 ], [ -86.750378, 33.438576 ], [ -86.75011, 33.437207 ], [ -86.751746, 33.437499 ], [ -86.75051, 33.436801 ], [ -86.75008, 33.437157 ], [ -86.752096, 33.433642 ], [ -86.752926, 33.433963 ], [ -86.751323, 33.431468 ], [ -86.752569, 33.429557 ], [ -86.755013, 33.430633 ], [ -86.755613, 33.430037 ], [ -86.758293, 33.431305 ], [ -86.761477, 33.428176 ], [ -86.758378, 33.427153 ], [ -86.75802, 33.427094 ], [ -86.758216, 33.426322 ], [ -86.754717, 33.426395 ], [ -86.755903, 33.42704 ], [ -86.752551, 33.42627 ], [ -86.752029, 33.426468 ], [ -86.750932, 33.425877 ], [ -86.751166, 33.42552 ], [ -86.751541, 33.425027 ], [ -86.752418, 33.42386 ], [ -86.754615, 33.421821 ], [ -86.757934, 33.422208 ], [ -86.752783, 33.420731 ], [ -86.761111, 33.420281 ], [ -86.761706, 33.419786 ], [ -86.761678, 33.419056 ], [ -86.760911, 33.418439 ], [ -86.764321, 33.41512 ], [ -86.762079, 33.415077 ], [ -86.762019, 33.415076 ], [ -86.761934, 33.41449 ], [ -86.762038, 33.414379 ], [ -86.76223, 33.414499 ], [ -86.763721, 33.411361 ], [ -86.763314, 33.410968 ], [ -86.763273, 33.410925 ], [ -86.763214, 33.410863 ], [ -86.762019, 33.410282 ], [ -86.763218, 33.409955 ], [ -86.764515, 33.409208 ], [ -86.78848, 33.404512 ], [ -86.788651, 33.405024 ], [ -86.791394, 33.406751 ], [ -86.792334, 33.407579 ], [ -86.792667, 33.407701 ], [ -86.795597, 33.40834 ], [ -86.795722, 33.408999 ], [ -86.798534, 33.410616 ], [ -86.800014, 33.410657 ], [ -86.800011, 33.410714 ], [ -86.802518, 33.411259 ], [ -86.808693, 33.411499 ] ], [ [ -86.748537, 33.431393 ], [ -86.748183, 33.432094 ], [ -86.746766, 33.43224 ], [ -86.748387, 33.425091 ], [ -86.748537, 33.431393 ] ] ], [ [ [ -86.899748, 33.313113 ], [ -86.900911, 33.307755 ], [ -86.900071, 33.307763 ], [ -86.899743, 33.311498 ], [ -86.899748, 33.313113 ] ] ], [ [ [ -86.917371, 33.386511 ], [ -86.888412, 33.369537 ], [ -86.886805, 33.369499 ], [ -86.878058, 33.369302 ], [ -86.874534, 33.368891 ], [ -86.87843, 33.361351 ], [ -86.87822, 33.360711 ], [ -86.882471, 33.358776 ], [ -86.876942, 33.354827 ], [ -86.87621, 33.355595 ], [ -86.876117, 33.355632 ], [ -86.87583, 33.355692 ], [ -86.874996, 33.356616 ], [ -86.874941, 33.357034 ], [ -86.874393, 33.358027 ], [ -86.874243, 33.358242 ], [ -86.873882, 33.358241 ], [ -86.871575, 33.363349 ], [ -86.868867, 33.368944 ], [ -86.868542, 33.369581 ], [ -86.868245, 33.370164 ], [ -86.867745, 33.371147 ], [ -86.865249, 33.375701 ], [ -86.86029, 33.376196 ], [ -86.885671, 33.383477 ], [ -86.892508, 33.383663 ], [ -86.896814, 33.38378 ], [ -86.897164, 33.38379 ], [ -86.89416, 33.398964 ], [ -86.908738, 33.384226 ], [ -86.910411, 33.384208 ], [ -86.917371, 33.386511 ] ] ], [ [ [ -87.266923, 33.512929 ], [ -87.285024, 33.485785 ], [ -87.330816, 33.491501 ], [ -87.335577, 33.456251 ], [ -87.284363, 33.440578 ], [ -87.232045, 33.395137 ], [ -87.231999, 33.365851 ], [ -87.197584, 33.358134 ], [ -87.179638, 33.321112 ], [ -87.126756, 33.290844 ], [ -87.087497, 33.290675 ], [ -87.065754, 33.275937 ], [ -87.065738, 33.246907 ], [ -87.026846, 33.246459 ], [ -86.982887, 33.246007 ], [ -86.969575, 33.267474 ], [ -86.926151, 33.289397 ], [ -86.926137, 33.294223 ], [ -86.926135, 33.295098 ], [ -86.923761, 33.29656 ], [ -86.923348, 33.296553 ], [ -86.921959, 33.296529 ], [ -86.903439, 33.307732 ], [ -86.908618, 33.333177 ], [ -86.912974, 33.325928 ], [ -86.961221, 33.337002 ], [ -86.987523, 33.354695 ], [ -86.987529, 33.355215 ], [ -86.991975, 33.351997 ], [ -86.991976, 33.350332 ], [ -86.995939, 33.334439 ], [ -87.014162, 33.361535 ], [ -87.057519, 33.341831 ], [ -87.058137, 33.378086 ], [ -87.038386, 33.3929 ], [ -86.996501, 33.398702 ], [ -86.996541, 33.40412 ], [ -86.968521, 33.418361 ], [ -86.967816, 33.418384 ], [ -86.96794, 33.419519 ], [ -86.966402, 33.440689 ], [ -86.965997, 33.441733 ], [ -86.935322, 33.435246 ], [ -86.922555, 33.447912 ], [ -86.939138, 33.464674 ], [ -86.918334, 33.493437 ], [ -86.918528, 33.493738 ], [ -86.920635, 33.492663 ], [ -86.920589, 33.49214 ], [ -86.927587, 33.493436 ], [ -86.927948, 33.493917 ], [ -86.930951, 33.496773 ], [ -86.932992, 33.495255 ], [ -86.9347, 33.494945 ], [ -86.938995, 33.491813 ], [ -86.939749, 33.490893 ], [ -86.941175, 33.492855 ], [ -86.940813, 33.493992 ], [ -86.92926, 33.522742 ], [ -86.870084, 33.562406 ], [ -86.883126, 33.624204 ], [ -86.848479, 33.627287 ], [ -86.852298, 33.587401 ], [ -86.839541, 33.568891 ], [ -86.788217, 33.574856 ], [ -86.778363, 33.622019 ], [ -86.749943, 33.611963 ], [ -86.74575, 33.603111 ], [ -86.72638, 33.638991 ], [ -86.704515, 33.633138 ], [ -86.699335, 33.625602 ], [ -86.701796, 33.621752 ], [ -86.654318, 33.627485 ], [ -86.653085, 33.628164 ], [ -86.653805, 33.627124 ], [ -86.648583, 33.622693 ], [ -86.630509, 33.644163 ], [ -86.627207, 33.649819 ], [ -86.626496, 33.6565 ], [ -86.622437, 33.660001 ], [ -86.620941, 33.667308 ], [ -86.600359, 33.687269 ], [ -86.597898, 33.685841 ], [ -86.587409, 33.68726 ], [ -86.588235, 33.687265 ], [ -86.552, 33.699752 ], [ -86.55165, 33.696421 ], [ -86.542435, 33.695987 ], [ -86.544007, 33.698908 ], [ -86.539433, 33.707471 ], [ -86.539354, 33.711198 ], [ -86.536672, 33.711204 ], [ -86.535439, 33.71126 ], [ -86.525794, 33.711322 ], [ -86.52503, 33.71131 ], [ -86.542642, 33.735636 ], [ -86.542758, 33.765154 ], [ -86.577799, 33.765316 ], [ -86.64529, 33.773012 ], [ -86.759144, 33.840617 ], [ -86.883947, 33.843237 ], [ -86.936537, 33.81531 ], [ -86.953664, 33.815297 ], [ -86.970928, 33.786462 ], [ -87.005965, 33.787237 ], [ -87.023286, 33.772727 ], [ -87.023355, 33.743576 ], [ -87.040638, 33.728969 ], [ -87.039793, 33.685356 ], [ -87.057757, 33.656363 ], [ -87.0927, 33.656873 ], [ -87.092734, 33.635133 ], [ -87.092733, 33.62785 ], [ -87.144473, 33.628198 ], [ -87.17943, 33.613794 ], [ -87.204577, 33.578835 ], [ -87.210029, 33.538732 ], [ -87.232599, 33.539383 ], [ -87.266923, 33.512929 ] ], [ [ -86.750653, 33.443318 ], [ -86.752746, 33.44605 ], [ -86.75006, 33.443817 ], [ -86.750654, 33.443571 ], [ -86.750653, 33.443318 ] ], [ [ -86.909168, 33.445928 ], [ -86.920636, 33.4499 ], [ -86.907788, 33.446796 ], [ -86.907863, 33.446827 ], [ -86.909168, 33.445928 ] ] ], [ [ [ -86.551544, 33.594428 ], [ -86.560869, 33.59047 ], [ -86.551581, 33.590319 ], [ -86.551544, 33.594428 ] ] ], [ [ [ -86.550458, 33.677685 ], [ -86.569358, 33.664348 ], [ -86.569351, 33.662936 ], [ -86.569358, 33.661241 ], [ -86.539345, 33.668196 ], [ -86.540415, 33.665394 ], [ -86.534031, 33.66329 ], [ -86.527481, 33.663457 ], [ -86.525393, 33.670261 ], [ -86.525273, 33.702743 ], [ -86.54206, 33.692365 ], [ -86.542779, 33.691582 ], [ -86.553606, 33.681391 ], [ -86.55074, 33.681854 ], [ -86.55211, 33.677944 ], [ -86.550458, 33.677685 ] ] ], [ [ [ -86.567778, 33.523802 ], [ -86.569772, 33.519799 ], [ -86.569254, 33.519474 ], [ -86.56926, 33.517659 ], [ -86.566683, 33.521233 ], [ -86.56662, 33.521232 ], [ -86.565552, 33.521991 ], [ -86.565614, 33.52423 ], [ -86.567778, 33.523802 ] ] ], [ [ [ -86.576398, 33.606869 ], [ -86.573568, 33.605628 ], [ -86.568507, 33.607498 ], [ -86.575566, 33.60769 ], [ -86.576398, 33.606869 ] ] ], [ [ [ -86.577407, 33.620311 ], [ -86.560764, 33.613254 ], [ -86.560689, 33.609803 ], [ -86.551473, 33.60776 ], [ -86.533686, 33.634382 ], [ -86.533633, 33.637194 ], [ -86.538317, 33.639872 ], [ -86.55516, 33.626564 ], [ -86.560219, 33.620137 ], [ -86.569379, 33.620324 ], [ -86.577407, 33.620311 ] ] ], [ [ [ -86.582123, 33.576752 ], [ -86.582123, 33.576144 ], [ -86.569223, 33.586154 ], [ -86.582123, 33.576752 ] ] ], [ [ [ -86.586613, 33.606071 ], [ -86.582756, 33.608286 ], [ -86.582877, 33.608618 ], [ -86.583867, 33.608072 ], [ -86.585292, 33.608546 ], [ -86.586144, 33.608143 ], [ -86.586613, 33.606071 ] ] ], [ [ [ -86.584917, 33.649525 ], [ -86.584625, 33.635975 ], [ -86.584046, 33.636486 ], [ -86.583043, 33.636169 ], [ -86.58259, 33.637636 ], [ -86.584917, 33.649525 ] ] ], [ [ [ -86.586986, 33.497323 ], [ -86.587012, 33.496073 ], [ -86.574112, 33.503256 ], [ -86.578309, 33.503287 ], [ -86.584379, 33.498787 ], [ -86.586986, 33.497323 ] ] ], [ [ [ -86.588096, 33.631747 ], [ -86.588554, 33.631303 ], [ -86.588257, 33.629977 ], [ -86.587131, 33.631059 ], [ -86.588096, 33.631747 ] ] ], [ [ [ -86.582156, 33.660351 ], [ -86.582883, 33.660462 ], [ -86.58277, 33.659705 ], [ -86.582725, 33.659476 ], [ -86.583594, 33.659306 ], [ -86.583368, 33.659838 ], [ -86.584148, 33.659561 ], [ -86.584266, 33.659416 ], [ -86.582738, 33.658964 ], [ -86.58219, 33.659324 ], [ -86.582156, 33.660351 ] ] ] ] } },
{ "type": "Feature", "properties": { "geo_id": "0101950", "geo_name": "Lamar County School District", "geo_level": "school_district", "year": 2021 }, "geometry": { "type": "Polygon", "coordinates": [ [ [ -88.248916, 33.744977 ], [ -88.274619, 33.534008 ], [ -87.946519, 33.524065 ], [ -87.947203, 33.700439 ], [ -87.951785, 33.91993 ], [ -87.951929, 34.022202 ], [ -87.98743, 34.022903 ], [ -87.98693, 34.052102 ], [ -88.207229, 34.058333 ], [ -88.248916, 33.744977 ] ] ] } },
{ "type": "Feature", "properties": { "geo_id": "0101980", "geo_name": "Lanett City School District", "geo_level": "school_district", "year": 2021 }, "geometry": { "type": "Polygon", "coordinates": [ [ [ -85.2147, 32.868191 ], [ -85.215311, 32.838821 ], [ -85.178508, 32.854664 ], [ -85.184887, 32.863446 ], [ -85.185349, 32.873323 ], [ -85.186989, 32.881642 ], [ -85.205794, 32.886125 ], [ -85.214635, 32.872677 ], [ -85.214607, 32.871782 ], [ -85.2147, 32.868191 ] ] ] } },
{ "type": "Feature", "properties": { "geo_id": "0102010", "geo_name": "Lauderdale County School District", "geo_level": "school_district", "year": 2021 }, "geometry": { "type": "Polygon", "coordinates": [ [ [ -87.210759, 34.999024 ], [ -87.429968, 35.002791 ], [ -87.662256, 35.003537 ], [ -88.000032, 35.005942 ], [ -88.202959, 35.008028 ], [ -88.200064, 34.995634 ], [ -88.152413, 34.919741 ], [ -88.097888, 34.892202 ], [ -88.050792, 34.90618 ], [ -87.973222, 34.88255 ], [ -87.937212, 34.847365 ], [ -87.92029, 34.804468 ], [ -87.835833, 34.741239 ], [ -87.806963, 34.732061 ], [ -87.7603, 34.735578 ], [ -87.72836, 34.749309 ], [ -87.707572, 34.772919 ], [ -87.613694, 34.79903 ], [ -87.580637, 34.821802 ], [ -87.524363, 34.832384 ], [ -87.479966, 34.812626 ], [ -87.42651, 34.800022 ], [ -87.370249, 34.804992 ], [ -87.344224, 34.796493 ], [ -87.297905, 34.750812 ], [ -87.260676, 34.758626 ], [ -87.278302, 34.773563 ], [ -87.214914, 34.816011 ], [ -87.210759, 34.999024 ] ], [ [ -87.668594, 34.789638 ], [ -87.711775, 34.783069 ], [ -87.716659, 34.82831 ], [ -87.666649, 34.885299 ], [ -87.664819, 34.885298 ], [ -87.625499, 34.849376 ], [ -87.618034, 34.808301 ], [ -87.668397, 34.790009 ], [ -87.669262, 34.790837 ], [ -87.669484, 34.790558 ], [ -87.668594, 34.789638 ] ] ] } },
{ "type": "Feature", "properties": { "geo_id": "0102040", "geo_name": "Lawrence County School District", "geo_level": "school_district", "year": 2021 }, "geometry": { "type": "Polygon", "coordinates": [ [ [ -87.529667, 34.567081 ], [ -87.529722, 34.304598 ], [ -87.302487, 34.299401 ], [ -87.109911, 34.299299 ], [ -87.110111, 34.313799 ], [ -87.105499, 34.635693 ], [ -87.105455, 34.649417 ], [ -87.105073, 34.686037 ], [ -87.138858, 34.724101 ], [ -87.229721, 34.764031 ], [ -87.260676, 34.758626 ], [ -87.297905, 34.750812 ], [ -87.344224, 34.796493 ], [ -87.370249, 34.804992 ], [ -87.42651, 34.800022 ], [ -87.43306, 34.717485 ], [ -87.451922, 34.695082 ], [ -87.449765, 34.64891 ], [ -87.476249, 34.65131 ], [ -87.504258, 34.616616 ], [ -87.507342, 34.586491 ], [ -87.529667, 34.567081 ] ] ] } },
{ "type": "Feature", "properties": { "geo_id": "0102070", "geo_name": "Lee County School District", "geo_level": "school_district", "year": 2021 }, "geometry": { "type": "MultiPolygon", "coordinates": [ [ [ [ -85.432333, 32.595273 ], [ -85.422359, 32.593978 ], [ -85.422525, 32.593881 ], [ -85.424621, 32.59446 ], [ -85.424963, 32.595584 ], [ -85.425324, 32.595509 ], [ -85.432126, 32.595218 ], [ -85.432226, 32.59527 ], [ -85.432333, 32.595273 ] ] ], [ [ [ -85.456219, 32.657025 ], [ -85.460817, 32.638702 ], [ -85.458032, 32.638715 ], [ -85.45656, 32.635974 ], [ -85.451803, 32.639369 ], [ -85.445304, 32.640904 ], [ -85.443888, 32.643115 ], [ -85.439458, 32.643115 ], [ -85.45178, 32.65347 ], [ -85.454848, 32.650805 ], [ -85.456219, 32.657025 ] ] ], [ [ [ -85.490662, 32.730629 ], [ -85.48735, 32.685876 ], [ -85.487314, 32.685517 ], [ -85.489784, 32.680748 ], [ -85.490151, 32.680695 ], [ -85.491062, 32.679103 ], [ -85.4909, 32.66818 ], [ -85.488708, 32.669159 ], [ -85.487525, 32.672732 ], [ -85.472691, 32.664879 ], [ -85.456981, 32.668421 ], [ -85.456847, 32.711505 ], [ -85.417804, 32.722145 ], [ -85.417806, 32.722008 ], [ -85.391097, 32.727644 ], [ -85.379005, 32.716364 ], [ -85.319763, 32.716153 ], [ -85.30918, 32.730731 ], [ -85.456265, 32.730341 ], [ -85.473596, 32.730477 ], [ -85.490662, 32.730629 ] ] ], [ [ [ -85.500138, 32.642891 ], [ -85.501651, 32.64279 ], [ -85.492258, 32.63593 ], [ -85.491883, 32.635978 ], [ -85.481742, 32.636637 ], [ -85.500138, 32.642891 ] ] ], [ [ [ -85.513027, 32.651358 ], [ -85.507815, 32.642133 ], [ -85.509545, 32.645133 ], [ -85.509363, 32.652118 ], [ -85.513027, 32.651358 ] ] ], [ [ [ -85.593151, 32.72853 ], [ -85.610253, 32.713929 ], [ -85.679854, 32.71253 ], [ -85.696755, 32.697429 ], [ -85.695854, 32.595933 ], [ -85.661053, 32.567935 ], [ -85.489348, 32.496937 ], [ -85.438575, 32.49709 ], [ -85.434045, 32.40984 ], [ -85.330143, 32.410842 ], [ -85.333843, 32.468639 ], [ -85.093812, 32.472056 ], [ -85.08908, 32.47217 ], [ -85.086953, 32.472278 ], [ -85.060203, 32.491822 ], [ -85.06032, 32.494903 ], [ -85.060508, 32.498722 ], [ -85.051146, 32.509346 ], [ -85.068188, 32.520687 ], [ -85.071216, 32.521186 ], [ -85.075902, 32.523496 ], [ -85.07732, 32.523464 ], [ -85.077648, 32.523877 ], [ -85.077335, 32.525206 ], [ -85.070452, 32.530298 ], [ -85.062627, 32.530452 ], [ -85.046622, 32.514167 ], [ -85.046236, 32.512884 ], [ -85.026531, 32.524166 ], [ -85.026572, 32.529809 ], [ -85.001532, 32.514741 ], [ -85.023645, 32.542955 ], [ -85.067199, 32.579306 ], [ -85.08224, 32.616264 ], [ -85.105432, 32.644934 ], [ -85.088483, 32.657758 ], [ -85.112337, 32.683234 ], [ -85.135038, 32.74653 ], [ -85.284843, 32.745131 ], [ -85.285002, 32.739164 ], [ -85.315972, 32.695942 ], [ -85.30707, 32.661737 ], [ -85.311384, 32.665677 ], [ -85.32424, 32.636637 ], [ -85.324472, 32.600236 ], [ -85.360299, 32.595592 ], [ -85.39674, 32.611583 ], [ -85.413367, 32.596605 ], [ -85.427325, 32.568657 ], [ -85.428196, 32.569034 ], [ -85.423756, 32.545079 ], [ -85.462053, 32.547495 ], [ -85.484344, 32.535609 ], [ -85.486576, 32.536193 ], [ -85.522247, 32.530187 ], [ -85.523965, 32.55081 ], [ -85.528588, 32.553142 ], [ -85.539371, 32.568849 ], [ -85.540563, 32.569012 ], [ -85.542074, 32.576843 ], [ -85.542217, 32.576998 ], [ -85.554498, 32.58832 ], [ -85.55532, 32.589397 ], [ -85.54158, 32.595761 ], [ -85.544802, 32.579192 ], [ -85.540786, 32.579626 ], [ -85.54184, 32.613298 ], [ -85.538334, 32.656897 ], [ -85.562969, 32.656675 ], [ -85.545598, 32.67196 ], [ -85.525392, 32.672258 ], [ -85.507064, 32.723356 ], [ -85.491067, 32.730613 ], [ -85.593151, 32.72853 ] ], [ [ -85.018388, 32.509834 ], [ -85.020139, 32.509822 ], [ -85.019265, 32.509831 ], [ -85.018683, 32.509831 ], [ -85.018388, 32.509834 ] ], [ [ -85.530049, 32.54951 ], [ -85.557824, 32.554388 ], [ -85.557084, 32.556147 ], [ -85.541205, 32.55639 ], [ -85.540918, 32.554145 ], [ -85.534192, 32.548978 ], [ -85.530049, 32.54951 ] ], [ [ -85.545598, 32.67196 ], [ -85.547324, 32.672812 ], [ -85.544779, 32.672551 ], [ -85.545598, 32.67196 ] ] ], [ [ [ -85.574637, 32.596259 ], [ -85.577415, 32.595894 ], [ -85.575611, 32.5945 ], [ -85.575519, 32.594286 ], [ -85.574637, 32.596259 ] ] ] ] } },
{ "type": "Feature", "properties": { "geo_id": "0102100", "geo_name": "Limestone County School District", "geo_level": "school_district", "year": 2021 }, "geometry": { "type": "MultiPolygon", "coordinates": [ [ [ [ -86.785868, 34.765589 ], [ -86.785935, 34.758277 ], [ -86.785871, 34.763651 ], [ -86.785868, 34.765512 ], [ -86.785868, 34.765589 ] ] ], [ [ [ -86.791888, 34.672216 ], [ -86.791972, 34.670498 ], [ -86.789417, 34.670476 ], [ -86.789398, 34.671598 ], [ -86.790681, 34.671611 ], [ -86.791888, 34.672216 ] ] ], [ [ [ -86.803253, 34.718993 ], [ -86.805828, 34.719234 ], [ -86.805833, 34.718455 ], [ -86.804978, 34.718448 ], [ -86.803255, 34.717772 ], [ -86.803253, 34.718993 ] ] ], [ [ [ -86.796078, 34.747506 ], [ -86.815194, 34.741911 ], [ -86.786178, 34.743626 ], [ -86.791707, 34.746925 ], [ -86.792814, 34.747034 ], [ -86.794902, 34.747439 ], [ -86.796078, 34.747506 ] ] ], [ [ [ -86.906675, 34.579758 ], [ -86.838554, 34.556632 ], [ -86.790056, 34.55079 ], [ -86.789554, 34.567991 ], [ -86.845078, 34.566151 ], [ -86.832018, 34.634239 ], [ -86.90168, 34.630919 ], [ -86.906675, 34.579758 ] ] ], [ [ [ -86.895085, 34.744795 ], [ -86.928448, 34.729116 ], [ -86.92541, 34.71601 ], [ -86.877782, 34.715427 ], [ -86.886309, 34.737379 ], [ -86.895085, 34.744795 ] ] ], [ [ [ -86.970591, 34.614554 ], [ -86.972312, 34.612944 ], [ -86.907679, 34.579995 ], [ -86.899726, 34.601072 ], [ -86.91574, 34.627797 ], [ -86.955577, 34.627238 ], [ -86.965927, 34.619109 ], [ -86.970591, 34.614554 ] ] ], [ [ [ -87.210759, 34.999024 ], [ -87.214914, 34.816011 ], [ -87.278302, 34.773563 ], [ -87.260676, 34.758626 ], [ -87.229721, 34.764031 ], [ -87.138858, 34.724101 ], [ -87.105073, 34.686037 ], [ -87.087361, 34.670864 ], [ -87.035323, 34.652042 ], [ -86.9715, 34.614737 ], [ -86.97107, 34.615404 ], [ -86.971045, 34.615935 ], [ -86.969096, 34.617526 ], [ -86.958636, 34.626216 ], [ -86.956082, 34.627919 ], [ -86.957875, 34.627542 ], [ -86.95582, 34.628093 ], [ -86.954048, 34.62873 ], [ -86.91576, 34.642787 ], [ -86.915317, 34.642778 ], [ -86.912671, 34.642736 ], [ -86.905958, 34.642619 ], [ -86.905418, 34.642596 ], [ -86.907163, 34.646044 ], [ -86.86177, 34.642666 ], [ -86.868828, 34.700981 ], [ -86.93116, 34.712522 ], [ -86.931127, 34.714943 ], [ -86.931116, 34.715274 ], [ -86.938899, 34.748692 ], [ -87.001613, 34.747011 ], [ -87.013982, 34.816705 ], [ -87.001898, 34.835986 ], [ -86.919537, 34.82901 ], [ -86.903659, 34.777577 ], [ -86.877295, 34.754131 ], [ -86.886309, 34.737379 ], [ -86.831515, 34.748504 ], [ -86.830277, 34.748678 ], [ -86.786095, 34.748315 ], [ -86.785987, 34.754777 ], [ -86.806382, 34.787924 ], [ -86.795783, 34.799771 ], [ -86.795774, 34.800847 ], [ -86.785389, 34.802152 ], [ -86.783628, 34.991948 ], [ -87.210759, 34.999024 ] ] ] ] } },
{ "type": "Feature", "properties": { "geo_id": "0102130", "geo_name": "Linden City School District", "geo_level": "school_district", "year": 2021 }, "geometry": { "type": "Polygon", "coordinates": [ [ [ -87.9297, 32.292516 ], [ -87.948354, 32.30409 ], [ -88.019145, 32.28524 ], [ -88.009453, 32.261704 ], [ -88.009564, 32.195452 ], [ -87.973335, 32.219915 ], [ -87.941354, 32.215221 ], [ -87.902825, 32.188963 ], [ -87.880148, 32.190489 ], [ -87.832094, 32.169123 ], [ -87.81325, 32.139001 ], [ -87.790512, 32.137921 ], [ -87.782361, 32.171843 ], [ -87.747221, 32.235512 ], [ -87.732345, 32.245074 ], [ -87.738455, 32.277315 ], [ -87.703972, 32.342281 ], [ -87.694208, 32.396006 ], [ -87.713224, 32.44455 ], [ -87.813072, 32.440734 ], [ -87.862338, 32.418543 ], [ -87.895473, 32.387009 ], [ -87.868833, 32.313791 ], [ -87.890552, 32.289232 ], [ -87.9297, 32.292516 ] ] ] } },
{ "type": "Feature", "properties": { "geo_id": "0102160", "geo_name": "Lowndes County School District", "geo_level": "school_district", "year": 2021 }, "geometry": { "type": "Polygon", "coordinates": [ [ [ -86.814912, 32.340803 ], [ -86.850412, 32.328947 ], [ -86.82606, 32.305957 ], [ -86.864563, 32.274704 ], [ -86.839758, 32.24121 ], [ -86.810313, 32.224747 ], [ -86.908302, 32.225028 ], [ -86.906956, 32.04797 ], [ -86.856576, 32.048352 ], [ -86.857583, 31.962167 ], [ -86.448198, 31.964629 ], [ -86.405005, 31.963775 ], [ -86.406276, 32.050731 ], [ -86.408771, 32.244309 ], [ -86.48965, 32.293353 ], [ -86.473415, 32.324126 ], [ -86.496774, 32.344437 ], [ -86.532531, 32.338775 ], [ -86.542537, 32.363517 ], [ -86.581873, 32.375019 ], [ -86.614841, 32.374266 ], [ -86.618, 32.405717 ], [ -86.653419, 32.397247 ], [ -86.655597, 32.376147 ], [ -86.678795, 32.355359 ], [ -86.711337, 32.360767 ], [ -86.717897, 32.402814 ], [ -86.749981, 32.389105 ], [ -86.781354, 32.392494 ], [ -86.773163, 32.340728 ], [ -86.791073, 32.314611 ], [ -86.820273, 32.315007 ], [ -86.814912, 32.340803 ] ] ] } },
{ "type": "Feature", "properties": { "geo_id": "0102190", "geo_name": "Macon County School District", "geo_level": "school_district", "year": 2021 }, "geometry": { "type": "Polygon", "coordinates": [ [ [ -86.023012, 32.419978 ], [ -86.014579, 32.38429 ], [ -85.989088, 32.33482 ], [ -85.959387, 32.324026 ], [ -85.954133, 32.301847 ], [ -85.919293, 32.274382 ], [ -85.877868, 32.291528 ], [ -85.876061, 32.246344 ], [ -85.856218, 32.231975 ], [ -85.433543, 32.234648 ], [ -85.434045, 32.40984 ], [ -85.438575, 32.49709 ], [ -85.489348, 32.496937 ], [ -85.661053, 32.567935 ], [ -85.695854, 32.595933 ], [ -85.712654, 32.581834 ], [ -85.798585, 32.581089 ], [ -85.797156, 32.494236 ], [ -85.886148, 32.493053 ], [ -85.870305, 32.481474 ], [ -85.89442, 32.447578 ], [ -85.931776, 32.453528 ], [ -85.995397, 32.428058 ], [ -86.023012, 32.419978 ] ] ] } },
{ "type": "Feature", "properties": { "geo_id": "0102220", "geo_name": "Madison County School District", "geo_level": "school_district", "year": 2021 }, "geometry": { "type": "MultiPolygon", "coordinates": [ [ [ [ -86.707721, 34.737402 ], [ -86.707476, 34.731452 ], [ -86.705643, 34.74278 ], [ -86.708859, 34.741566 ], [ -86.707713, 34.738408 ], [ -86.707721, 34.737402 ] ] ], [ [ [ -86.711072, 34.713928 ], [ -86.710363, 34.712619 ], [ -86.709735, 34.712608 ], [ -86.707259, 34.713353 ], [ -86.707277, 34.712415 ], [ -86.70722, 34.709026 ], [ -86.708952, 34.716001 ], [ -86.708449, 34.714953 ], [ -86.708456, 34.714688 ], [ -86.711072, 34.713928 ] ] ], [ [ [ -86.71438, 34.752951 ], [ -86.714482, 34.747604 ], [ -86.705643, 34.74278 ], [ -86.71438, 34.752951 ] ] ], [ [ [ -86.71782, 34.71974 ], [ -86.709552, 34.71603 ], [ -86.706277, 34.721713 ], [ -86.71782, 34.71974 ] ] ], [ [ [ -86.740632, 34.754249 ], [ -86.736863, 34.753353 ], [ -86.732845, 34.752594 ], [ -86.728429, 34.756144 ], [ -86.740632, 34.754249 ] ] ], [ [ [ -86.789554, 34.567991 ], [ -86.790056, 34.55079 ], [ -86.753138, 34.555672 ], [ -86.721721, 34.582709 ], [ -86.689353, 34.586425 ], [ -86.66514, 34.552092 ], [ -86.646393, 34.548921 ], [ -86.614169, 34.577227 ], [ -86.577047, 34.580603 ], [ -86.550166, 34.545963 ], [ -86.533445, 34.502795 ], [ -86.499988, 34.482292 ], [ -86.425482, 34.479277 ], [ -86.412446, 34.494155 ], [ -86.353745, 34.521589 ], [ -86.33496, 34.509309 ], [ -86.311187, 34.539277 ], [ -86.307275, 34.582514 ], [ -86.326853, 34.599403 ], [ -86.359034, 34.63261 ], [ -86.358121, 34.735034 ], [ -86.339709, 34.7532 ], [ -86.343541, 34.81706 ], [ -86.326546, 34.831325 ], [ -86.351123, 34.873265 ], [ -86.318819, 34.902131 ], [ -86.322361, 34.925827 ], [ -86.293259, 34.945045 ], [ -86.311274, 34.991098 ], [ -86.467941, 34.990486 ], [ -86.783628, 34.991948 ], [ -86.785389, 34.802152 ], [ -86.78563, 34.787549 ], [ -86.785868, 34.766486 ], [ -86.785868, 34.765589 ], [ -86.785868, 34.765512 ], [ -86.682776, 34.764387 ], [ -86.651764, 34.800539 ], [ -86.678299, 34.822772 ], [ -86.678443, 34.85221 ], [ -86.633958, 34.85323 ], [ -86.633975, 34.850524 ], [ -86.633954, 34.848791 ], [ -86.624984, 34.829911 ], [ -86.553717, 34.829163 ], [ -86.554336, 34.797849 ], [ -86.520458, 34.773708 ], [ -86.47408, 34.801231 ], [ -86.500123, 34.814529 ], [ -86.49652, 34.81599 ], [ -86.472874, 34.801975 ], [ -86.499034, 34.762883 ], [ -86.521934, 34.772347 ], [ -86.523964, 34.772497 ], [ -86.519222, 34.755889 ], [ -86.514835, 34.755818 ], [ -86.501491, 34.726395 ], [ -86.434798, 34.70787 ], [ -86.443679, 34.66706 ], [ -86.425223, 34.642731 ], [ -86.425243, 34.643312 ], [ -86.426249, 34.646717 ], [ -86.428192, 34.646895 ], [ -86.448255, 34.651393 ], [ -86.444127, 34.623574 ], [ -86.47629, 34.623163 ], [ -86.499114, 34.603468 ], [ -86.502996, 34.603562 ], [ -86.504098, 34.590325 ], [ -86.504257, 34.586642 ], [ -86.499619, 34.586665 ], [ -86.516078, 34.565834 ], [ -86.516036, 34.567105 ], [ -86.535415, 34.549663 ], [ -86.588427, 34.597423 ], [ -86.582594, 34.649974 ], [ -86.582004, 34.649774 ], [ -86.579983, 34.650536 ], [ -86.580251, 34.650541 ], [ -86.580395, 34.650544 ], [ -86.580755, 34.65055 ], [ -86.581293, 34.650305 ], [ -86.581877, 34.649981 ], [ -86.582999, 34.65059 ], [ -86.583567, 34.650603 ], [ -86.610575, 34.661631 ], [ -86.610014, 34.683412 ], [ -86.638938, 34.709067 ], [ -86.667038, 34.709764 ], [ -86.698486, 34.684052 ], [ -86.699937, 34.640153 ], [ -86.717665, 34.64044 ], [ -86.744334, 34.636494 ], [ -86.744282, 34.640629 ], [ -86.749076, 34.593862 ], [ -86.782364, 34.588051 ], [ -86.789554, 34.567991 ] ], [ [ -86.492393, 34.602238 ], [ -86.491447, 34.605542 ], [ -86.490335, 34.605527 ], [ -86.492393, 34.602238 ] ] ], [ [ [ -86.448032, 34.693081 ], [ -86.446666, 34.68769 ], [ -86.445946, 34.687355 ], [ -86.448032, 34.693081 ] ] ], [ [ [ -86.484096, 34.657062 ], [ -86.48288, 34.656419 ], [ -86.482934, 34.655579 ], [ -86.475119, 34.652761 ], [ -86.476291, 34.660024 ], [ -86.476762, 34.660022 ], [ -86.484096, 34.657062 ] ] ], [ [ [ -86.488393, 34.715191 ], [ -86.483586, 34.714062 ], [ -86.483575, 34.71504 ], [ -86.487635, 34.715159 ], [ -86.487636, 34.715733 ], [ -86.488395, 34.715279 ], [ -86.488393, 34.715191 ] ] ], [ [ [ -86.505959, 34.675928 ], [ -86.506923, 34.67502 ], [ -86.505203, 34.67498 ], [ -86.505325, 34.675927 ], [ -86.505959, 34.675928 ] ] ], [ [ [ -86.498985, 34.634042 ], [ -86.498572, 34.632923 ], [ -86.498566, 34.63336 ], [ -86.498511, 34.633904 ], [ -86.498985, 34.634042 ] ] ], [ [ [ -86.49532, 34.662687 ], [ -86.490513, 34.648287 ], [ -86.490529, 34.64851 ], [ -86.49532, 34.662687 ] ] ], [ [ [ -86.563446, 34.772858 ], [ -86.567942, 34.770701 ], [ -86.564611, 34.770604 ], [ -86.562916, 34.77287 ], [ -86.563446, 34.772858 ] ] ] ] } },
{ "type": "Feature", "properties": { "geo_id": "0102250", "geo_name": "Marengo County School District", "geo_level": "school_district", "year": 2021 }, "geometry": { "type": "Polygon", "coordinates": [ [ [ -88.009564, 32.195452 ], [ -88.021369, 32.14495 ], [ -88.035812, 32.14501 ], [ -88.052203, 32.10177 ], [ -88.044715, 32.082256 ], [ -88.070615, 32.0617 ], [ -88.114087, 32.058056 ], [ -88.117433, 32.01682 ], [ -88.095071, 31.993078 ], [ -88.07349, 31.990182 ], [ -87.816852, 31.990526 ], [ -87.667769, 31.991355 ], [ -87.622756, 32.005482 ], [ -87.624005, 32.132345 ], [ -87.521946, 32.132816 ], [ -87.523405, 32.25483 ], [ -87.472206, 32.264919 ], [ -87.47308, 32.307614 ], [ -87.52429, 32.307293 ], [ -87.524485, 32.482028 ], [ -87.674479, 32.480866 ], [ -87.694239, 32.4807 ], [ -87.728774, 32.498759 ], [ -87.728775, 32.499938 ], [ -87.728521, 32.524532 ], [ -87.80799, 32.524532 ], [ -87.764745, 32.510278 ], [ -87.780322, 32.483102 ], [ -87.881425, 32.481923 ], [ -87.879942, 32.519748 ], [ -87.823576, 32.524377 ], [ -87.85342, 32.532086 ], [ -87.85268, 32.515203 ], [ -87.901264, 32.523172 ], [ -87.945065, 32.491251 ], [ -87.956211, 32.470405 ], [ -88.031623, 32.43361 ], [ -88.046335, 32.377087 ], [ -88.019476, 32.370461 ], [ -87.993862, 32.34723 ], [ -87.970943, 32.344347 ], [ -87.930661, 32.310574 ], [ -87.9297, 32.292516 ], [ -87.890552, 32.289232 ], [ -87.868833, 32.313791 ], [ -87.895473, 32.387009 ], [ -87.862338, 32.418543 ], [ -87.813072, 32.440734 ], [ -87.713224, 32.44455 ], [ -87.694208, 32.396006 ], [ -87.703972, 32.342281 ], [ -87.738455, 32.277315 ], [ -87.732345, 32.245074 ], [ -87.747221, 32.235512 ], [ -87.782361, 32.171843 ], [ -87.790512, 32.137921 ], [ -87.81325, 32.139001 ], [ -87.832094, 32.169123 ], [ -87.880148, 32.190489 ], [ -87.902825, 32.188963 ], [ -87.941354, 32.215221 ], [ -87.973335, 32.219915 ], [ -88.009564, 32.195452 ] ] ] } },
{ "type": "Feature", "properties": { "geo_id": "0102310", "geo_name": "Marion County School District", "geo_level": "school_district", "year": 2021 }, "geometry": { "type": "MultiPolygon", "coordinates": [ [ [ [ -87.635949, 33.929429 ], [ -87.715118, 33.927162 ], [ -87.73602, 33.91476 ], [ -87.635932, 33.915251 ], [ -87.635949, 33.929429 ] ] ], [ [ [ -88.203864, 34.086564 ], [ -88.207229, 34.058333 ], [ -87.98693, 34.052102 ], [ -87.98743, 34.022903 ], [ -87.951929, 34.022202 ], [ -87.951785, 33.91993 ], [ -87.914675, 33.919445 ], [ -87.871386, 33.922143 ], [ -87.854662, 33.948084 ], [ -87.852563, 33.979377 ], [ -87.790246, 33.9629 ], [ -87.722523, 33.970256 ], [ -87.688745, 33.93178 ], [ -87.635952, 33.932248 ], [ -87.636118, 34.002203 ], [ -87.635898, 34.14242 ], [ -87.634725, 34.306997 ], [ -87.939933, 34.313196 ], [ -88.173632, 34.321054 ], [ -88.203864, 34.086564 ] ] ] ] } },
{ "type": "Feature", "properties": { "geo_id": "0102350", "geo_name": "Midfield City School District", "geo_level": "school_district", "year": 2021 }, "geometry": { "type": "Polygon", "coordinates": [ [ [ -86.939138, 33.464674 ], [ -86.922555, 33.447912 ], [ -86.920636, 33.4499 ], [ -86.909168, 33.445928 ], [ -86.907863, 33.446827 ], [ -86.907788, 33.446796 ], [ -86.901001, 33.450438 ], [ -86.900896, 33.450519 ], [ -86.90482, 33.471732 ], [ -86.938966, 33.460976 ], [ -86.93913, 33.460978 ], [ -86.939915, 33.462723 ], [ -86.94056, 33.463545 ], [ -86.939138, 33.464674 ] ] ] } },
{ "type": "Feature", "properties": { "geo_id": "0102370", "geo_name": "Mobile County School District", "geo_level": "school_district", "year": 2021 }, "geometry": { "type": "MultiPolygon", "coordinates": [ [ [ [ -88.077355, 30.890955 ], [ -88.107209, 30.888034 ], [ -88.089883, 30.847753 ], [ -88.079361, 30.887811 ], [ -88.078622, 30.889631 ], [ -88.077355, 30.890955 ] ] ], [ [ [ -88.432007, 31.114298 ], [ -88.425432, 30.998323 ], [ -88.412612, 30.73559 ], [ -88.403656, 30.544933 ], [ -88.384431, 30.158543 ], [ -88.347719, 30.190088 ], [ -88.310302, 30.177816 ], [ -88.277939, 30.180071 ], [ -88.162022, 30.200093 ], [ -88.13161, 30.173621 ], [ -88.060689, 30.144425 ], [ -88.037309, 30.146561 ], [ -88.037112, 30.222433 ], [ -88.000842, 30.53108 ], [ -87.990765, 30.544737 ], [ -87.987839, 30.637149 ], [ -88.000997, 30.698289 ], [ -88.026319, 30.753358 ], [ -88.022198, 30.774487 ], [ -87.990601, 30.794155 ], [ -87.987065, 30.811445 ], [ -87.944546, 30.827046 ], [ -87.954476, 30.849408 ], [ -87.980971, 30.86187 ], [ -87.979688, 30.888993 ], [ -87.949901, 30.926652 ], [ -87.92429, 30.935405 ], [ -87.943552, 30.961773 ], [ -87.963265, 30.966051 ], [ -87.957352, 31.029368 ], [ -87.941561, 31.061342 ], [ -87.975851, 31.082422 ], [ -87.946577, 31.121685 ], [ -87.939696, 31.145805 ], [ -87.972869, 31.162694 ], [ -87.98882, 31.173306 ], [ -88.022649, 31.144267 ], [ -88.329782, 31.143821 ], [ -88.329927, 31.114357 ], [ -88.432007, 31.114298 ] ], [ [ -88.090306, 30.790347 ], [ -88.114509, 30.792627 ], [ -88.123097, 30.822064 ], [ -88.149318, 30.840549 ], [ -88.128793, 30.887479 ], [ -88.136931, 30.920286 ], [ -88.090274, 30.909822 ], [ -88.079986, 30.880513 ], [ -88.039408, 30.847564 ], [ -88.055735, 30.837107 ], [ -88.056596, 30.801312 ], [ -88.072273, 30.782199 ], [ -88.075832, 30.756424 ], [ -88.100229, 30.761733 ], [ -88.090306, 30.790347 ] ] ] ] } },
{ "type": "Feature", "properties": { "geo_id": "0102400", "geo_name": "Monroe County School District", "geo_level": "school_district", "year": 2021 }, "geometry": { "type": "Polygon", "coordinates": [ [ [ -87.50093, 31.829251 ], [ -87.518363, 31.814386 ], [ -87.516131, 31.697824 ], [ -87.566841, 31.697115 ], [ -87.565413, 31.553573 ], [ -87.619844, 31.519049 ], [ -87.605064, 31.500162 ], [ -87.565708, 31.481683 ], [ -87.574727, 31.433827 ], [ -87.603137, 31.409556 ], [ -87.639649, 31.424768 ], [ -87.665572, 31.423166 ], [ -87.706045, 31.400957 ], [ -87.725837, 31.373741 ], [ -87.722758, 31.343621 ], [ -87.781681, 31.33333 ], [ -87.765152, 31.297346 ], [ -87.712365, 31.301132 ], [ -87.676419, 31.261992 ], [ -87.61589, 31.244458 ], [ -87.548993, 31.230041 ], [ -87.489206, 31.260076 ], [ -87.427455, 31.260386 ], [ -87.393206, 31.300853 ], [ -87.359763, 31.317747 ], [ -87.296721, 31.401278 ], [ -87.227797, 31.454363 ], [ -87.208551, 31.457285 ], [ -87.166581, 31.519561 ], [ -87.158925, 31.56614 ], [ -87.145126, 31.587168 ], [ -87.135051, 31.642417 ], [ -87.091352, 31.652263 ], [ -87.055967, 31.677381 ], [ -87.052284, 31.716761 ], [ -86.98932, 31.718562 ], [ -86.905899, 31.753035 ], [ -86.906899, 31.830628 ], [ -87.214084, 31.828498 ], [ -87.228283, 31.831418 ], [ -87.50093, 31.829251 ] ] ] } },
{ "type": "Feature", "properties": { "geo_id": "0102430", "geo_name": "Montgomery County School District", "geo_level": "school_district", "year": 2021 }, "geometry": { "type": "MultiPolygon", "coordinates": [ [ [ [ -85.963264, 32.273053 ], [ -85.961414, 32.273111 ], [ -85.96228, 32.275059 ], [ -85.963264, 32.273053 ] ] ], [ [ [ -86.496774, 32.344437 ], [ -86.473415, 32.324126 ], [ -86.48965, 32.293353 ], [ -86.408771, 32.244309 ], [ -86.406276, 32.050731 ], [ -86.303616, 32.051664 ], [ -86.302217, 31.965065 ], [ -86.191379, 31.966453 ], [ -85.995563, 31.967554 ], [ -85.996853, 32.051049 ], [ -85.999157, 32.250543 ], [ -85.964621, 32.27301 ], [ -85.96228, 32.275059 ], [ -85.959393, 32.273174 ], [ -85.919293, 32.274382 ], [ -85.954133, 32.301847 ], [ -85.959387, 32.324026 ], [ -85.989088, 32.33482 ], [ -86.014579, 32.38429 ], [ -86.023012, 32.419978 ], [ -86.046402, 32.406146 ], [ -86.086279, 32.42165 ], [ -86.116329, 32.417026 ], [ -86.198075, 32.45138 ], [ -86.237068, 32.49498 ], [ -86.307984, 32.467008 ], [ -86.319779, 32.419822 ], [ -86.34447, 32.432636 ], [ -86.398398, 32.426941 ], [ -86.411172, 32.409937 ], [ -86.444721, 32.399841 ], [ -86.496774, 32.344437 ] ], [ [ -86.376555, 32.393576 ], [ -86.352748, 32.396704 ], [ -86.333484, 32.376668 ], [ -86.371403, 32.368871 ], [ -86.376555, 32.393576 ] ], [ [ -86.121727, 32.352962 ], [ -86.091559, 32.352952 ], [ -86.084854, 32.328168 ], [ -86.123481, 32.321033 ], [ -86.114004, 32.32904 ], [ -86.116371, 32.341929 ], [ -86.121727, 32.352962 ] ], [ [ -86.128067, 32.340289 ], [ -86.128095, 32.342819 ], [ -86.12302, 32.346001 ], [ -86.128067, 32.340289 ] ], [ [ -86.051205, 32.302852 ], [ -86.063656, 32.275637 ], [ -86.085237, 32.279237 ], [ -86.081262, 32.310185 ], [ -86.046995, 32.340141 ], [ -86.025199, 32.318376 ], [ -86.051205, 32.302852 ] ] ] ] } },
{ "type": "Feature", "properties": { "geo_id": "0102480", "geo_name": "Morgan County School District", "geo_level": "school_district", "year": 2021 }, "geometry": { "type": "MultiPolygon", "coordinates": [ [ [ [ -86.972312, 34.612944 ], [ -86.956018, 34.600819 ], [ -86.956066, 34.599836 ], [ -86.957812, 34.599031 ], [ -86.958136, 34.598875 ], [ -86.95141, 34.592921 ], [ -86.950742, 34.593648 ], [ -86.907679, 34.579995 ], [ -86.972312, 34.612944 ] ] ], [ [ [ -86.982915, 34.532397 ], [ -86.980537, 34.532458 ], [ -86.980456, 34.535449 ], [ -86.982835, 34.535326 ], [ -86.982868, 34.534102 ], [ -86.982915, 34.532397 ] ] ], [ [ [ -87.105073, 34.686037 ], [ -87.105455, 34.649417 ], [ -87.087361, 34.670864 ], [ -87.105073, 34.686037 ] ] ], [ [ [ -87.105499, 34.635693 ], [ -87.110111, 34.313799 ], [ -86.854887, 34.308362 ], [ -86.581936, 34.304694 ], [ -86.58132, 34.371094 ], [ -86.550166, 34.545963 ], [ -86.577047, 34.580603 ], [ -86.614169, 34.577227 ], [ -86.646393, 34.548921 ], [ -86.66514, 34.552092 ], [ -86.689353, 34.586425 ], [ -86.721721, 34.582709 ], [ -86.753138, 34.555672 ], [ -86.790056, 34.55079 ], [ -86.838554, 34.556632 ], [ -86.906675, 34.579758 ], [ -86.916629, 34.551721 ], [ -86.920647, 34.549567 ], [ -86.920771, 34.544517 ], [ -86.918791, 34.544514 ], [ -86.916703, 34.545095 ], [ -86.915289, 34.545913 ], [ -86.904464, 34.50027 ], [ -86.927438, 34.494534 ], [ -86.947926, 34.515663 ], [ -87.054208, 34.517288 ], [ -87.053064, 34.565286 ], [ -87.070712, 34.583631 ], [ -87.03197, 34.602069 ], [ -87.038291, 34.637909 ], [ -87.036214, 34.637894 ], [ -87.069916, 34.637205 ], [ -87.069914, 34.634456 ], [ -87.074013, 34.634515 ], [ -87.105499, 34.635693 ] ], [ [ -87.034145, 34.632399 ], [ -87.034506, 34.63352 ], [ -87.034186, 34.633031 ], [ -87.034148, 34.632597 ], [ -87.034145, 34.632399 ] ], [ [ -86.984928, 34.423247 ], [ -86.968683, 34.446378 ], [ -86.905482, 34.465346 ], [ -86.899655, 34.431029 ], [ -86.929728, 34.398342 ], [ -86.984928, 34.423247 ] ] ], [ [ [ -86.992412, 34.442453 ], [ -86.998251, 34.440483 ], [ -86.993913, 34.441856 ], [ -86.992986, 34.441978 ], [ -86.992955, 34.442359 ], [ -86.992412, 34.442453 ] ] ] ] } },
{ "type": "Feature", "properties": { "geo_id": "0102490", "geo_name": "Mountain Brook City School District", "geo_level": "school_district", "year": 2021 }, "geometry": { "type": "MultiPolygon", "coordinates": [ [ [ [ -86.697182, 33.519562 ], [ -86.69666, 33.518174 ], [ -86.696176, 33.518603 ], [ -86.696088, 33.520743 ], [ -86.697182, 33.519562 ] ] ], [ [ [ -86.781364, 33.495971 ], [ -86.776405, 33.483189 ], [ -86.77673, 33.482344 ], [ -86.776776, 33.482344 ], [ -86.77679, 33.48158 ], [ -86.772355, 33.47719 ], [ -86.772215, 33.477173 ], [ -86.767601, 33.477867 ], [ -86.766299, 33.477497 ], [ -86.764115, 33.47579 ], [ -86.764383, 33.473022 ], [ -86.765275, 33.471975 ], [ -86.765683, 33.472045 ], [ -86.770069, 33.471839 ], [ -86.770192, 33.471674 ], [ -86.770154, 33.471469 ], [ -86.770183, 33.469353 ], [ -86.770694, 33.46834 ], [ -86.770221, 33.466409 ], [ -86.76901, 33.466084 ], [ -86.765896, 33.467766 ], [ -86.765526, 33.467933 ], [ -86.7624, 33.468189 ], [ -86.761685, 33.468173 ], [ -86.761688, 33.467868 ], [ -86.759701, 33.469689 ], [ -86.757946, 33.461481 ], [ -86.758649, 33.460762 ], [ -86.759425, 33.459629 ], [ -86.76184, 33.457225 ], [ -86.762336, 33.456595 ], [ -86.754958, 33.449752 ], [ -86.75682, 33.449042 ], [ -86.75729, 33.447219 ], [ -86.756002, 33.446107 ], [ -86.755452, 33.444934 ], [ -86.752746, 33.44605 ], [ -86.750653, 33.443318 ], [ -86.750648, 33.442271 ], [ -86.748318, 33.440841 ], [ -86.746543, 33.442228 ], [ -86.748427, 33.44572 ], [ -86.740858, 33.444753 ], [ -86.740358, 33.445329 ], [ -86.74055, 33.445772 ], [ -86.736898, 33.446594 ], [ -86.739344, 33.448839 ], [ -86.740458, 33.448909 ], [ -86.740228, 33.448394 ], [ -86.741267, 33.447361 ], [ -86.741085, 33.450186 ], [ -86.743935, 33.456478 ], [ -86.734006, 33.464005 ], [ -86.732272, 33.465361 ], [ -86.732333, 33.468534 ], [ -86.733414, 33.467555 ], [ -86.733922, 33.467416 ], [ -86.734059, 33.467912 ], [ -86.734493, 33.467848 ], [ -86.73558, 33.467554 ], [ -86.734494, 33.468176 ], [ -86.734494, 33.468333 ], [ -86.735586, 33.469572 ], [ -86.735587, 33.471299 ], [ -86.731225, 33.471261 ], [ -86.731221, 33.471137 ], [ -86.730662, 33.470953 ], [ -86.726673, 33.468082 ], [ -86.709619, 33.467068 ], [ -86.71336, 33.467698 ], [ -86.716767, 33.474464 ], [ -86.718064, 33.475072 ], [ -86.716894, 33.476749 ], [ -86.710279, 33.482219 ], [ -86.712603, 33.481845 ], [ -86.712726, 33.481797 ], [ -86.713739, 33.482028 ], [ -86.714504, 33.483632 ], [ -86.715515, 33.485684 ], [ -86.708986, 33.489076 ], [ -86.708986, 33.489216 ], [ -86.709007, 33.492699 ], [ -86.703617, 33.496165 ], [ -86.701517, 33.499311 ], [ -86.701302, 33.499634 ], [ -86.701405, 33.499703 ], [ -86.701382, 33.499926 ], [ -86.701344, 33.500271 ], [ -86.70298, 33.503408 ], [ -86.718275, 33.503757 ], [ -86.718629, 33.503534 ], [ -86.713829, 33.506483 ], [ -86.715159, 33.507061 ], [ -86.715878, 33.506915 ], [ -86.71319, 33.506878 ], [ -86.712876, 33.507058 ], [ -86.703287, 33.510236 ], [ -86.703274, 33.510717 ], [ -86.697499, 33.507599 ], [ -86.698251, 33.507458 ], [ -86.698832, 33.507724 ], [ -86.700427, 33.507336 ], [ -86.691693, 33.51046 ], [ -86.691711, 33.520974 ], [ -86.693708, 33.522203 ], [ -86.69261, 33.520358 ], [ -86.692613, 33.519452 ], [ -86.70068, 33.517951 ], [ -86.721571, 33.514831 ], [ -86.726, 33.514979 ], [ -86.726081, 33.514945 ], [ -86.726499, 33.514423 ], [ -86.73117, 33.510431 ], [ -86.731657, 33.508382 ], [ -86.739273, 33.5043 ], [ -86.739203, 33.504642 ], [ -86.739449, 33.507441 ], [ -86.739448, 33.508495 ], [ -86.748923, 33.511624 ], [ -86.749006, 33.51175 ], [ -86.749278, 33.512169 ], [ -86.749915, 33.511802 ], [ -86.759574, 33.50834 ], [ -86.76144, 33.50723 ], [ -86.761458, 33.507215 ], [ -86.763206, 33.506107 ], [ -86.763272, 33.506066 ], [ -86.765332, 33.50496 ], [ -86.766359, 33.504417 ], [ -86.770152, 33.501302 ], [ -86.780763, 33.496091 ], [ -86.781364, 33.495971 ] ], [ [ -86.753745, 33.462815 ], [ -86.755408, 33.462797 ], [ -86.754882, 33.463276 ], [ -86.754565, 33.462995 ], [ -86.754644, 33.46341 ], [ -86.754105, 33.463186 ], [ -86.753161, 33.464265 ], [ -86.752688, 33.464248 ], [ -86.753745, 33.462815 ] ], [ [ -86.748681, 33.457992 ], [ -86.749255, 33.460649 ], [ -86.747165, 33.460127 ], [ -86.746742, 33.457763 ], [ -86.747499, 33.456106 ], [ -86.748681, 33.457992 ] ] ] ] } },
{ "type": "Feature", "properties": { "geo_id": "0102520", "geo_name": "Muscle Shoals City School District", "geo_level": "school_district", "year": 2021 }, "geometry": { "type": "Polygon", "coordinates": [ [ [ -87.674642, 34.759536 ], [ -87.679157, 34.745026 ], [ -87.678496, 34.722747 ], [ -87.676591, 34.720745 ], [ -87.674755, 34.718816 ], [ -87.668008, 34.718163 ], [ -87.667983, 34.716742 ], [ -87.66782, 34.713936 ], [ -87.667794, 34.713281 ], [ -87.666995, 34.71164 ], [ -87.667725, 34.711338 ], [ -87.6666, 34.705251 ], [ -87.664692, 34.705776 ], [ -87.625884, 34.709585 ], [ -87.610103, 34.729374 ], [ -87.616963, 34.772981 ], [ -87.607673, 34.791604 ], [ -87.667504, 34.760732 ], [ -87.66753, 34.760391 ], [ -87.674642, 34.759536 ] ] ] } },
{ "type": "Feature", "properties": { "geo_id": "0102550", "geo_name": "Oneonta City School District", "geo_level": "school_district", "year": 2021 }, "geometry": { "type": "Polygon", "coordinates": [ [ [ -86.582702, 33.882215 ], [ -86.542597, 33.910586 ], [ -86.502404, 33.924491 ], [ -86.446514, 33.925137 ], [ -86.446376, 33.974669 ], [ -86.498475, 33.97659 ], [ -86.498725, 33.925081 ], [ -86.551121, 33.925294 ], [ -86.582702, 33.882215 ] ] ] } },
{ "type": "Feature", "properties": { "geo_id": "0102580", "geo_name": "Opelika City School District", "geo_level": "school_district", "year": 2021 }, "geometry": { "type": "Polygon", "coordinates": [ [ [ -85.417804, 32.722145 ], [ -85.456847, 32.711505 ], [ -85.456981, 32.668421 ], [ -85.472691, 32.664879 ], [ -85.457164, 32.659415 ], [ -85.451787, 32.660269 ], [ -85.45178, 32.65347 ], [ -85.439458, 32.643115 ], [ -85.443888, 32.643115 ], [ -85.445304, 32.640904 ], [ -85.438953, 32.614378 ], [ -85.413367, 32.596605 ], [ -85.39674, 32.611583 ], [ -85.360299, 32.595592 ], [ -85.324472, 32.600236 ], [ -85.32424, 32.636637 ], [ -85.311384, 32.665677 ], [ -85.30707, 32.661737 ], [ -85.315972, 32.695942 ], [ -85.285002, 32.739164 ], [ -85.30918, 32.730731 ], [ -85.319763, 32.716153 ], [ -85.379005, 32.716364 ], [ -85.391097, 32.727644 ], [ -85.417806, 32.722008 ], [ -85.417804, 32.722145 ] ] ] } },
{ "type": "Feature", "properties": { "geo_id": "0102610", "geo_name": "Opp City School District", "geo_level": "school_district", "year": 2021 }, "geometry": { "type": "Polygon", "coordinates": [ [ [ -86.313948, 31.270309 ], [ -86.271312, 31.244724 ], [ -86.234692, 31.244783 ], [ -86.210724, 31.261807 ], [ -86.211305, 31.301478 ], [ -86.252172, 31.311509 ], [ -86.270388, 31.326564 ], [ -86.313948, 31.270309 ] ] ] } },
{ "type": "Feature", "properties": { "geo_id": "0102635", "geo_name": "Oxford City School District", "geo_level": "school_district", "year": 2021 }, "geometry": { "type": "Polygon", "coordinates": [ [ [ -86.021587, 33.601163 ], [ -86.021549, 33.599721 ], [ -86.020558, 33.598068 ], [ -85.994935, 33.586475 ], [ -85.951822, 33.585831 ], [ -85.948416, 33.5858 ], [ -85.847705, 33.586 ], [ -85.855547, 33.568714 ], [ -85.796054, 33.55622 ], [ -85.744118, 33.556075 ], [ -85.7423, 33.600006 ], [ -85.759959, 33.632322 ], [ -85.786196, 33.622039 ], [ -85.790541, 33.622079 ], [ -85.803587, 33.616192 ], [ -85.807064, 33.616099 ], [ -85.807679, 33.61618 ], [ -85.807564, 33.617915 ], [ -85.80754, 33.618287 ], [ -85.808372, 33.618284 ], [ -85.819682, 33.62434 ], [ -85.825347, 33.625588 ], [ -85.84742, 33.622495 ], [ -85.850378, 33.622533 ], [ -85.851959, 33.622556 ], [ -85.855989, 33.62255 ], [ -85.859521, 33.620258 ], [ -85.864787, 33.616949 ], [ -85.864984, 33.615178 ], [ -85.881918, 33.603839 ], [ -85.885998, 33.601711 ], [ -85.886923, 33.600423 ], [ -85.912402, 33.600471 ], [ -85.91696, 33.600443 ], [ -85.929241, 33.608254 ], [ -85.929058, 33.608241 ], [ -85.913469, 33.62125 ], [ -85.925151, 33.625877 ], [ -86.021587, 33.601163 ] ] ] } },
{ "type": "Feature", "properties": { "geo_id": "0102640", "geo_name": "Ozark City School District", "geo_level": "school_district", "year": 2021 }, "geometry": { "type": "Polygon", "coordinates": [ [ [ -85.759103, 31.48379 ], [ -85.759878, 31.469358 ], [ -85.713572, 31.458233 ], [ -85.705264, 31.429154 ], [ -85.679211, 31.415838 ], [ -85.700783, 31.384907 ], [ -85.662703, 31.38464 ], [ -85.61573, 31.3624 ], [ -85.613796, 31.384311 ], [ -85.564838, 31.378915 ], [ -85.543273, 31.392393 ], [ -85.546849, 31.420148 ], [ -85.573938, 31.428977 ], [ -85.605495, 31.461411 ], [ -85.601054, 31.502607 ], [ -85.639953, 31.502771 ], [ -85.659143, 31.517284 ], [ -85.711026, 31.49262 ], [ -85.759103, 31.48379 ] ] ] } },
{ "type": "Feature", "properties": { "geo_id": "0102650", "geo_name": "Pell City City School District", "geo_level": "school_district", "year": 2021 }, "geometry": { "type": "Polygon", "coordinates": [ [ [ -86.481551, 33.545808 ], [ -86.481939, 33.502544 ], [ -86.378222, 33.502411 ], [ -86.378665, 33.390983 ], [ -86.347802, 33.409686 ], [ -86.307327, 33.454532 ], [ -86.286344, 33.504489 ], [ -86.253259, 33.488844 ], [ -86.226579, 33.52055 ], [ -86.189812, 33.547238 ], [ -86.221017, 33.587919 ], [ -86.16948, 33.619236 ], [ -86.172437, 33.659831 ], [ -86.204983, 33.682694 ], [ -86.21819, 33.643734 ], [ -86.238794, 33.643501 ], [ -86.278241, 33.670202 ], [ -86.304761, 33.653819 ], [ -86.368561, 33.653624 ], [ -86.367284, 33.61536 ], [ -86.383841, 33.599119 ], [ -86.447435, 33.589453 ], [ -86.453424, 33.546312 ], [ -86.481551, 33.545808 ] ] ] } },
{ "type": "Feature", "properties": { "geo_id": "0102670", "geo_name": "Perry County School District", "geo_level": "school_district", "year": 2021 }, "geometry": { "type": "Polygon", "coordinates": [ [ [ -87.524485, 32.482028 ], [ -87.52429, 32.307293 ], [ -87.47308, 32.307614 ], [ -87.421744, 32.308101 ], [ -87.423153, 32.482965 ], [ -87.233798, 32.484372 ], [ -87.112362, 32.48865 ], [ -87.089967, 32.534416 ], [ -87.081298, 32.570475 ], [ -87.041158, 32.597892 ], [ -87.047873, 32.620776 ], [ -87.030762, 32.674554 ], [ -87.033255, 32.695844 ], [ -87.017762, 32.729532 ], [ -87.019157, 32.837034 ], [ -87.223663, 32.835149 ], [ -87.319184, 32.831522 ], [ -87.319473, 32.875124 ], [ -87.4212, 32.874508 ], [ -87.421387, 32.830829 ], [ -87.472174, 32.83062 ], [ -87.473915, 32.655867 ], [ -87.525198, 32.655713 ], [ -87.524485, 32.482028 ] ] ] } },
{ "type": "Feature", "properties": { "geo_id": "0102700", "geo_name": "Phenix City City School District", "geo_level": "school_district", "year": 2021 }, "geometry": { "type": "MultiPolygon", "coordinates": [ [ [ [ -85.086953, 32.472278 ], [ -85.072099, 32.472641 ], [ -85.060013, 32.487987 ], [ -85.047381, 32.477751 ], [ -85.0502, 32.432989 ], [ -85.038862, 32.4242 ], [ -85.067801, 32.388244 ], [ -85.040709, 32.420607 ], [ -84.963222, 32.423428 ], [ -84.99353, 32.450743 ], [ -85.00102, 32.510157 ], [ -85.00131, 32.512845 ], [ -85.001324, 32.512973 ], [ -85.001532, 32.514741 ], [ -85.026572, 32.529809 ], [ -85.026531, 32.524166 ], [ -85.046236, 32.512884 ], [ -85.046622, 32.514167 ], [ -85.062627, 32.530452 ], [ -85.070452, 32.530298 ], [ -85.077335, 32.525206 ], [ -85.077648, 32.523877 ], [ -85.07732, 32.523464 ], [ -85.075902, 32.523496 ], [ -85.071216, 32.521186 ], [ -85.068188, 32.520687 ], [ -85.051146, 32.509346 ], [ -85.048513, 32.487969 ], [ -85.048551, 32.48954 ], [ -85.051534, 32.493129 ], [ -85.052631, 32.487378 ], [ -85.060203, 32.491822 ], [ -85.086953, 32.472278 ] ] ], [ [ [ -85.020139, 32.509822 ], [ -85.018388, 32.509834 ], [ -85.018683, 32.509831 ], [ -85.019265, 32.509831 ], [ -85.020139, 32.509822 ] ] ] ] } },
{ "type": "Feature", "properties": { "geo_id": "0102730", "geo_name": "Pickens County School District", "geo_level": "school_district", "year": 2021 }, "geometry": { "type": "Polygon", "coordinates": [ [ [ -88.304434, 33.28832 ], [ -88.340432, 32.991199 ], [ -88.171852, 32.99586 ], [ -88.135579, 33.03656 ], [ -88.086075, 33.036247 ], [ -88.03148, 33.061284 ], [ -87.968838, 33.077641 ], [ -87.927146, 33.121104 ], [ -87.85494, 33.14119 ], [ -87.837521, 33.153637 ], [ -87.838228, 33.409267 ], [ -87.840683, 33.524839 ], [ -87.946519, 33.524065 ], [ -88.274619, 33.534008 ], [ -88.304434, 33.28832 ] ] ] } },
{ "type": "Feature", "properties": { "geo_id": "0102760", "geo_name": "Piedmont City School District", "geo_level": "school_district", "year": 2021 }, "geometry": { "type": "Polygon", "coordinates": [ [ [ -85.654015, 33.963442 ], [ -85.664725, 33.912483 ], [ -85.660928, 33.877588 ], [ -85.637012, 33.875273 ], [ -85.381041, 33.873477 ], [ -85.398837, 33.964129 ], [ -85.425627, 33.957069 ], [ -85.529432, 33.95598 ], [ -85.654015, 33.963442 ] ] ] } },
{ "type": "Feature", "properties": { "geo_id": "0102790", "geo_name": "Pike County School District", "geo_level": "school_district", "year": 2021 }, "geometry": { "type": "Polygon", "coordinates": [ [ [ -86.191379, 31.966453 ], [ -86.174969, 31.930597 ], [ -86.173145, 31.891814 ], [ -86.182949, 31.83239 ], [ -86.199378, 31.79045 ], [ -86.148339, 31.790951 ], [ -86.147147, 31.66315 ], [ -86.179697, 31.627382 ], [ -86.145895, 31.617741 ], [ -85.999948, 31.619311 ], [ -85.789142, 31.617964 ], [ -85.748251, 31.618048 ], [ -85.716961, 31.655071 ], [ -85.717383, 31.690818 ], [ -85.700723, 31.742387 ], [ -85.671247, 31.76094 ], [ -85.662692, 31.783319 ], [ -85.677672, 31.852244 ], [ -85.657668, 31.880275 ], [ -85.791047, 31.880357 ], [ -85.790048, 31.967254 ], [ -85.88435, 31.967253 ], [ -85.892651, 31.989053 ], [ -85.893652, 32.047351 ], [ -85.911755, 32.054752 ], [ -85.996853, 32.051049 ], [ -85.995563, 31.967554 ], [ -86.191379, 31.966453 ] ], [ [ -85.956494, 31.764209 ], [ -86.020046, 31.763893 ], [ -85.998602, 31.797777 ], [ -86.010686, 31.833012 ], [ -85.978523, 31.826897 ], [ -85.960395, 31.843584 ], [ -85.922462, 31.843727 ], [ -85.900419, 31.789317 ], [ -85.934683, 31.785724 ], [ -85.956494, 31.764209 ] ] ] } },
{ "type": "Feature", "properties": { "geo_id": "0102820", "geo_name": "Randolph County School District", "geo_level": "school_district", "year": 2021 }, "geometry": { "type": "Polygon", "coordinates": [ [ [ -85.643482, 33.495885 ], [ -85.65308, 33.212117 ], [ -85.653654, 33.106634 ], [ -85.593177, 33.10734 ], [ -85.411829, 33.108717 ], [ -85.403488, 33.118378 ], [ -85.403151, 33.178451 ], [ -85.345243, 33.182361 ], [ -85.333069, 33.178388 ], [ -85.333972, 33.112586 ], [ -85.394605, 33.108598 ], [ -85.232378, 33.108077 ], [ -85.304439, 33.482884 ], [ -85.331061, 33.491014 ], [ -85.468442, 33.494543 ], [ -85.643482, 33.495885 ] ] ] } },
{ "type": "Feature", "properties": { "geo_id": "0102850", "geo_name": "Roanoke City School District", "geo_level": "school_district", "year": 2021 }, "geometry": { "type": "Polygon", "coordinates": [ [ [ -85.403488, 33.118378 ], [ -85.411829, 33.108717 ], [ -85.402678, 33.108617 ], [ -85.398389, 33.108598 ], [ -85.394605, 33.108598 ], [ -85.333972, 33.112586 ], [ -85.333069, 33.178388 ], [ -85.345243, 33.182361 ], [ -85.403151, 33.178451 ], [ -85.403488, 33.118378 ] ] ] } },
{ "type": "Feature", "properties": { "geo_id": "0102880", "geo_name": "Russell County School District", "geo_level": "school_district", "year": 2021 }, "geometry": { "type": "MultiPolygon", "coordinates": [ [ [ [ -85.051146, 32.509346 ], [ -85.060508, 32.498722 ], [ -85.06032, 32.494903 ], [ -85.060203, 32.491822 ], [ -85.052631, 32.487378 ], [ -85.051534, 32.493129 ], [ -85.048551, 32.48954 ], [ -85.048513, 32.487969 ], [ -85.051146, 32.509346 ] ] ], [ [ [ -85.434045, 32.40984 ], [ -85.433543, 32.234648 ], [ -85.427441, 32.146551 ], [ -85.410241, 32.146651 ], [ -85.257747, 32.148251 ], [ -85.245495, 32.119143 ], [ -85.208799, 32.092815 ], [ -85.185067, 32.061708 ], [ -85.056029, 32.063055 ], [ -85.045063, 32.088063 ], [ -85.06206, 32.132486 ], [ -85.009224, 32.181646 ], [ -84.963728, 32.195852 ], [ -84.973328, 32.21765 ], [ -84.930727, 32.21895 ], [ -84.901191, 32.258374 ], [ -84.9338, 32.29826 ], [ -85.002791, 32.322428 ], [ -85.004582, 32.345196 ], [ -84.983866, 32.362386 ], [ -84.979431, 32.412244 ], [ -84.963222, 32.423428 ], [ -85.040709, 32.420607 ], [ -85.067801, 32.388244 ], [ -85.038862, 32.4242 ], [ -85.0502, 32.432989 ], [ -85.047381, 32.477751 ], [ -85.060013, 32.487987 ], [ -85.072099, 32.472641 ], [ -85.086953, 32.472278 ], [ -85.08908, 32.47217 ], [ -85.093812, 32.472056 ], [ -85.333843, 32.468639 ], [ -85.330143, 32.410842 ], [ -85.434045, 32.40984 ] ] ] ] } },
{ "type": "Feature", "properties": { "geo_id": "0102910", "geo_name": "Russellville City School District", "geo_level": "school_district", "year": 2021 }, "geometry": { "type": "Polygon", "coordinates": [ [ [ -87.75089, 34.530998 ], [ -87.75889, 34.484606 ], [ -87.733257, 34.460378 ], [ -87.712534, 34.461841 ], [ -87.737297, 34.472902 ], [ -87.741779, 34.473003 ], [ -87.736661, 34.476877 ], [ -87.736243, 34.476874 ], [ -87.708702, 34.483403 ], [ -87.714679, 34.531006 ], [ -87.715969, 34.533606 ], [ -87.706591, 34.538171 ], [ -87.706175, 34.537595 ], [ -87.740219, 34.54243 ], [ -87.75089, 34.530998 ] ] ] } },
{ "type": "Feature", "properties": { "geo_id": "0102940", "geo_name": "Scottsboro City School District", "geo_level": "school_district", "year": 2021 }, "geometry": { "type": "Polygon", "coordinates": [ [ [ -86.028074, 34.711468 ], [ -86.051195, 34.69381 ], [ -86.112389, 34.683042 ], [ -86.112626, 34.6132 ], [ -86.099958, 34.573474 ], [ -86.065774, 34.569107 ], [ -85.957067, 34.660911 ], [ -85.982767, 34.677245 ], [ -85.99072, 34.711575 ], [ -86.028074, 34.711468 ] ] ] } },
{ "type": "Feature", "properties": { "geo_id": "0102970", "geo_name": "Selma City School District", "geo_level": "school_district", "year": 2021 }, "geometry": { "type": "Polygon", "coordinates": [ [ [ -87.011352, 32.402946 ], [ -87.017932, 32.444148 ], [ -87.049726, 32.443814 ], [ -87.06476, 32.390177 ], [ -87.011805, 32.403263 ], [ -87.011352, 32.402946 ] ] ] } },
{ "type": "Feature", "properties": { "geo_id": "0103000", "geo_name": "Sheffield City School District", "geo_level": "school_district", "year": 2021 }, "geometry": { "type": "Polygon", "coordinates": [ [ [ -87.741104, 34.735044 ], [ -87.679157, 34.745026 ], [ -87.674642, 34.759536 ], [ -87.66753, 34.760391 ], [ -87.667504, 34.760732 ], [ -87.673331, 34.780517 ], [ -87.712129, 34.766817 ], [ -87.741104, 34.735044 ] ] ] } },
{ "type": "Feature", "properties": { "geo_id": "0103030", "geo_name": "Shelby County School District", "geo_level": "school_district", "year": 2021 }, "geometry": { "type": "MultiPolygon", "coordinates": [ [ [ [ -86.630448, 33.466808 ], [ -86.626361, 33.463155 ], [ -86.626359, 33.466809 ], [ -86.630448, 33.466808 ] ] ], [ [ [ -86.750712, 33.417174 ], [ -86.750202, 33.416601 ], [ -86.750717, 33.416083 ], [ -86.750113, 33.4166 ], [ -86.750164, 33.416637 ], [ -86.749985, 33.416886 ], [ -86.748922, 33.417112 ], [ -86.749206, 33.417122 ], [ -86.749878, 33.417145 ], [ -86.750712, 33.417174 ] ] ], [ [ [ -86.75118, 33.41279 ], [ -86.727722, 33.416432 ], [ -86.742182, 33.416886 ], [ -86.75118, 33.41279 ] ] ], [ [ [ -86.752348, 33.41542 ], [ -86.75235, 33.414834 ], [ -86.751501, 33.415429 ], [ -86.752347, 33.415509 ], [ -86.752348, 33.41542 ] ] ], [ [ [ -86.812743, 33.363615 ], [ -86.813342, 33.363464 ], [ -86.813339, 33.363073 ], [ -86.797824, 33.36731 ], [ -86.812743, 33.363615 ] ] ], [ [ [ -86.805167, 33.195542 ], [ -86.817896, 33.199555 ], [ -86.817598, 33.199488 ], [ -86.817527, 33.198176 ], [ -86.818226, 33.197532 ], [ -86.818171, 33.193029 ], [ -86.812058, 33.185507 ], [ -86.804663, 33.183829 ], [ -86.804468, 33.185175 ], [ -86.804244, 33.194943 ], [ -86.805167, 33.195542 ] ] ], [ [ [ -86.830632, 33.338407 ], [ -86.830641, 33.337341 ], [ -86.825776, 33.348205 ], [ -86.830595, 33.342803 ], [ -86.830596, 33.342702 ], [ -86.830632, 33.338407 ] ] ], [ [ [ -86.882531, 33.328043 ], [ -86.870712, 33.332758 ], [ -86.875087, 33.332839 ], [ -86.882525, 33.328415 ], [ -86.882531, 33.328043 ] ] ], [ [ [ -86.896485, 33.315052 ], [ -86.899748, 33.313113 ], [ -86.899743, 33.311498 ], [ -86.895563, 33.316434 ], [ -86.896485, 33.315052 ] ] ], [ [ [ -87.026846, 33.246459 ], [ -87.025596, 33.165795 ], [ -86.969563, 33.158135 ], [ -86.969291, 33.098397 ], [ -86.933972, 33.064059 ], [ -86.881182, 33.049901 ], [ -86.881638, 33.071861 ], [ -86.791075, 33.069027 ], [ -86.610003, 33.070003 ], [ -86.604032, 33.055086 ], [ -86.552759, 33.018664 ], [ -86.517344, 33.020566 ], [ -86.512106, 33.085876 ], [ -86.491029, 33.102944 ], [ -86.459926, 33.125117 ], [ -86.503127, 33.179144 ], [ -86.486144, 33.201867 ], [ -86.460978, 33.20293 ], [ -86.458026, 33.241434 ], [ -86.35734, 33.296917 ], [ -86.368108, 33.34167 ], [ -86.352857, 33.372537 ], [ -86.378665, 33.390983 ], [ -86.378222, 33.502411 ], [ -86.481939, 33.502544 ], [ -86.481551, 33.545808 ], [ -86.507977, 33.546058 ], [ -86.517199, 33.524136 ], [ -86.543279, 33.521113 ], [ -86.551793, 33.51745 ], [ -86.560624, 33.517512 ], [ -86.565013, 33.510616 ], [ -86.574112, 33.503256 ], [ -86.587012, 33.496073 ], [ -86.587065, 33.492352 ], [ -86.595701, 33.481482 ], [ -86.59581, 33.481482 ], [ -86.604585, 33.474179 ], [ -86.604626, 33.467127 ], [ -86.630617, 33.415862 ], [ -86.660612, 33.409137 ], [ -86.677639, 33.422728 ], [ -86.704581, 33.43044 ], [ -86.705919, 33.430469 ], [ -86.704712, 33.425666 ], [ -86.721953, 33.387257 ], [ -86.769863, 33.388533 ], [ -86.77289, 33.388607 ], [ -86.77467, 33.388649 ], [ -86.778388, 33.386924 ], [ -86.778388, 33.386316 ], [ -86.778543, 33.37114 ], [ -86.782857, 33.345143 ], [ -86.752518, 33.337024 ], [ -86.722146, 33.358081 ], [ -86.714873, 33.364309 ], [ -86.691607, 33.342625 ], [ -86.722329, 33.325135 ], [ -86.713698, 33.292316 ], [ -86.713957, 33.292218 ], [ -86.714651, 33.292076 ], [ -86.716832, 33.292108 ], [ -86.744359, 33.263761 ], [ -86.787495, 33.243158 ], [ -86.761654, 33.227766 ], [ -86.770179, 33.228961 ], [ -86.782148, 33.20755 ], [ -86.761466, 33.190859 ], [ -86.765967, 33.191017 ], [ -86.765819, 33.190497 ], [ -86.76435, 33.187257 ], [ -86.752557, 33.186856 ], [ -86.805907, 33.171222 ], [ -86.807476, 33.170295 ], [ -86.866175, 33.190499 ], [ -86.87439, 33.230697 ], [ -86.823965, 33.271757 ], [ -86.83069, 33.331798 ], [ -86.835121, 33.332082 ], [ -86.839232, 33.332158 ], [ -86.876974, 33.30127 ], [ -86.900071, 33.307763 ], [ -86.900911, 33.307755 ], [ -86.903439, 33.307732 ], [ -86.921959, 33.296529 ], [ -86.926151, 33.289397 ], [ -86.969575, 33.267474 ], [ -86.982887, 33.246007 ], [ -87.026846, 33.246459 ] ], [ [ -86.862023, 33.228565 ], [ -86.87439, 33.230697 ], [ -86.862226, 33.228711 ], [ -86.862152, 33.228638 ], [ -86.862136, 33.228607 ], [ -86.862131, 33.228585 ], [ -86.862138, 33.228547 ], [ -86.862576, 33.228343 ], [ -86.862665, 33.228239 ], [ -86.862839, 33.225734 ], [ -86.862265, 33.228327 ], [ -86.862017, 33.228539 ], [ -86.862023, 33.228565 ] ] ] ] } },
{ "type": "Feature", "properties": { "geo_id": "0103062", "geo_name": "St. Clair County School District", "geo_level": "school_district", "year": 2021 }, "geometry": { "type": "Polygon", "coordinates": [ [ [ -86.325622, 33.940147 ], [ -86.346233, 33.915573 ], [ -86.339338, 33.894843 ], [ -86.405981, 33.835896 ], [ -86.521771, 33.801901 ], [ -86.577528, 33.801977 ], [ -86.577799, 33.765316 ], [ -86.542758, 33.765154 ], [ -86.542642, 33.735636 ], [ -86.52503, 33.71131 ], [ -86.525273, 33.702743 ], [ -86.525393, 33.670261 ], [ -86.516189, 33.640711 ], [ -86.520934, 33.640937 ], [ -86.521417, 33.63739 ], [ -86.519896, 33.637352 ], [ -86.520356, 33.631273 ], [ -86.521861, 33.628248 ], [ -86.533686, 33.634382 ], [ -86.551473, 33.60776 ], [ -86.551544, 33.594428 ], [ -86.551581, 33.590319 ], [ -86.551917, 33.566247 ], [ -86.512622, 33.557639 ], [ -86.507977, 33.546058 ], [ -86.481551, 33.545808 ], [ -86.453424, 33.546312 ], [ -86.447435, 33.589453 ], [ -86.383841, 33.599119 ], [ -86.367284, 33.61536 ], [ -86.368561, 33.653624 ], [ -86.304761, 33.653819 ], [ -86.278241, 33.670202 ], [ -86.238794, 33.643501 ], [ -86.21819, 33.643734 ], [ -86.204983, 33.682694 ], [ -86.145562, 33.679098 ], [ -86.137396, 33.715351 ], [ -86.043993, 33.763595 ], [ -86.064364, 33.797775 ], [ -86.051439, 33.824134 ], [ -86.065272, 33.842198 ], [ -86.096668, 33.861365 ], [ -86.119099, 33.900145 ], [ -86.141963, 33.903981 ], [ -86.166708, 33.9282 ], [ -86.168141, 33.965181 ], [ -86.215525, 33.987421 ], [ -86.246658, 33.971544 ], [ -86.290127, 33.983719 ], [ -86.325622, 33.940147 ] ] ] } },
{ "type": "Feature", "properties": { "geo_id": "0103090", "geo_name": "Sumter County School District", "geo_level": "school_district", "year": 2021 }, "geometry": { "type": "Polygon", "coordinates": [ [ [ -88.388797, 32.578123 ], [ -88.421453, 32.30868 ], [ -88.209112, 32.307574 ], [ -87.930661, 32.310574 ], [ -87.970943, 32.344347 ], [ -87.993862, 32.34723 ], [ -88.019476, 32.370461 ], [ -88.046335, 32.377087 ], [ -88.031623, 32.43361 ], [ -87.956211, 32.470405 ], [ -87.945065, 32.491251 ], [ -87.901264, 32.523172 ], [ -87.85268, 32.515203 ], [ -87.85342, 32.532086 ], [ -87.873811, 32.544286 ], [ -87.875014, 32.571824 ], [ -87.904841, 32.614576 ], [ -87.928689, 32.632284 ], [ -87.977005, 32.610781 ], [ -88.053729, 32.593052 ], [ -88.079159, 32.619684 ], [ -88.055004, 32.646482 ], [ -88.057987, 32.674384 ], [ -88.116407, 32.697361 ], [ -88.08538, 32.709054 ], [ -88.109633, 32.770989 ], [ -88.079338, 32.772948 ], [ -88.132685, 32.832853 ], [ -88.179966, 32.871675 ], [ -88.189754, 32.910731 ], [ -88.207316, 32.924782 ], [ -88.188684, 32.959108 ], [ -88.165276, 32.954321 ], [ -88.171852, 32.99586 ], [ -88.340432, 32.991199 ], [ -88.347887, 32.929082 ], [ -88.388797, 32.578123 ] ] ] } },
{ "type": "Feature", "properties": { "geo_id": "0103120", "geo_name": "Sylacauga City School District", "geo_level": "school_district", "year": 2021 }, "geometry": { "type": "MultiPolygon", "coordinates": [ [ [ [ -86.263796, 33.186077 ], [ -86.264951, 33.186389 ], [ -86.264664, 33.186321 ], [ -86.264407, 33.186222 ], [ -86.263859, 33.185911 ], [ -86.263796, 33.186077 ] ] ], [ [ [ -86.259411, 33.196469 ], [ -86.289644, 33.167637 ], [ -86.288187, 33.163984 ], [ -86.260132, 33.123741 ], [ -86.240356, 33.142549 ], [ -86.233686, 33.196332 ], [ -86.259122, 33.210988 ], [ -86.259411, 33.196469 ] ] ] ] } },
{ "type": "Feature", "properties": { "geo_id": "0103150", "geo_name": "Talladega City School District", "geo_level": "school_district", "year": 2021 }, "geometry": { "type": "Polygon", "coordinates": [ [ [ -86.157971, 33.417849 ], [ -86.146141, 33.398066 ], [ -86.064423, 33.39709 ], [ -86.053417, 33.404792 ], [ -86.052875, 33.447944 ], [ -86.076293, 33.473174 ], [ -86.148592, 33.458486 ], [ -86.140915, 33.431088 ], [ -86.157971, 33.417849 ] ] ] } },
{ "type": "Feature", "properties": { "geo_id": "0103180", "geo_name": "Talladega County School District", "geo_level": "school_district", "year": 2021 }, "geometry": { "type": "Polygon", "coordinates": [ [ [ -86.378665, 33.390983 ], [ -86.352857, 33.372537 ], [ -86.368108, 33.34167 ], [ -86.35734, 33.296917 ], [ -86.458026, 33.241434 ], [ -86.460978, 33.20293 ], [ -86.486144, 33.201867 ], [ -86.503127, 33.179144 ], [ -86.459926, 33.125117 ], [ -86.491029, 33.102944 ], [ -86.17437, 33.104394 ], [ -86.17283, 33.195681 ], [ -86.120567, 33.194511 ], [ -86.118198, 33.29632 ], [ -85.980293, 33.29419 ], [ -85.976525, 33.38187 ], [ -85.941262, 33.381749 ], [ -85.923762, 33.396206 ], [ -85.922817, 33.454576 ], [ -85.905338, 33.45471 ], [ -85.904909, 33.498655 ], [ -85.85189, 33.498742 ], [ -85.796852, 33.541849 ], [ -85.796054, 33.55622 ], [ -85.855547, 33.568714 ], [ -85.847705, 33.586 ], [ -85.948416, 33.5858 ], [ -85.951822, 33.585831 ], [ -85.994935, 33.586475 ], [ -86.020558, 33.598068 ], [ -86.021549, 33.599721 ], [ -86.021587, 33.601163 ], [ -86.026401, 33.647197 ], [ -86.050669, 33.67459 ], [ -86.145562, 33.679098 ], [ -86.204983, 33.682694 ], [ -86.172437, 33.659831 ], [ -86.16948, 33.619236 ], [ -86.221017, 33.587919 ], [ -86.189812, 33.547238 ], [ -86.226579, 33.52055 ], [ -86.253259, 33.488844 ], [ -86.286344, 33.504489 ], [ -86.307327, 33.454532 ], [ -86.347802, 33.409686 ], [ -86.378665, 33.390983 ] ], [ [ -86.289644, 33.167637 ], [ -86.259411, 33.196469 ], [ -86.259122, 33.210988 ], [ -86.233686, 33.196332 ], [ -86.240356, 33.142549 ], [ -86.260132, 33.123741 ], [ -86.288187, 33.163984 ], [ -86.289644, 33.167637 ] ], [ [ -86.264951, 33.186389 ], [ -86.263796, 33.186077 ], [ -86.263859, 33.185911 ], [ -86.264407, 33.186222 ], [ -86.264664, 33.186321 ], [ -86.264951, 33.186389 ] ], [ [ -86.157971, 33.417849 ], [ -86.140915, 33.431088 ], [ -86.148592, 33.458486 ], [ -86.076293, 33.473174 ], [ -86.052875, 33.447944 ], [ -86.053417, 33.404792 ], [ -86.064423, 33.39709 ], [ -86.146141, 33.398066 ], [ -86.157971, 33.417849 ] ] ] } },
{ "type": "Feature", "properties": { "geo_id": "0103210", "geo_name": "Tallapoosa County School District", "geo_level": "school_district", "year": 2021 }, "geometry": { "type": "Polygon", "coordinates": [ [ [ -86.00917, 33.09026 ], [ -86.008263, 32.966054 ], [ -85.947826, 32.965837 ], [ -85.943452, 32.984026 ], [ -85.855926, 32.978386 ], [ -85.871488, 32.924448 ], [ -85.870731, 32.871065 ], [ -85.90442, 32.870054 ], [ -85.878698, 32.828501 ], [ -85.891616, 32.813355 ], [ -85.895368, 32.754581 ], [ -85.881859, 32.737558 ], [ -85.907668, 32.698717 ], [ -85.911714, 32.67784 ], [ -85.887747, 32.64761 ], [ -85.894559, 32.603132 ], [ -85.886148, 32.493053 ], [ -85.797156, 32.494236 ], [ -85.798585, 32.581089 ], [ -85.712654, 32.581834 ], [ -85.695854, 32.595933 ], [ -85.696755, 32.697429 ], [ -85.679854, 32.71253 ], [ -85.610253, 32.713929 ], [ -85.593151, 32.72853 ], [ -85.593177, 33.10734 ], [ -85.653654, 33.106634 ], [ -85.801694, 33.104298 ], [ -85.974715, 33.105286 ], [ -86.00917, 33.09026 ] ] ] } },
{ "type": "Feature", "properties": { "geo_id": "0103240", "geo_name": "Tallassee City School District", "geo_level": "school_district", "year": 2021 }, "geometry": { "type": "Polygon", "coordinates": [ [ [ -85.907668, 32.698717 ], [ -85.941932, 32.70731 ], [ -85.953821, 32.63302 ], [ -85.946345, 32.61119 ], [ -85.970637, 32.577309 ], [ -85.989993, 32.580137 ], [ -85.990208, 32.537238 ], [ -86.03102, 32.516869 ], [ -86.057631, 32.491275 ], [ -86.05475, 32.473049 ], [ -86.012853, 32.470632 ], [ -85.995397, 32.428058 ], [ -85.931776, 32.453528 ], [ -85.89442, 32.447578 ], [ -85.870305, 32.481474 ], [ -85.886148, 32.493053 ], [ -85.894559, 32.603132 ], [ -85.887747, 32.64761 ], [ -85.911714, 32.67784 ], [ -85.907668, 32.698717 ] ] ] } },
{ "type": "Feature", "properties": { "geo_id": "0103270", "geo_name": "Tarrant City School District", "geo_level": "school_district", "year": 2021 }, "geometry": { "type": "Polygon", "coordinates": [ [ [ -86.749943, 33.611963 ], [ -86.778363, 33.622019 ], [ -86.788217, 33.574856 ], [ -86.751137, 33.577526 ], [ -86.748472, 33.579644 ], [ -86.74575, 33.603111 ], [ -86.749943, 33.611963 ] ] ] } },
{ "type": "Feature", "properties": { "geo_id": "0103300", "geo_name": "Thomasville City School District", "geo_level": "school_district", "year": 2021 }, "geometry": { "type": "Polygon", "coordinates": [ [ [ -87.816852, 31.990526 ], [ -87.817279, 31.82496 ], [ -87.737068, 31.833984 ], [ -87.620193, 31.833342 ], [ -87.620951, 31.870395 ], [ -87.666836, 31.875747 ], [ -87.667769, 31.991355 ], [ -87.816852, 31.990526 ] ] ] } },
{ "type": "Feature", "properties": { "geo_id": "0103330", "geo_name": "Troy City School District", "geo_level": "school_district", "year": 2021 }, "geometry": { "type": "Polygon", "coordinates": [ [ [ -85.978523, 31.826897 ], [ -86.010686, 31.833012 ], [ -85.998602, 31.797777 ], [ -86.020046, 31.763893 ], [ -85.956494, 31.764209 ], [ -85.934683, 31.785724 ], [ -85.900419, 31.789317 ], [ -85.922462, 31.843727 ], [ -85.960395, 31.843584 ], [ -85.978523, 31.826897 ] ] ] } },
{ "type": "Feature", "properties": { "geo_id": "0103360", "geo_name": "Tuscaloosa City School District", "geo_level": "school_district", "year": 2021 }, "geometry": { "type": "Polygon", "coordinates": [ [ [ -87.630738, 33.23106 ], [ -87.595752, 33.197369 ], [ -87.615725, 33.173355 ], [ -87.567074, 33.167821 ], [ -87.539368, 33.153317 ], [ -87.518203, 33.164543 ], [ -87.481496, 33.148958 ], [ -87.45147, 33.170015 ], [ -87.403853, 33.171232 ], [ -87.404789, 33.190666 ], [ -87.45536, 33.189542 ], [ -87.48474, 33.20554 ], [ -87.502065, 33.243798 ], [ -87.474246, 33.254434 ], [ -87.478547, 33.309589 ], [ -87.504828, 33.309224 ], [ -87.529811, 33.328767 ], [ -87.528927, 33.329496 ], [ -87.527878, 33.330512 ], [ -87.527842, 33.330569 ], [ -87.587302, 33.35513 ], [ -87.58642, 33.380265 ], [ -87.611809, 33.387128 ], [ -87.612021, 33.386838 ], [ -87.613243, 33.386774 ], [ -87.613325, 33.386601 ], [ -87.5674, 33.352514 ], [ -87.567266, 33.352461 ], [ -87.567174, 33.352812 ], [ -87.567117, 33.352964 ], [ -87.535468, 33.318031 ], [ -87.556963, 33.305785 ], [ -87.556709, 33.305737 ], [ -87.55886, 33.311788 ], [ -87.55949, 33.312672 ], [ -87.559589, 33.312861 ], [ -87.559937, 33.313418 ], [ -87.521674, 33.308158 ], [ -87.540405, 33.268213 ], [ -87.542159, 33.263732 ], [ -87.544058, 33.256386 ], [ -87.547317, 33.249873 ], [ -87.546995, 33.249773 ], [ -87.540988, 33.249245 ], [ -87.541018, 33.246273 ], [ -87.543331, 33.245957 ], [ -87.544171, 33.24629 ], [ -87.544734, 33.246051 ], [ -87.544998, 33.246033 ], [ -87.545122, 33.24627 ], [ -87.546286, 33.246124 ], [ -87.547498, 33.246332 ], [ -87.556057, 33.234664 ], [ -87.556048, 33.23448 ], [ -87.577672, 33.213155 ], [ -87.623831, 33.216387 ], [ -87.625961, 33.228447 ], [ -87.625917, 33.228047 ], [ -87.624584, 33.228366 ], [ -87.625026, 33.228542 ], [ -87.6252, 33.228624 ], [ -87.625396, 33.228731 ], [ -87.625441, 33.228758 ], [ -87.630097, 33.23071 ], [ -87.630738, 33.23106 ] ] ] } },
{ "type": "Feature", "properties": { "geo_id": "0103390", "geo_name": "Tuscaloosa County School District", "geo_level": "school_district", "year": 2021 }, "geometry": { "type": "Polygon", "coordinates": [ [ [ -87.840683, 33.524839 ], [ -87.838228, 33.409267 ], [ -87.837521, 33.153637 ], [ -87.831459, 33.093857 ], [ -87.832233, 33.017258 ], [ -87.710995, 33.017721 ], [ -87.715709, 33.006824 ], [ -87.421936, 33.003379 ], [ -87.318539, 33.006179 ], [ -87.311577, 33.093933 ], [ -87.281945, 33.13306 ], [ -87.199317, 33.130657 ], [ -87.199153, 33.196554 ], [ -87.152071, 33.232484 ], [ -87.121871, 33.235843 ], [ -87.104101, 33.221457 ], [ -87.065738, 33.246907 ], [ -87.065754, 33.275937 ], [ -87.087497, 33.290675 ], [ -87.126756, 33.290844 ], [ -87.179638, 33.321112 ], [ -87.197584, 33.358134 ], [ -87.231999, 33.365851 ], [ -87.232045, 33.395137 ], [ -87.284363, 33.440578 ], [ -87.335577, 33.456251 ], [ -87.330816, 33.491501 ], [ -87.285024, 33.485785 ], [ -87.266923, 33.512929 ], [ -87.318237, 33.514166 ], [ -87.318532, 33.587393 ], [ -87.37104, 33.587065 ], [ -87.371118, 33.601697 ], [ -87.423701, 33.602096 ], [ -87.631718, 33.609833 ], [ -87.63161, 33.580669 ], [ -87.666633, 33.579807 ], [ -87.666661, 33.521667 ], [ -87.736652, 33.519568 ], [ -87.840683, 33.524839 ] ], [ [ -87.481496, 33.148958 ], [ -87.518203, 33.164543 ], [ -87.539368, 33.153317 ], [ -87.567074, 33.167821 ], [ -87.615725, 33.173355 ], [ -87.595752, 33.197369 ], [ -87.630738, 33.23106 ], [ -87.630097, 33.23071 ], [ -87.625441, 33.228758 ], [ -87.625396, 33.228731 ], [ -87.6252, 33.228624 ], [ -87.625026, 33.228542 ], [ -87.624584, 33.228366 ], [ -87.625917, 33.228047 ], [ -87.625961, 33.228447 ], [ -87.623831, 33.216387 ], [ -87.577672, 33.213155 ], [ -87.556048, 33.23448 ], [ -87.556057, 33.234664 ], [ -87.547498, 33.246332 ], [ -87.546286, 33.246124 ], [ -87.545122, 33.24627 ], [ -87.544998, 33.246033 ], [ -87.544734, 33.246051 ], [ -87.544171, 33.24629 ], [ -87.543331, 33.245957 ], [ -87.541018, 33.246273 ], [ -87.540988, 33.249245 ], [ -87.546995, 33.249773 ], [ -87.547317, 33.249873 ], [ -87.544058, 33.256386 ], [ -87.542159, 33.263732 ], [ -87.540405, 33.268213 ], [ -87.521674, 33.308158 ], [ -87.559937, 33.313418 ], [ -87.559589, 33.312861 ], [ -87.55949, 33.312672 ], [ -87.55886, 33.311788 ], [ -87.556709, 33.305737 ], [ -87.556963, 33.305785 ], [ -87.535468, 33.318031 ], [ -87.567117, 33.352964 ], [ -87.567174, 33.352812 ], [ -87.567266, 33.352461 ], [ -87.5674, 33.352514 ], [ -87.613325, 33.386601 ], [ -87.613243, 33.386774 ], [ -87.612021, 33.386838 ], [ -87.611809, 33.387128 ], [ -87.58642, 33.380265 ], [ -87.587302, 33.35513 ], [ -87.527842, 33.330569 ], [ -87.527878, 33.330512 ], [ -87.528927, 33.329496 ], [ -87.529811, 33.328767 ], [ -87.504828, 33.309224 ], [ -87.478547, 33.309589 ], [ -87.474246, 33.254434 ], [ -87.502065, 33.243798 ], [ -87.48474, 33.20554 ], [ -87.45536, 33.189542 ], [ -87.404789, 33.190666 ], [ -87.403853, 33.171232 ], [ -87.45147, 33.170015 ], [ -87.481496, 33.148958 ] ] ] } },
{ "type": "Feature", "properties": { "geo_id": "0103420", "geo_name": "Tuscumbia City School District", "geo_level": "school_district", "year": 2021 }, "geometry": { "type": "Polygon", "coordinates": [ [ [ -87.741104, 34.735044 ], [ -87.74235, 34.709619 ], [ -87.711123, 34.712598 ], [ -87.702294, 34.690154 ], [ -87.664692, 34.705776 ], [ -87.6666, 34.705251 ], [ -87.667725, 34.711338 ], [ -87.666995, 34.71164 ], [ -87.667794, 34.713281 ], [ -87.66782, 34.713936 ], [ -87.667983, 34.716742 ], [ -87.668008, 34.718163 ], [ -87.674755, 34.718816 ], [ -87.676591, 34.720745 ], [ -87.678496, 34.722747 ], [ -87.679157, 34.745026 ], [ -87.741104, 34.735044 ] ] ] } },
{ "type": "Feature", "properties": { "geo_id": "0103430", "geo_name": "Vestavia Hills City School District", "geo_level": "school_district", "year": 2021 }, "geometry": { "type": "MultiPolygon", "coordinates": [ [ [ [ -86.741767, 33.424711 ], [ -86.741778, 33.424053 ], [ -86.739721, 33.421141 ], [ -86.738232, 33.421729 ], [ -86.73703, 33.420743 ], [ -86.735439, 33.421574 ], [ -86.736396, 33.421779 ], [ -86.737209, 33.421994 ], [ -86.735913, 33.422556 ], [ -86.737975, 33.422608 ], [ -86.73614, 33.422924 ], [ -86.736402, 33.425137 ], [ -86.739188, 33.424161 ], [ -86.73866, 33.42483 ], [ -86.738594, 33.424848 ], [ -86.737255, 33.425227 ], [ -86.737162, 33.425243 ], [ -86.737764, 33.425542 ], [ -86.735703, 33.426335 ], [ -86.735413, 33.427109 ], [ -86.733918, 33.426649 ], [ -86.733806, 33.426617 ], [ -86.734064, 33.426015 ], [ -86.72884, 33.427388 ], [ -86.727608, 33.428182 ], [ -86.729571, 33.431035 ], [ -86.730989, 33.434676 ], [ -86.732413, 33.434697 ], [ -86.738577, 33.429253 ], [ -86.739666, 33.427724 ], [ -86.740876, 33.428832 ], [ -86.741403, 33.427469 ], [ -86.740828, 33.426566 ], [ -86.740258, 33.424194 ], [ -86.740354, 33.424478 ], [ -86.741767, 33.424711 ] ], [ [ -86.730264, 33.428139 ], [ -86.730669, 33.428849 ], [ -86.72978, 33.428382 ], [ -86.730013, 33.427483 ], [ -86.730092, 33.427504 ], [ -86.730264, 33.428139 ] ] ], [ [ [ -86.740023, 33.430363 ], [ -86.73914, 33.429968 ], [ -86.7392, 33.430087 ], [ -86.739919, 33.430539 ], [ -86.740023, 33.430363 ] ] ], [ [ [ -86.743935, 33.456478 ], [ -86.741085, 33.450186 ], [ -86.741267, 33.447361 ], [ -86.740228, 33.448394 ], [ -86.740458, 33.448909 ], [ -86.739344, 33.448839 ], [ -86.736898, 33.446594 ], [ -86.726548, 33.451826 ], [ -86.726487, 33.448065 ], [ -86.725123, 33.445452 ], [ -86.725616, 33.443244 ], [ -86.726494, 33.441894 ], [ -86.717784, 33.451329 ], [ -86.716528, 33.45262 ], [ -86.709035, 33.453678 ], [ -86.707586, 33.452392 ], [ -86.707258, 33.452741 ], [ -86.665551, 33.477422 ], [ -86.664409, 33.482127 ], [ -86.655128, 33.486547 ], [ -86.651554, 33.48485 ], [ -86.648197, 33.485052 ], [ -86.64822, 33.489347 ], [ -86.648735, 33.490087 ], [ -86.656688, 33.499489 ], [ -86.661339, 33.49949 ], [ -86.661326, 33.501019 ], [ -86.67544, 33.502542 ], [ -86.677364, 33.501913 ], [ -86.678074, 33.501968 ], [ -86.679235, 33.501311 ], [ -86.67938, 33.500909 ], [ -86.679429, 33.500625 ], [ -86.678551, 33.499399 ], [ -86.686794, 33.499414 ], [ -86.687306, 33.498943 ], [ -86.687306, 33.495814 ], [ -86.690343, 33.495663 ], [ -86.696065, 33.492298 ], [ -86.696065, 33.492247 ], [ -86.695438, 33.490923 ], [ -86.697072, 33.490658 ], [ -86.698211, 33.491896 ], [ -86.698166, 33.488949 ], [ -86.697815, 33.488913 ], [ -86.696563, 33.487881 ], [ -86.700123, 33.488806 ], [ -86.708986, 33.489076 ], [ -86.715515, 33.485684 ], [ -86.714504, 33.483632 ], [ -86.713739, 33.482028 ], [ -86.712726, 33.481797 ], [ -86.712603, 33.481845 ], [ -86.712057, 33.483843 ], [ -86.710279, 33.482219 ], [ -86.716894, 33.476749 ], [ -86.718064, 33.475072 ], [ -86.716767, 33.474464 ], [ -86.71336, 33.467698 ], [ -86.709619, 33.467068 ], [ -86.726673, 33.468082 ], [ -86.730662, 33.470953 ], [ -86.731221, 33.471137 ], [ -86.731225, 33.471261 ], [ -86.735587, 33.471299 ], [ -86.735586, 33.469572 ], [ -86.734494, 33.468333 ], [ -86.734494, 33.468176 ], [ -86.73558, 33.467554 ], [ -86.734493, 33.467848 ], [ -86.734059, 33.467912 ], [ -86.733922, 33.467416 ], [ -86.733414, 33.467555 ], [ -86.732333, 33.468534 ], [ -86.732272, 33.465361 ], [ -86.734006, 33.464005 ], [ -86.743935, 33.456478 ] ] ], [ [ [ -86.748183, 33.432094 ], [ -86.748537, 33.431393 ], [ -86.748387, 33.425091 ], [ -86.746766, 33.43224 ], [ -86.748183, 33.432094 ] ] ], [ [ [ -86.750028, 33.420692 ], [ -86.752343, 33.416469 ], [ -86.752344, 33.416031 ], [ -86.752347, 33.415509 ], [ -86.751501, 33.415429 ], [ -86.75235, 33.414834 ], [ -86.752351, 33.4146 ], [ -86.752358, 33.413006 ], [ -86.75118, 33.41279 ], [ -86.742182, 33.416886 ], [ -86.748414, 33.420954 ], [ -86.750028, 33.420692 ] ], [ [ -86.750202, 33.416601 ], [ -86.750712, 33.417174 ], [ -86.748995, 33.419161 ], [ -86.749091, 33.417884 ], [ -86.749284, 33.417399 ], [ -86.749138, 33.417283 ], [ -86.748922, 33.417112 ], [ -86.749985, 33.416886 ], [ -86.750164, 33.416637 ], [ -86.750113, 33.4166 ], [ -86.750717, 33.416083 ], [ -86.750202, 33.416601 ] ] ], [ [ [ -86.816439, 33.422949 ], [ -86.814968, 33.421219 ], [ -86.814942, 33.42094 ], [ -86.815294, 33.422517 ], [ -86.815834, 33.423035 ], [ -86.816439, 33.422949 ] ] ], [ [ [ -86.824934, 33.415258 ], [ -86.830198, 33.412012 ], [ -86.829767, 33.41202 ], [ -86.828292, 33.406609 ], [ -86.828056, 33.406354 ], [ -86.808693, 33.411499 ], [ -86.802518, 33.411259 ], [ -86.800011, 33.410714 ], [ -86.800014, 33.410657 ], [ -86.798534, 33.410616 ], [ -86.795722, 33.408999 ], [ -86.795597, 33.40834 ], [ -86.792667, 33.407701 ], [ -86.792334, 33.407579 ], [ -86.791394, 33.406751 ], [ -86.788651, 33.405024 ], [ -86.786888, 33.404281 ], [ -86.784647, 33.405117 ], [ -86.784611, 33.404849 ], [ -86.784059, 33.404694 ], [ -86.783111, 33.404643 ], [ -86.783082, 33.404688 ], [ -86.782889, 33.404984 ], [ -86.782778, 33.404905 ], [ -86.782515, 33.405586 ], [ -86.782571, 33.405608 ], [ -86.782459, 33.405928 ], [ -86.782994, 33.405972 ], [ -86.782188, 33.407009 ], [ -86.780116, 33.410589 ], [ -86.778614, 33.411077 ], [ -86.778538, 33.411102 ], [ -86.774238, 33.413724 ], [ -86.774088, 33.413831 ], [ -86.773293, 33.417167 ], [ -86.774027, 33.416835 ], [ -86.77209, 33.415299 ], [ -86.772562, 33.413594 ], [ -86.770367, 33.413259 ], [ -86.769441, 33.412138 ], [ -86.767245, 33.413011 ], [ -86.763933, 33.414542 ], [ -86.763924, 33.413929 ], [ -86.765037, 33.411681 ], [ -86.765012, 33.411699 ], [ -86.764257, 33.411577 ], [ -86.764499, 33.410804 ], [ -86.763693, 33.410645 ], [ -86.765073, 33.409798 ], [ -86.764515, 33.409208 ], [ -86.763218, 33.409955 ], [ -86.762019, 33.410282 ], [ -86.763214, 33.410863 ], [ -86.763273, 33.410925 ], [ -86.763314, 33.410968 ], [ -86.763721, 33.411361 ], [ -86.76223, 33.414499 ], [ -86.762038, 33.414379 ], [ -86.761934, 33.41449 ], [ -86.762019, 33.415076 ], [ -86.762079, 33.415077 ], [ -86.764321, 33.41512 ], [ -86.760911, 33.418439 ], [ -86.761678, 33.419056 ], [ -86.761706, 33.419786 ], [ -86.761111, 33.420281 ], [ -86.752783, 33.420731 ], [ -86.757934, 33.422208 ], [ -86.754615, 33.421821 ], [ -86.752418, 33.42386 ], [ -86.751541, 33.425027 ], [ -86.751166, 33.42552 ], [ -86.750932, 33.425877 ], [ -86.752029, 33.426468 ], [ -86.752551, 33.42627 ], [ -86.755903, 33.42704 ], [ -86.754717, 33.426395 ], [ -86.758216, 33.426322 ], [ -86.75802, 33.427094 ], [ -86.758378, 33.427153 ], [ -86.761477, 33.428176 ], [ -86.758293, 33.431305 ], [ -86.755613, 33.430037 ], [ -86.755013, 33.430633 ], [ -86.752569, 33.429557 ], [ -86.751323, 33.431468 ], [ -86.752926, 33.433963 ], [ -86.752096, 33.433642 ], [ -86.75008, 33.437157 ], [ -86.75051, 33.436801 ], [ -86.751746, 33.437499 ], [ -86.75011, 33.437207 ], [ -86.750378, 33.438576 ], [ -86.745919, 33.439596 ], [ -86.7412, 33.436408 ], [ -86.741718, 33.436407 ], [ -86.742568, 33.435278 ], [ -86.742375, 33.434918 ], [ -86.741897, 33.434683 ], [ -86.739325, 33.43413 ], [ -86.738619, 33.441167 ], [ -86.738761, 33.442417 ], [ -86.74055, 33.445772 ], [ -86.740358, 33.445329 ], [ -86.740858, 33.444753 ], [ -86.748427, 33.44572 ], [ -86.746543, 33.442228 ], [ -86.748318, 33.440841 ], [ -86.750648, 33.442271 ], [ -86.750653, 33.443318 ], [ -86.750654, 33.443571 ], [ -86.75006, 33.443817 ], [ -86.752746, 33.44605 ], [ -86.755452, 33.444934 ], [ -86.756002, 33.446107 ], [ -86.75729, 33.447219 ], [ -86.75682, 33.449042 ], [ -86.754958, 33.449752 ], [ -86.762336, 33.456595 ], [ -86.76184, 33.457225 ], [ -86.759425, 33.459629 ], [ -86.758649, 33.460762 ], [ -86.761759, 33.461275 ], [ -86.761691, 33.467565 ], [ -86.761688, 33.467868 ], [ -86.761685, 33.468173 ], [ -86.7624, 33.468189 ], [ -86.765526, 33.467933 ], [ -86.765896, 33.467766 ], [ -86.76901, 33.466084 ], [ -86.770221, 33.466409 ], [ -86.770356, 33.461895 ], [ -86.776557, 33.461163 ], [ -86.780021, 33.461238 ], [ -86.783821, 33.457728 ], [ -86.783462, 33.458464 ], [ -86.783521, 33.458693 ], [ -86.784922, 33.457463 ], [ -86.785298, 33.457079 ], [ -86.78561, 33.45671 ], [ -86.786123, 33.456049 ], [ -86.786627, 33.455756 ], [ -86.786706, 33.456499 ], [ -86.788668, 33.456136 ], [ -86.788924, 33.455437 ], [ -86.791782, 33.455235 ], [ -86.805922, 33.44646 ], [ -86.80591, 33.445767 ], [ -86.806596, 33.445705 ], [ -86.807791, 33.443901 ], [ -86.808569, 33.44262 ], [ -86.808165, 33.441615 ], [ -86.810212, 33.442934 ], [ -86.811904, 33.443088 ], [ -86.812462, 33.440287 ], [ -86.812552, 33.442152 ], [ -86.813586, 33.440298 ], [ -86.813067, 33.433537 ], [ -86.814075, 33.422475 ], [ -86.813423, 33.422161 ], [ -86.81291, 33.420612 ], [ -86.812747, 33.420359 ], [ -86.812705, 33.418557 ], [ -86.812298, 33.417413 ], [ -86.81015, 33.417631 ], [ -86.80988, 33.416896 ], [ -86.80866, 33.416705 ], [ -86.808581, 33.414844 ], [ -86.811097, 33.41481 ], [ -86.812895, 33.41494 ], [ -86.813571, 33.415683 ], [ -86.816827, 33.416184 ], [ -86.823822, 33.418773 ], [ -86.824932, 33.418797 ], [ -86.830351, 33.418561 ], [ -86.829534, 33.418343 ], [ -86.829142, 33.416284 ], [ -86.824934, 33.415258 ] ], [ [ -86.82381, 33.417349 ], [ -86.82518, 33.416757 ], [ -86.824447, 33.417362 ], [ -86.82381, 33.417349 ] ], [ [ -86.807538, 33.418498 ], [ -86.808611, 33.422892 ], [ -86.806499, 33.418483 ], [ -86.806888, 33.418489 ], [ -86.807538, 33.418498 ] ], [ [ -86.779362, 33.446893 ], [ -86.785082, 33.447904 ], [ -86.779055, 33.455714 ], [ -86.772696, 33.45545 ], [ -86.771545, 33.45561 ], [ -86.769643, 33.455792 ], [ -86.779362, 33.446893 ] ], [ [ -86.77847, 33.41407 ], [ -86.778526, 33.41571 ], [ -86.777656, 33.413871 ], [ -86.7781, 33.413976 ], [ -86.77847, 33.41407 ] ], [ [ -86.777425, 33.418708 ], [ -86.77666, 33.420015 ], [ -86.775097, 33.418344 ], [ -86.77422, 33.417961 ], [ -86.77657, 33.418068 ], [ -86.777477, 33.417886 ], [ -86.777425, 33.418708 ] ], [ [ -86.777115, 33.426344 ], [ -86.774594, 33.429194 ], [ -86.770298, 33.429864 ], [ -86.772839, 33.426965 ], [ -86.772498, 33.428034 ], [ -86.774066, 33.427998 ], [ -86.776648, 33.424778 ], [ -86.777115, 33.426344 ] ], [ [ -86.773003, 33.423553 ], [ -86.772509, 33.423885 ], [ -86.772448, 33.423545 ], [ -86.773003, 33.423553 ] ], [ [ -86.770109, 33.432439 ], [ -86.769836, 33.433857 ], [ -86.769509, 33.433614 ], [ -86.770083, 33.431908 ], [ -86.770109, 33.432439 ] ], [ [ -86.768475, 33.444643 ], [ -86.769809, 33.446827 ], [ -86.76849, 33.447375 ], [ -86.76749, 33.446516 ], [ -86.768475, 33.444643 ] ], [ [ -86.768691, 33.422402 ], [ -86.764271, 33.423444 ], [ -86.763261, 33.423144 ], [ -86.764527, 33.422926 ], [ -86.764638, 33.423923 ], [ -86.765756, 33.419993 ], [ -86.767581, 33.41934 ], [ -86.768088, 33.422067 ], [ -86.768691, 33.422402 ] ], [ [ -86.768306, 33.435925 ], [ -86.768479, 33.436856 ], [ -86.768025, 33.436369 ], [ -86.768306, 33.435925 ] ], [ [ -86.765569, 33.465657 ], [ -86.764983, 33.466198 ], [ -86.765179, 33.465598 ], [ -86.765569, 33.465657 ] ], [ [ -86.765478, 33.419975 ], [ -86.7655, 33.420437 ], [ -86.764911, 33.41998 ], [ -86.765478, 33.419975 ] ], [ [ -86.764639, 33.417575 ], [ -86.764587, 33.418479 ], [ -86.764063, 33.41838 ], [ -86.764639, 33.417575 ] ], [ [ -86.761629, 33.438322 ], [ -86.757342, 33.442496 ], [ -86.757068, 33.442627 ], [ -86.756719, 33.44262 ], [ -86.756455, 33.442408 ], [ -86.756022, 33.442149 ], [ -86.753017, 33.4424 ], [ -86.754132, 33.440488 ], [ -86.754277, 33.441339 ], [ -86.754736, 33.441349 ], [ -86.754381, 33.440494 ], [ -86.754143, 33.440488 ], [ -86.754253, 33.438802 ], [ -86.756375, 33.436423 ], [ -86.755141, 33.436352 ], [ -86.755141, 33.43627 ], [ -86.755142, 33.436117 ], [ -86.755165, 33.435733 ], [ -86.754673, 33.43522 ], [ -86.754734, 33.435108 ], [ -86.759512, 33.439773 ], [ -86.761377, 33.438956 ], [ -86.761394, 33.438239 ], [ -86.761629, 33.438322 ] ], [ [ -86.76288, 33.419056 ], [ -86.762335, 33.419451 ], [ -86.762355, 33.419048 ], [ -86.76288, 33.419056 ] ], [ [ -86.761902, 33.422448 ], [ -86.762582, 33.423292 ], [ -86.76258, 33.423603 ], [ -86.762496, 33.424121 ], [ -86.761554, 33.423556 ], [ -86.761295, 33.422125 ], [ -86.761902, 33.422448 ] ], [ [ -86.756701, 33.431985 ], [ -86.757386, 33.432859 ], [ -86.756691, 33.432807 ], [ -86.756144, 33.432428 ], [ -86.756701, 33.431985 ] ], [ [ -86.754053, 33.43462 ], [ -86.752007, 33.435133 ], [ -86.752689, 33.434448 ], [ -86.752923, 33.434394 ], [ -86.753519, 33.434259 ], [ -86.754053, 33.43462 ] ], [ [ -86.771287, 33.41571 ], [ -86.770503, 33.416216 ], [ -86.769801, 33.416052 ], [ -86.771287, 33.41571 ] ], [ [ -86.77209, 33.415299 ], [ -86.771287, 33.41571 ], [ -86.771391, 33.415228 ], [ -86.77209, 33.415299 ] ] ] ] } },
{ "type": "Feature", "properties": { "geo_id": "0103450", "geo_name": "Walker County School District", "geo_level": "school_district", "year": 2021 }, "geometry": { "type": "Polygon", "coordinates": [ [ [ -87.636118, 34.002203 ], [ -87.635952, 33.932248 ], [ -87.635949, 33.929429 ], [ -87.635932, 33.915251 ], [ -87.63604, 33.871999 ], [ -87.531602, 33.867618 ], [ -87.528338, 33.692049 ], [ -87.423843, 33.689112 ], [ -87.423701, 33.602096 ], [ -87.371118, 33.601697 ], [ -87.37104, 33.587065 ], [ -87.318532, 33.587393 ], [ -87.318237, 33.514166 ], [ -87.266923, 33.512929 ], [ -87.232599, 33.539383 ], [ -87.210029, 33.538732 ], [ -87.204577, 33.578835 ], [ -87.17943, 33.613794 ], [ -87.144473, 33.628198 ], [ -87.092733, 33.62785 ], [ -87.092734, 33.635133 ], [ -87.0927, 33.656873 ], [ -87.057757, 33.656363 ], [ -87.039793, 33.685356 ], [ -87.040638, 33.728969 ], [ -87.023355, 33.743576 ], [ -87.023286, 33.772727 ], [ -87.005965, 33.787237 ], [ -86.970928, 33.786462 ], [ -86.953664, 33.815297 ], [ -86.963358, 33.858221 ], [ -87.006862, 33.866179 ], [ -87.007077, 33.888927 ], [ -87.091836, 33.890093 ], [ -87.085584, 33.919164 ], [ -87.112377, 33.959487 ], [ -87.13408, 33.965093 ], [ -87.151036, 33.993225 ], [ -87.168907, 34.005104 ], [ -87.216735, 33.993907 ], [ -87.500021, 33.996627 ], [ -87.636118, 34.002203 ] ], [ [ -87.248644, 33.799558 ], [ -87.268837, 33.815419 ], [ -87.303821, 33.816828 ], [ -87.30462, 33.851053 ], [ -87.32727, 33.869654 ], [ -87.330941, 33.854801 ], [ -87.320174, 33.855404 ], [ -87.313433, 33.882386 ], [ -87.278009, 33.896584 ], [ -87.258317, 33.889141 ], [ -87.236572, 33.877131 ], [ -87.224407, 33.794379 ], [ -87.248644, 33.799558 ] ] ] } },
{ "type": "Feature", "properties": { "geo_id": "0103480", "geo_name": "Washington County School District", "geo_level": "school_district", "year": 2021 }, "geometry": { "type": "Polygon", "coordinates": [ [ [ -88.46443, 31.697952 ], [ -88.449438, 31.435837 ], [ -88.432007, 31.114298 ], [ -88.329927, 31.114357 ], [ -88.329782, 31.143821 ], [ -88.022649, 31.144267 ], [ -87.98882, 31.173306 ], [ -87.972869, 31.162694 ], [ -87.943748, 31.161341 ], [ -87.946588, 31.19293 ], [ -87.931333, 31.224554 ], [ -87.963378, 31.250171 ], [ -87.950795, 31.299463 ], [ -87.924525, 31.312907 ], [ -87.888857, 31.364023 ], [ -87.921979, 31.436537 ], [ -87.907399, 31.494438 ], [ -87.942514, 31.526719 ], [ -87.970377, 31.530546 ], [ -88.031277, 31.560494 ], [ -88.027693, 31.584251 ], [ -88.072234, 31.5945 ], [ -88.089388, 31.658747 ], [ -88.088288, 31.699303 ], [ -88.46443, 31.697952 ] ] ] } },
{ "type": "Feature", "properties": { "geo_id": "0103510", "geo_name": "Wilcox County School District", "geo_level": "school_district", "year": 2021 }, "geometry": { "type": "Polygon", "coordinates": [ [ [ -87.472206, 32.264919 ], [ -87.523405, 32.25483 ], [ -87.521946, 32.132816 ], [ -87.624005, 32.132345 ], [ -87.622756, 32.005482 ], [ -87.667769, 31.991355 ], [ -87.666836, 31.875747 ], [ -87.620951, 31.870395 ], [ -87.620193, 31.833342 ], [ -87.620112, 31.827123 ], [ -87.50093, 31.829251 ], [ -87.228283, 31.831418 ], [ -87.214084, 31.828498 ], [ -86.906899, 31.830628 ], [ -86.908939, 31.961673 ], [ -86.857583, 31.962167 ], [ -86.856576, 32.048352 ], [ -86.906956, 32.04797 ], [ -87.17786, 32.047514 ], [ -87.203828, 32.090984 ], [ -87.234028, 32.101694 ], [ -87.262853, 32.147007 ], [ -87.27773, 32.146808 ], [ -87.325644, 32.196272 ], [ -87.362213, 32.196081 ], [ -87.39428, 32.237329 ], [ -87.42275, 32.244118 ], [ -87.444429, 32.268889 ], [ -87.472206, 32.264919 ] ] ] } },
{ "type": "Feature", "properties": { "geo_id": "0103540", "geo_name": "Winfield City School District", "geo_level": "school_district", "year": 2021 }, "geometry": { "type": "Polygon", "coordinates": [ [ [ -87.914675, 33.919445 ], [ -87.892882, 33.878607 ], [ -87.896421, 33.853062 ], [ -87.841284, 33.859497 ], [ -87.803982, 33.841034 ], [ -87.795617, 33.869742 ], [ -87.806406, 33.899511 ], [ -87.792491, 33.916614 ], [ -87.73602, 33.91476 ], [ -87.715118, 33.927162 ], [ -87.635949, 33.929429 ], [ -87.635952, 33.932248 ], [ -87.688745, 33.93178 ], [ -87.722523, 33.970256 ], [ -87.790246, 33.9629 ], [ -87.852563, 33.979377 ], [ -87.854662, 33.948084 ], [ -87.871386, 33.922143 ], [ -87.914675, 33.919445 ] ] ] } },
{ "type": "Feature", "properties": { "geo_id": "0103580", "geo_name": "Winston County School District", "geo_level": "school_district", "year": 2021 }, "geometry": { "type": "Polygon", "coordinates": [ [ [ -87.635898, 34.14242 ], [ -87.636118, 34.002203 ], [ -87.500021, 33.996627 ], [ -87.216735, 33.993907 ], [ -87.168907, 34.005104 ], [ -87.151036, 33.993225 ], [ -87.111992, 33.992385 ], [ -87.109911, 34.299299 ], [ -87.302487, 34.299401 ], [ -87.529722, 34.304598 ], [ -87.573279, 34.305341 ], [ -87.516921, 34.260876 ], [ -87.512007, 34.166732 ], [ -87.545515, 34.124223 ], [ -87.583473, 34.149628 ], [ -87.635898, 34.14242 ] ] ] } },
{ "type": "Feature", "properties": { "geo_id": "2800185", "geo_name": "West Bolivar Consolidated School District", "geo_level": "school_district", "year": 2021 }, "geometry": { "type": "Polygon", "coordinates": [ [ [ -90.872052, 34.076832 ], [ -90.893285, 34.026584 ], [ -90.958203, 34.026741 ], [ -90.988184, 34.019211 ], [ -90.962489, 33.981302 ], [ -90.999977, 33.966386 ], [ -91.018948, 34.003225 ], [ -91.046434, 33.992428 ], [ -91.073389, 34.008719 ], [ -91.090658, 33.98873 ], [ -91.081424, 33.954931 ], [ -91.018629, 33.941908 ], [ -91.010863, 33.92731 ], [ -91.072772, 33.867294 ], [ -91.049083, 33.816026 ], [ -91.000474, 33.799483 ], [ -90.988622, 33.784188 ], [ -91.027367, 33.765114 ], [ -91.053386, 33.778283 ], [ -91.108663, 33.771668 ], [ -91.1353, 33.782001 ], [ -91.148807, 33.73136 ], [ -91.125949, 33.708948 ], [ -91.068051, 33.716198 ], [ -91.047135, 33.706674 ], [ -91.033707, 33.673844 ], [ -91.079776, 33.658036 ], [ -91.128956, 33.673631 ], [ -91.160367, 33.706602 ], [ -91.223914, 33.693739 ], [ -91.211678, 33.656791 ], [ -91.17767, 33.65205 ], [ -91.139179, 33.628472 ], [ -91.132102, 33.595908 ], [ -91.178555, 33.567305 ], [ -91.228441, 33.566938 ], [ -91.218843, 33.529382 ], [ -90.971457, 33.530276 ], [ -90.763509, 33.529389 ], [ -90.763469, 33.616164 ], [ -90.6586, 33.616272 ], [ -90.658601, 33.645271 ], [ -90.763333, 33.645564 ], [ -90.763022, 33.733056 ], [ -90.805769, 33.732938 ], [ -90.816243, 33.776422 ], [ -90.815492, 33.835734 ], [ -90.836611, 33.850137 ], [ -90.867614, 33.849844 ], [ -90.867667, 33.952123 ], [ -90.832874, 33.952167 ], [ -90.817421, 33.98853 ], [ -90.817216, 34.077103 ], [ -90.872052, 34.076832 ] ] ] } },
{ "type": "Feature", "properties": { "geo_id": "2800186", "geo_name": "North Bolivar Consolidated School District", "geo_level": "school_district", "year": 2021 }, "geometry": { "type": "Polygon", "coordinates": [ [ [ -90.956901, 34.120091 ], [ -90.921294, 34.093514 ], [ -90.883126, 34.096729 ], [ -90.872052, 34.076832 ], [ -90.817216, 34.077103 ], [ -90.817421, 33.98853 ], [ -90.832874, 33.952167 ], [ -90.867667, 33.952123 ], [ -90.867614, 33.849844 ], [ -90.836611, 33.850137 ], [ -90.658255, 33.850737 ], [ -90.657002, 33.987586 ], [ -90.659457, 34.118867 ], [ -90.956901, 34.120091 ] ] ] } },
{ "type": "Feature", "properties": { "geo_id": "2800187", "geo_name": "Sunflower County Consolidated School District", "geo_level": "school_district", "year": 2021 }, "geometry": { "type": "Polygon", "coordinates": [ [ [ -90.763509, 33.529389 ], [ -90.7642, 33.299473 ], [ -90.763773, 33.270359 ], [ -90.716277, 33.270032 ], [ -90.555211, 33.270533 ], [ -90.555549, 33.329181 ], [ -90.453233, 33.329484 ], [ -90.451643, 33.81139 ], [ -90.451012, 33.985689 ], [ -90.657002, 33.987586 ], [ -90.658255, 33.850737 ], [ -90.658601, 33.645271 ], [ -90.6586, 33.616272 ], [ -90.763469, 33.616164 ], [ -90.763509, 33.529389 ] ] ] } },
{ "type": "Feature", "properties": { "geo_id": "2800189", "geo_name": "Starkville Oktibbeha Consolidated School District", "geo_level": "school_district", "year": 2021 }, "geometry": { "type": "Polygon", "coordinates": [ [ [ -89.088446, 33.533202 ], [ -89.088255, 33.286003 ], [ -88.813053, 33.286424 ], [ -88.669076, 33.286922 ], [ -88.67125, 33.506168 ], [ -88.671526, 33.565135 ], [ -88.984181, 33.564251 ], [ -89.018613, 33.562114 ], [ -89.088263, 33.562039 ], [ -89.088446, 33.533202 ] ] ] } },
{ "type": "Feature", "properties": { "geo_id": "2800191", "geo_name": "West Point Consolidated School District", "geo_level": "school_district", "year": 2021 }, "geometry": { "type": "Polygon", "coordinates": [ [ [ -89.034498, 33.73943 ], [ -89.034267, 33.63541 ], [ -89.01854, 33.635373 ], [ -89.018613, 33.562114 ], [ -88.984181, 33.564251 ], [ -88.671526, 33.565135 ], [ -88.67125, 33.506168 ], [ -88.609389, 33.506751 ], [ -88.531445, 33.53738 ], [ -88.480299, 33.522741 ], [ -88.494864, 33.579522 ], [ -88.478079, 33.606435 ], [ -88.513917, 33.650209 ], [ -88.497147, 33.680181 ], [ -88.719626, 33.680253 ], [ -88.719979, 33.81133 ], [ -88.746039, 33.810868 ], [ -88.931176, 33.812374 ], [ -88.931604, 33.754312 ], [ -89.034775, 33.754156 ], [ -89.034498, 33.73943 ] ] ] } },
{ "type": "Feature", "properties": { "geo_id": "2800195", "geo_name": "Holmes County Consolidated School District", "geo_level": "school_district", "year": 2021 }, "geometry": { "type": "Polygon", "coordinates": [ [ [ -90.331589, 33.302825 ], [ -90.330312, 33.137818 ], [ -90.383098, 33.121422 ], [ -90.393411, 33.101737 ], [ -90.428774, 33.107932 ], [ -90.429783, 33.060991 ], [ -90.391456, 33.04999 ], [ -90.364031, 33.010596 ], [ -90.338339, 33.010131 ], [ -89.965882, 32.879573 ], [ -89.902501, 32.92794 ], [ -89.888256, 32.98036 ], [ -89.836363, 33.039984 ], [ -89.823902, 33.064343 ], [ -89.821235, 33.114219 ], [ -89.795852, 33.124663 ], [ -89.795576, 33.155933 ], [ -89.77873, 33.191494 ], [ -89.749441, 33.214478 ], [ -89.875083, 33.248866 ], [ -90.174614, 33.333378 ], [ -90.295029, 33.361784 ], [ -90.279627, 33.339509 ], [ -90.29169, 33.31901 ], [ -90.331589, 33.302825 ] ] ] } },
{ "type": "Feature", "properties": { "geo_id": "2800196", "geo_name": "Winona-Montgomery County Consolidated School District", "geo_level": "school_district", "year": 2021 }, "geometry": { "type": "Polygon", "coordinates": [ [ [ -89.78689, 33.676727 ], [ -89.785227, 33.416275 ], [ -89.715847, 33.416766 ], [ -89.715631, 33.402066 ], [ -89.646314, 33.402544 ], [ -89.64528, 33.285515 ], [ -89.453808, 33.285942 ], [ -89.45405, 33.4332 ], [ -89.41103, 33.435872 ], [ -89.381092, 33.460307 ], [ -89.506496, 33.459806 ], [ -89.506872, 33.677605 ], [ -89.78689, 33.676727 ] ] ] } },
{ "type": "Feature", "properties": { "geo_id": "2800198", "geo_name": "Greenwood-Leflore Consolidated School District", "geo_level": "school_district", "year": 2021 }, "geometry": { "type": "Polygon", "coordinates": [ [ [ -90.453233, 33.329484 ], [ -90.453801, 33.267302 ], [ -90.410827, 33.245111 ], [ -90.381958, 33.244401 ], [ -90.374161, 33.281928 ], [ -90.331589, 33.302825 ], [ -90.29169, 33.31901 ], [ -90.279627, 33.339509 ], [ -90.295029, 33.361784 ], [ -90.174614, 33.333378 ], [ -90.174756, 33.417003 ], [ -90.137817, 33.416455 ], [ -90.13761, 33.459114 ], [ -90.101401, 33.45894 ], [ -90.102155, 33.652419 ], [ -90.127775, 33.676956 ], [ -90.136787, 33.721648 ], [ -90.220439, 33.722122 ], [ -90.25234, 33.730316 ], [ -90.269105, 33.697208 ], [ -90.301138, 33.699192 ], [ -90.313859, 33.725746 ], [ -90.294502, 33.750981 ], [ -90.250086, 33.763147 ], [ -90.204205, 33.759446 ], [ -90.17144, 33.789671 ], [ -90.182584, 33.809322 ], [ -90.451643, 33.81139 ], [ -90.453233, 33.329484 ] ] ] } },
{ "type": "Feature", "properties": { "geo_id": "2800360", "geo_name": "Aberdeen School District", "geo_level": "school_district", "year": 2021 }, "geometry": { "type": "Polygon", "coordinates": [ [ [ -88.662517, 33.944694 ], [ -88.670399, 33.96036 ], [ -88.719985, 33.96024 ], [ -88.719979, 33.81133 ], [ -88.719626, 33.680253 ], [ -88.497147, 33.680181 ], [ -88.483048, 33.705524 ], [ -88.500665, 33.760423 ], [ -88.493094, 33.780519 ], [ -88.458267, 33.767547 ], [ -88.459726, 33.824471 ], [ -88.492164, 33.824614 ], [ -88.493643, 33.882521 ], [ -88.539074, 33.882444 ], [ -88.549636, 33.898698 ], [ -88.630264, 33.89849 ], [ -88.662517, 33.944694 ] ] ] } },
{ "type": "Feature", "properties": { "geo_id": "2800390", "geo_name": "Alcorn School District", "geo_level": "school_district", "year": 2021 }, "geometry": { "type": "Polygon", "coordinates": [ [ [ -88.823051, 34.995221 ], [ -88.823473, 34.858629 ], [ -88.752956, 34.858775 ], [ -88.75305, 34.786201 ], [ -88.753065, 34.75696 ], [ -88.718508, 34.756781 ], [ -88.365472, 34.755604 ], [ -88.363531, 34.995475 ], [ -88.47298, 34.996033 ], [ -88.470608, 34.904879 ], [ -88.561735, 34.901824 ], [ -88.564503, 34.960897 ], [ -88.531046, 34.995823 ], [ -88.823051, 34.995221 ] ] ] } },
{ "type": "Feature", "properties": { "geo_id": "2800420", "geo_name": "Amite County School District", "geo_level": "school_district", "year": 2021 }, "geometry": { "type": "Polygon", "coordinates": [ [ [ -90.633302, 31.349306 ], [ -90.983002, 31.348671 ], [ -91.095398, 31.320975 ], [ -91.079954, 31.288828 ], [ -91.059431, 31.281858 ], [ -91.060219, 30.998927 ], [ -90.547616, 30.99972 ], [ -90.548108, 31.203508 ], [ -90.54816, 31.291796 ], [ -90.548199, 31.349574 ], [ -90.633302, 31.349306 ] ] ] } },
{ "type": "Feature", "properties": { "geo_id": "2800450", "geo_name": "Amory School District", "geo_level": "school_district", "year": 2021 }, "geometry": { "type": "Polygon", "coordinates": [ [ [ -88.662517, 33.944694 ], [ -88.630264, 33.89849 ], [ -88.549636, 33.898698 ], [ -88.53216, 33.922498 ], [ -88.529684, 33.953185 ], [ -88.465484, 33.971238 ], [ -88.482123, 34.047057 ], [ -88.528583, 34.062286 ], [ -88.556505, 34.031237 ], [ -88.619449, 34.031166 ], [ -88.654751, 34.015335 ], [ -88.63787, 34.00195 ], [ -88.643284, 33.944467 ], [ -88.662517, 33.944694 ] ] ] } },
{ "type": "Feature", "properties": { "geo_id": "2800510", "geo_name": "Attala County School District", "geo_level": "school_district", "year": 2021 }, "geometry": { "type": "Polygon", "coordinates": [ [ [ -89.749441, 33.214478 ], [ -89.77873, 33.191494 ], [ -89.795576, 33.155933 ], [ -89.795852, 33.124663 ], [ -89.821235, 33.114219 ], [ -89.823902, 33.064343 ], [ -89.836363, 33.039984 ], [ -89.888256, 32.98036 ], [ -89.902501, 32.92794 ], [ -89.965882, 32.879573 ], [ -89.839539, 32.879701 ], [ -89.730016, 32.885072 ], [ -89.730154, 32.929924 ], [ -89.600814, 32.930518 ], [ -89.594279, 33.020259 ], [ -89.627264, 33.069815 ], [ -89.662836, 33.069706 ], [ -89.670974, 33.09135 ], [ -89.721508, 33.081701 ], [ -89.734722, 33.106274 ], [ -89.730758, 33.134983 ], [ -89.694645, 33.144834 ], [ -89.707799, 33.197019 ], [ -89.628089, 33.196986 ], [ -89.628322, 33.174079 ], [ -89.559122, 33.181999 ], [ -89.537146, 33.196146 ], [ -89.525485, 33.137813 ], [ -89.533458, 33.122344 ], [ -89.462457, 33.046053 ], [ -89.462103, 32.996851 ], [ -89.470083, 32.975585 ], [ -89.543997, 32.969069 ], [ -89.543931, 32.930878 ], [ -89.319163, 32.931654 ], [ -89.317855, 33.108871 ], [ -89.316408, 33.285556 ], [ -89.453808, 33.285942 ], [ -89.64528, 33.285515 ], [ -89.701474, 33.285515 ], [ -89.749441, 33.214478 ] ] ] } },
{ "type": "Feature", "properties": { "geo_id": "2800540", "geo_name": "Baldwyn School District", "geo_level": "school_district", "year": 2021 }, "geometry": { "type": "Polygon", "coordinates": [ [ [ -88.73544, 34.596483 ], [ -88.736465, 34.50891 ], [ -88.718896, 34.494638 ], [ -88.684921, 34.494929 ], [ -88.684821, 34.467635 ], [ -88.594719, 34.464848 ], [ -88.594931, 34.450556 ], [ -88.542068, 34.435641 ], [ -88.542079, 34.465276 ], [ -88.541749, 34.509192 ], [ -88.594089, 34.510876 ], [ -88.595152, 34.52682 ], [ -88.647141, 34.556926 ], [ -88.665234, 34.596544 ], [ -88.717794, 34.596472 ], [ -88.73544, 34.596483 ] ] ] } },
{ "type": "Feature", "properties": { "geo_id": "2800570", "geo_name": "Bay St. Louis-Waveland School District", "geo_level": "school_district", "year": 2021 }, "geometry": { "type": "Polygon", "coordinates": [ [ [ -89.340847, 30.357995 ], [ -89.367843, 30.337364 ], [ -89.408289, 30.338383 ], [ -89.393567, 30.313648 ], [ -89.410407, 30.298439 ], [ -89.411549, 30.258544 ], [ -89.34503, 30.293771 ], [ -89.306794, 30.239651 ], [ -89.306897, 30.309105 ], [ -89.311145, 30.346396 ], [ -89.340847, 30.357995 ] ] ] } },
{ "type": "Feature", "properties": { "geo_id": "2800600", "geo_name": "Benton County School District", "geo_level": "school_district", "year": 2021 }, "geometry": { "type": "Polygon", "coordinates": [ [ [ -89.352679, 34.993863 ], [ -89.352705, 34.844432 ], [ -89.299227, 34.844415 ], [ -89.2989, 34.731025 ], [ -89.298334, 34.582926 ], [ -89.245645, 34.583234 ], [ -89.245611, 34.597601 ], [ -89.088488, 34.598247 ], [ -89.0884, 34.785962 ], [ -89.088065, 34.815307 ], [ -89.03534, 34.81526 ], [ -89.035009, 34.858762 ], [ -89.017551, 34.858723 ], [ -89.017127, 34.994971 ], [ -89.352679, 34.993863 ] ] ] } },
{ "type": "Feature", "properties": { "geo_id": "2800630", "geo_name": "Biloxi Public School District", "geo_level": "school_district", "year": 2021 }, "geometry": { "type": "Polygon", "coordinates": [ [ [ -89.001328, 30.406118 ], [ -89.001011, 30.387072 ], [ -88.920195, 30.393848 ], [ -88.857201, 30.389951 ], [ -88.845551, 30.405214 ], [ -88.861843, 30.415621 ], [ -88.88313, 30.418798 ], [ -88.917029, 30.423055 ], [ -88.917104, 30.447645 ], [ -88.963902, 30.453919 ], [ -88.990833, 30.437196 ], [ -89.001328, 30.406118 ] ] ] } },
{ "type": "Feature", "properties": { "geo_id": "2800750", "geo_name": "Cleveland School District", "geo_level": "school_district", "year": 2021 }, "geometry": { "type": "Polygon", "coordinates": [ [ [ -90.836611, 33.850137 ], [ -90.815492, 33.835734 ], [ -90.816243, 33.776422 ], [ -90.805769, 33.732938 ], [ -90.763022, 33.733056 ], [ -90.763333, 33.645564 ], [ -90.658601, 33.645271 ], [ -90.658255, 33.850737 ], [ -90.836611, 33.850137 ] ] ] } },
{ "type": "Feature", "properties": { "geo_id": "2800820", "geo_name": "Booneville School District", "geo_level": "school_district", "year": 2021 }, "geometry": { "type": "Polygon", "coordinates": [ [ [ -88.58774, 34.670353 ], [ -88.582461, 34.633403 ], [ -88.537761, 34.637953 ], [ -88.542872, 34.669025 ], [ -88.58774, 34.670353 ] ] ] } },
{ "type": "Feature", "properties": { "geo_id": "2800840", "geo_name": "Brookhaven School District", "geo_level": "school_district", "year": 2021 }, "geometry": { "type": "Polygon", "coordinates": [ [ [ -90.244854, 31.643555 ], [ -90.259727, 31.632012 ], [ -90.343458, 31.627927 ], [ -90.380508, 31.618545 ], [ -90.409109, 31.65153 ], [ -90.41563, 31.67328 ], [ -90.480465, 31.669298 ], [ -90.48638, 31.62814 ], [ -90.480256, 31.583026 ], [ -90.517951, 31.57858 ], [ -90.558696, 31.549339 ], [ -90.53574, 31.524214 ], [ -90.467174, 31.519547 ], [ -90.467602, 31.492698 ], [ -90.4426, 31.492657 ], [ -90.397623, 31.522661 ], [ -90.370278, 31.493969 ], [ -90.244529, 31.493155 ], [ -90.244854, 31.643555 ] ] ] } },
{ "type": "Feature", "properties": { "geo_id": "2800870", "geo_name": "Calhoun County School District", "geo_level": "school_district", "year": 2021 }, "geometry": { "type": "Polygon", "coordinates": [ [ [ -89.509748, 34.162082 ], [ -89.507597, 34.041543 ], [ -89.507353, 33.867469 ], [ -89.507135, 33.721819 ], [ -89.191924, 33.722158 ], [ -89.191781, 33.738602 ], [ -89.19004, 33.81171 ], [ -89.137876, 33.812144 ], [ -89.13814, 33.959113 ], [ -89.139158, 34.074116 ], [ -89.244436, 34.073942 ], [ -89.245485, 34.161186 ], [ -89.509748, 34.162082 ] ] ] } },
{ "type": "Feature", "properties": { "geo_id": "2800900", "geo_name": "Canton Public School District", "geo_level": "school_district", "year": 2021 }, "geometry": { "type": "Polygon", "coordinates": [ [ [ -90.235161, 32.665755 ], [ -90.235339, 32.618529 ], [ -90.201315, 32.618632 ], [ -90.201003, 32.545971 ], [ -90.045279, 32.546165 ], [ -90.045379, 32.531533 ], [ -89.969434, 32.531294 ], [ -89.936445, 32.545678 ], [ -89.934549, 32.725183 ], [ -89.948377, 32.741563 ], [ -89.984416, 32.731637 ], [ -90.031317, 32.733286 ], [ -90.042441, 32.744143 ], [ -90.076365, 32.729443 ], [ -90.094297, 32.704432 ], [ -90.136027, 32.697248 ], [ -90.197729, 32.66385 ], [ -90.235161, 32.665755 ] ] ] } },
{ "type": "Feature", "properties": { "geo_id": "2800930", "geo_name": "Carroll County School District", "geo_level": "school_district", "year": 2021 }, "geometry": { "type": "Polygon", "coordinates": [ [ [ -90.127775, 33.676956 ], [ -90.102155, 33.652419 ], [ -90.101401, 33.45894 ], [ -90.13761, 33.459114 ], [ -90.137817, 33.416455 ], [ -90.174756, 33.417003 ], [ -90.174614, 33.333378 ], [ -89.875083, 33.248866 ], [ -89.749441, 33.214478 ], [ -89.701474, 33.285515 ], [ -89.64528, 33.285515 ], [ -89.646314, 33.402544 ], [ -89.715631, 33.402066 ], [ -89.715847, 33.416766 ], [ -89.785227, 33.416275 ], [ -89.78689, 33.676727 ], [ -90.127775, 33.676956 ] ] ] } },
{ "type": "Feature", "properties": { "geo_id": "2800960", "geo_name": "Chickasaw County School District", "geo_level": "school_district", "year": 2021 }, "geometry": { "type": "Polygon", "coordinates": [ [ [ -89.139158, 34.074116 ], [ -89.13814, 33.959113 ], [ -89.117026, 33.972033 ], [ -88.967457, 33.973362 ], [ -88.929909, 33.986952 ], [ -88.87374, 33.986949 ], [ -88.881428, 33.955991 ], [ -88.834254, 33.955958 ], [ -88.834065, 33.986141 ], [ -88.860191, 34.005806 ], [ -88.859755, 34.036517 ], [ -88.843671, 34.074952 ], [ -89.139158, 34.074116 ] ] ] } },
{ "type": "Feature", "properties": { "geo_id": "2800990", "geo_name": "Choctaw County School District", "geo_level": "school_district", "year": 2021 }, "geometry": { "type": "Polygon", "coordinates": [ [ [ -89.381092, 33.460307 ], [ -89.41103, 33.435872 ], [ -89.45405, 33.4332 ], [ -89.453808, 33.285942 ], [ -89.316408, 33.285556 ], [ -89.317855, 33.108871 ], [ -89.213921, 33.109402 ], [ -89.213422, 33.197543 ], [ -89.1089, 33.198059 ], [ -89.108886, 33.285937 ], [ -89.088255, 33.286003 ], [ -89.088446, 33.533202 ], [ -89.180963, 33.532845 ], [ -89.222039, 33.527245 ], [ -89.319446, 33.496709 ], [ -89.339624, 33.469915 ], [ -89.381092, 33.460307 ] ] ] } },
{ "type": "Feature", "properties": { "geo_id": "2801020", "geo_name": "Claiborne County School District", "geo_level": "school_district", "year": 2021 }, "geometry": { "type": "Polygon", "coordinates": [ [ [ -91.030207, 32.114353 ], [ -91.038607, 32.098253 ], [ -91.080008, 32.079154 ], [ -91.098708, 32.048355 ], [ -91.139309, 32.081753 ], [ -91.16201, 32.061855 ], [ -91.141109, 32.045654 ], [ -91.093408, 32.036855 ], [ -91.075908, 32.016827 ], [ -91.106908, 31.989357 ], [ -91.16441, 31.982557 ], [ -91.18811, 31.961358 ], [ -91.20101, 31.909159 ], [ -91.248144, 31.869848 ], [ -91.013676, 31.861852 ], [ -90.842, 31.826498 ], [ -90.852657, 31.785422 ], [ -90.736282, 31.786134 ], [ -90.73611, 31.801303 ], [ -90.716785, 31.844583 ], [ -90.715843, 31.962223 ], [ -90.718297, 32.048352 ], [ -90.728622, 32.225119 ], [ -90.753234, 32.196059 ], [ -90.79005, 32.174716 ], [ -90.77482, 32.153993 ], [ -90.882558, 32.114534 ], [ -90.90774, 32.131888 ], [ -90.92432, 32.097477 ], [ -90.956787, 32.083597 ], [ -91.030207, 32.114353 ] ] ] } },
{ "type": "Feature", "properties": { "geo_id": "2801050", "geo_name": "Clarksdale Municipal School District", "geo_level": "school_district", "year": 2021 }, "geometry": { "type": "Polygon", "coordinates": [ [ [ -90.629067, 34.15975 ], [ -90.589169, 34.172782 ], [ -90.546538, 34.165649 ], [ -90.527798, 34.188796 ], [ -90.537935, 34.222745 ], [ -90.588688, 34.21203 ], [ -90.629067, 34.15975 ] ] ] } },
{ "type": "Feature", "properties": { "geo_id": "2801090", "geo_name": "Clinton Public School District", "geo_level": "school_district", "year": 2021 }, "geometry": { "type": "Polygon", "coordinates": [ [ [ -90.484132, 32.542993 ], [ -90.483961, 32.478841 ], [ -90.449992, 32.466246 ], [ -90.449885, 32.438385 ], [ -90.432634, 32.423721 ], [ -90.449347, 32.394259 ], [ -90.448484, 32.359325 ], [ -90.398972, 32.352944 ], [ -90.399302, 32.312638 ], [ -90.37462, 32.292351 ], [ -90.321676, 32.297378 ], [ -90.305431, 32.312538 ], [ -90.279611, 32.37109 ], [ -90.243649, 32.40721 ], [ -90.243641, 32.487533 ], [ -90.445946, 32.487903 ], [ -90.450037, 32.573783 ], [ -90.484132, 32.542993 ] ] ] } },
{ "type": "Feature", "properties": { "geo_id": "2801110", "geo_name": "Coahoma County School District", "geo_level": "school_district", "year": 2021 }, "geometry": { "type": "Polygon", "coordinates": [ [ [ -90.567874, 34.523999 ], [ -90.59392, 34.484176 ], [ -90.577894, 34.433255 ], [ -90.586232, 34.409172 ], [ -90.616109, 34.389788 ], [ -90.652783, 34.381682 ], [ -90.666853, 34.355773 ], [ -90.657488, 34.322231 ], [ -90.693129, 34.32257 ], [ -90.680658, 34.370689 ], [ -90.707252, 34.361181 ], [ -90.757304, 34.367392 ], [ -90.76513, 34.342511 ], [ -90.735873, 34.310687 ], [ -90.760423, 34.270733 ], [ -90.816736, 34.280649 ], [ -90.833629, 34.274074 ], [ -90.847149, 34.20613 ], [ -90.881338, 34.216377 ], [ -90.906334, 34.244382 ], [ -90.934544, 34.217854 ], [ -90.886746, 34.182501 ], [ -90.817488, 34.183198 ], [ -90.807564, 34.161821 ], [ -90.836099, 34.137876 ], [ -90.868618, 34.142516 ], [ -90.909957, 34.165511 ], [ -90.958644, 34.135484 ], [ -90.956901, 34.120091 ], [ -90.659457, 34.118867 ], [ -90.657002, 33.987586 ], [ -90.451012, 33.985689 ], [ -90.450981, 34.072932 ], [ -90.450572, 34.262402 ], [ -90.399014, 34.261524 ], [ -90.399498, 34.423807 ], [ -90.567874, 34.523999 ] ], [ [ -90.629067, 34.15975 ], [ -90.588688, 34.21203 ], [ -90.537935, 34.222745 ], [ -90.527798, 34.188796 ], [ -90.546538, 34.165649 ], [ -90.589169, 34.172782 ], [ -90.629067, 34.15975 ] ] ] } },
{ "type": "Feature", "properties": { "geo_id": "2801140", "geo_name": "Coffeeville School District", "geo_level": "school_district", "year": 2021 }, "geometry": { "type": "Polygon", "coordinates": [ [ [ -89.931485, 34.164303 ], [ -89.925497, 34.140553 ], [ -89.926099, 33.897957 ], [ -89.769296, 33.897137 ], [ -89.76905, 33.867334 ], [ -89.507353, 33.867469 ], [ -89.507597, 34.041543 ], [ -89.577174, 34.041352 ], [ -89.577075, 34.058194 ], [ -89.734806, 34.057031 ], [ -89.775702, 34.072199 ], [ -89.77636, 34.163684 ], [ -89.931485, 34.164303 ] ] ] } },
{ "type": "Feature", "properties": { "geo_id": "2801170", "geo_name": "Columbia School District", "geo_level": "school_district", "year": 2021 }, "geometry": { "type": "Polygon", "coordinates": [ [ [ -89.966305, 31.390493 ], [ -89.959252, 31.346495 ], [ -89.94032, 31.327529 ], [ -89.894409, 31.326124 ], [ -89.85393, 31.282771 ], [ -89.854312, 31.254894 ], [ -89.814269, 31.205163 ], [ -89.754518, 31.204986 ], [ -89.755628, 31.262575 ], [ -89.807228, 31.258986 ], [ -89.806578, 31.345637 ], [ -89.857588, 31.332214 ], [ -89.85634, 31.390215 ], [ -89.95894, 31.390489 ], [ -89.966305, 31.390493 ] ] ] } },
{ "type": "Feature", "properties": { "geo_id": "2801200", "geo_name": "Columbus Municipal School District", "geo_level": "school_district", "year": 2021 }, "geometry": { "type": "MultiPolygon", "coordinates": [ [ [ [ -88.48058, 33.65953 ], [ -88.480136, 33.637991 ], [ -88.45361, 33.622641 ], [ -88.427368, 33.633029 ], [ -88.427841, 33.652964 ], [ -88.48058, 33.65953 ] ] ], [ [ [ -88.480299, 33.522741 ], [ -88.487215, 33.502536 ], [ -88.455274, 33.488104 ], [ -88.433012, 33.45459 ], [ -88.359125, 33.444785 ], [ -88.359647, 33.575759 ], [ -88.432484, 33.576047 ], [ -88.433268, 33.606232 ], [ -88.478079, 33.606435 ], [ -88.494864, 33.579522 ], [ -88.480299, 33.522741 ] ] ] ] } },
{ "type": "Feature", "properties": { "geo_id": "2801220", "geo_name": "Copiah County School District", "geo_level": "school_district", "year": 2021 }, "geometry": { "type": "Polygon", "coordinates": [ [ [ -90.736282, 31.786134 ], [ -90.736824, 31.698491 ], [ -90.621684, 31.698096 ], [ -90.414198, 31.700456 ], [ -90.279953, 31.699865 ], [ -90.245191, 31.717524 ], [ -90.184139, 31.731462 ], [ -90.122565, 31.75268 ], [ -90.110981, 31.789266 ], [ -90.140757, 31.789353 ], [ -90.132552, 31.856923 ], [ -90.145716, 31.892867 ], [ -90.170276, 31.904472 ], [ -90.168325, 31.930549 ], [ -90.191385, 31.93936 ], [ -90.209267, 31.98934 ], [ -90.247752, 32.030681 ], [ -90.230331, 32.049728 ], [ -90.655148, 32.049958 ], [ -90.718297, 32.048352 ], [ -90.715843, 31.962223 ], [ -90.62075, 31.96354 ], [ -90.621347, 31.991824 ], [ -90.500153, 31.993418 ], [ -90.499682, 31.950489 ], [ -90.398472, 31.950954 ], [ -90.367424, 31.945252 ], [ -90.367084, 31.923432 ], [ -90.317202, 31.922927 ], [ -90.275031, 31.910083 ], [ -90.274266, 31.846145 ], [ -90.231266, 31.818085 ], [ -90.230437, 31.775571 ], [ -90.367282, 31.774042 ], [ -90.367113, 31.759193 ], [ -90.516118, 31.757816 ], [ -90.516422, 31.772434 ], [ -90.565308, 31.772242 ], [ -90.582549, 31.801144 ], [ -90.73611, 31.801303 ], [ -90.736282, 31.786134 ] ] ] } },
{ "type": "Feature", "properties": { "geo_id": "2801260", "geo_name": "Corinth School District", "geo_level": "school_district", "year": 2021 }, "geometry": { "type": "Polygon", "coordinates": [ [ [ -88.531046, 34.995823 ], [ -88.564503, 34.960897 ], [ -88.561735, 34.901824 ], [ -88.470608, 34.904879 ], [ -88.47298, 34.996033 ], [ -88.531046, 34.995823 ] ] ] } },
{ "type": "Feature", "properties": { "geo_id": "2801290", "geo_name": "Covington County School District", "geo_level": "school_district", "year": 2021 }, "geometry": { "type": "Polygon", "coordinates": [ [ [ -89.755103, 31.774654 ], [ -89.755614, 31.609751 ], [ -89.672328, 31.564492 ], [ -89.640317, 31.559584 ], [ -89.602889, 31.538836 ], [ -89.586919, 31.513444 ], [ -89.586819, 31.433688 ], [ -89.451616, 31.434029 ], [ -89.399178, 31.434029 ], [ -89.401227, 31.796863 ], [ -89.653025, 31.780653 ], [ -89.755103, 31.774654 ] ] ] } },
{ "type": "Feature", "properties": { "geo_id": "2801320", "geo_name": "DeSoto County School District", "geo_level": "school_district", "year": 2021 }, "geometry": { "type": "Polygon", "coordinates": [ [ [ -89.724324, 34.99479 ], [ -90.127607, 34.994684 ], [ -90.308361, 34.995694 ], [ -90.295159, 34.975634 ], [ -90.243757, 34.94527 ], [ -90.243208, 34.9091 ], [ -90.257858, 34.893385 ], [ -90.317741, 34.871058 ], [ -90.304561, 34.860587 ], [ -90.202126, 34.860374 ], [ -90.200199, 34.724418 ], [ -90.169988, 34.758735 ], [ -90.132368, 34.759913 ], [ -90.098277, 34.731783 ], [ -90.029144, 34.708176 ], [ -89.925158, 34.751536 ], [ -89.908587, 34.772641 ], [ -89.723442, 34.772311 ], [ -89.724187, 34.969946 ], [ -89.724183, 34.972377 ], [ -89.724324, 34.99479 ] ] ] } },
{ "type": "Feature", "properties": { "geo_id": "2801380", "geo_name": "East Jasper School District", "geo_level": "school_district", "year": 2021 }, "geometry": { "type": "Polygon", "coordinates": [ [ [ -89.117675, 32.223972 ], [ -89.117062, 32.079197 ], [ -89.083324, 32.079232 ], [ -89.116844, 32.020299 ], [ -89.116439, 31.976514 ], [ -89.150236, 31.976628 ], [ -89.150379, 31.947807 ], [ -89.116232, 31.948211 ], [ -89.113276, 31.814121 ], [ -88.943355, 31.824565 ], [ -88.910459, 31.826649 ], [ -88.91356, 32.108454 ], [ -88.913847, 32.224186 ], [ -89.100296, 32.223961 ], [ -89.117675, 32.223972 ] ] ] } },
{ "type": "Feature", "properties": { "geo_id": "2801410", "geo_name": "East Tallahatchie School District", "geo_level": "school_district", "year": 2021 }, "geometry": { "type": "Polygon", "coordinates": [ [ [ -90.18689, 34.072992 ], [ -90.187, 33.997642 ], [ -90.241705, 33.935811 ], [ -90.241374, 33.840838 ], [ -90.18902, 33.840577 ], [ -90.189122, 33.814299 ], [ -90.136491, 33.809319 ], [ -89.978367, 33.809719 ], [ -89.978268, 33.82396 ], [ -89.926294, 33.823854 ], [ -89.926099, 33.897957 ], [ -89.925497, 34.140553 ], [ -89.931485, 34.164303 ], [ -89.96408, 34.159472 ], [ -90.135456, 34.160074 ], [ -90.135695, 34.0729 ], [ -90.18689, 34.072992 ] ] ] } },
{ "type": "Feature", "properties": { "geo_id": "2801440", "geo_name": "Enterprise School District", "geo_level": "school_district", "year": 2021 }, "geometry": { "type": "Polygon", "coordinates": [ [ [ -88.913847, 32.224186 ], [ -88.91356, 32.108454 ], [ -88.887322, 32.108518 ], [ -88.874119, 32.058977 ], [ -88.810211, 32.059531 ], [ -88.811319, 32.166865 ], [ -88.741589, 32.166458 ], [ -88.723811, 32.152963 ], [ -88.630425, 32.153688 ], [ -88.627115, 32.138125 ], [ -88.442661, 32.138601 ], [ -88.431379, 32.227666 ], [ -88.913847, 32.224186 ] ] ] } },
{ "type": "Feature", "properties": { "geo_id": "2801470", "geo_name": "Forest Municipal School District", "geo_level": "school_district", "year": 2021 }, "geometry": { "type": "Polygon", "coordinates": [ [ [ -89.403661, 32.223284 ], [ -89.423322, 32.237986 ], [ -89.474668, 32.237848 ], [ -89.474709, 32.31283 ], [ -89.455739, 32.342908 ], [ -89.421598, 32.342725 ], [ -89.392722, 32.355453 ], [ -89.373085, 32.394918 ], [ -89.423596, 32.398717 ], [ -89.423599, 32.382719 ], [ -89.474935, 32.387821 ], [ -89.474348, 32.474102 ], [ -89.523393, 32.473852 ], [ -89.526007, 32.370964 ], [ -89.56025, 32.370742 ], [ -89.560336, 32.294901 ], [ -89.535417, 32.294595 ], [ -89.526884, 32.249796 ], [ -89.55326, 32.24984 ], [ -89.560428, 32.223557 ], [ -89.403661, 32.223284 ] ] ] } },
{ "type": "Feature", "properties": { "geo_id": "2801490", "geo_name": "Forrest County Schools", "geo_level": "school_district", "year": 2021 }, "geometry": { "type": "Polygon", "coordinates": [ [ [ -89.451616, 31.434029 ], [ -89.451073, 31.346383 ], [ -89.355955, 31.346642 ], [ -89.280963, 31.346613 ], [ -89.263138, 31.308967 ], [ -89.292559, 31.302852 ], [ -89.285051, 31.270733 ], [ -89.250942, 31.272462 ], [ -89.247351, 31.243557 ], [ -89.278146, 31.242644 ], [ -89.287184, 31.270774 ], [ -89.309974, 31.297376 ], [ -89.347893, 31.294324 ], [ -89.348966, 31.001043 ], [ -89.340701, 31.001033 ], [ -89.340806, 30.909912 ], [ -89.137967, 30.909877 ], [ -89.138154, 31.000185 ], [ -89.146176, 31.000447 ], [ -89.145594, 31.224317 ], [ -89.162704, 31.217784 ], [ -89.194984, 31.247015 ], [ -89.225355, 31.259473 ], [ -89.279861, 31.339374 ], [ -89.275876, 31.377563 ], [ -89.299027, 31.434149 ], [ -89.399178, 31.434029 ], [ -89.451616, 31.434029 ] ] ] } },
{ "type": "Feature", "properties": { "geo_id": "2801530", "geo_name": "Franklin County School District", "geo_level": "school_district", "year": 2021 }, "geometry": { "type": "Polygon", "coordinates": [ [ [ -91.153864, 31.610068 ], [ -91.15815, 31.346695 ], [ -91.111504, 31.319951 ], [ -91.095398, 31.320975 ], [ -90.983002, 31.348671 ], [ -90.633302, 31.349306 ], [ -90.633231, 31.611409 ], [ -90.73733, 31.611124 ], [ -91.153864, 31.610068 ] ] ] } },
{ "type": "Feature", "properties": { "geo_id": "2801560", "geo_name": "George County School District", "geo_level": "school_district", "year": 2021 }, "geometry": { "type": "Polygon", "coordinates": [ [ [ -88.885038, 30.910788 ], [ -88.884534, 30.735591 ], [ -88.834081, 30.734236 ], [ -88.412612, 30.73559 ], [ -88.425432, 30.998323 ], [ -88.834339, 30.997983 ], [ -88.834475, 30.910323 ], [ -88.885038, 30.910788 ] ] ] } },
{ "type": "Feature", "properties": { "geo_id": "2801590", "geo_name": "Greene County School District", "geo_level": "school_district", "year": 2021 }, "geometry": { "type": "Polygon", "coordinates": [ [ [ -88.841707, 31.433703 ], [ -88.841174, 31.258286 ], [ -88.840929, 30.99841 ], [ -88.834339, 30.997983 ], [ -88.425432, 30.998323 ], [ -88.432007, 31.114298 ], [ -88.449438, 31.435837 ], [ -88.841707, 31.433703 ] ] ] } },
{ "type": "Feature", "properties": { "geo_id": "2801620", "geo_name": "Greenville Public School District", "geo_level": "school_district", "year": 2021 }, "geometry": { "type": "Polygon", "coordinates": [ [ [ -91.117658, 33.457558 ], [ -91.132746, 33.429622 ], [ -91.178857, 33.417145 ], [ -91.206477, 33.400143 ], [ -91.169702, 33.380351 ], [ -91.120367, 33.388866 ], [ -91.096374, 33.412623 ], [ -91.096262, 33.438493 ], [ -91.058109, 33.446907 ], [ -91.063801, 33.419276 ], [ -91.130387, 33.357111 ], [ -91.063006, 33.357622 ], [ -91.022215, 33.370224 ], [ -91.004496, 33.388045 ], [ -91.004815, 33.429288 ], [ -91.022344, 33.457791 ], [ -91.117658, 33.457558 ] ] ] } },
{ "type": "Feature", "properties": { "geo_id": "2801680", "geo_name": "Grenada School District", "geo_level": "school_district", "year": 2021 }, "geometry": { "type": "Polygon", "coordinates": [ [ [ -90.136787, 33.721648 ], [ -90.127775, 33.676956 ], [ -89.78689, 33.676727 ], [ -89.506872, 33.677605 ], [ -89.507135, 33.721819 ], [ -89.507353, 33.867469 ], [ -89.76905, 33.867334 ], [ -89.769296, 33.897137 ], [ -89.926099, 33.897957 ], [ -89.926294, 33.823854 ], [ -89.978268, 33.82396 ], [ -89.978367, 33.809719 ], [ -90.136491, 33.809319 ], [ -90.136787, 33.721648 ] ] ] } },
{ "type": "Feature", "properties": { "geo_id": "2801710", "geo_name": "Gulfport School District", "geo_level": "school_district", "year": 2021 }, "geometry": { "type": "Polygon", "coordinates": [ [ [ -89.136636, 30.398449 ], [ -89.136243, 30.366395 ], [ -89.117538, 30.342797 ], [ -89.000786, 30.373767 ], [ -89.001011, 30.387072 ], [ -89.001328, 30.406118 ], [ -89.037095, 30.426283 ], [ -89.069437, 30.426996 ], [ -89.081438, 30.398497 ], [ -89.136636, 30.398449 ] ] ] } },
{ "type": "Feature", "properties": { "geo_id": "2801740", "geo_name": "Hancock County School District", "geo_level": "school_district", "year": 2021 }, "geometry": { "type": "Polygon", "coordinates": [ [ [ -89.67118, 30.384862 ], [ -89.657287, 30.357183 ], [ -89.630622, 30.337491 ], [ -89.631614, 30.257013 ], [ -89.616828, 30.225772 ], [ -89.571907, 30.180721 ], [ -89.538635, 30.19589 ], [ -89.516891, 30.16459 ], [ -89.456818, 30.165733 ], [ -89.416711, 30.177639 ], [ -89.306135, 30.177941 ], [ -89.306794, 30.239651 ], [ -89.34503, 30.293771 ], [ -89.411549, 30.258544 ], [ -89.410407, 30.298439 ], [ -89.393567, 30.313648 ], [ -89.408289, 30.338383 ], [ -89.367843, 30.337364 ], [ -89.340847, 30.357995 ], [ -89.341529, 30.454803 ], [ -89.341446, 30.64772 ], [ -89.544232, 30.648368 ], [ -89.54451, 30.516862 ], [ -89.563144, 30.516879 ], [ -89.543753, 30.486659 ], [ -89.545164, 30.385062 ], [ -89.67118, 30.384862 ] ] ] } },
{ "type": "Feature", "properties": { "geo_id": "2801770", "geo_name": "Harrison County School District", "geo_level": "school_district", "year": 2021 }, "geometry": { "type": "MultiPolygon", "coordinates": [ [ [ [ -89.306897, 30.309105 ], [ -89.306794, 30.239651 ], [ -89.306135, 30.177941 ], [ -89.260977, 30.181998 ], [ -89.183669, 30.212155 ], [ -89.096476, 30.165829 ], [ -88.88903, 30.139845 ], [ -88.90033, 30.16998 ], [ -88.85039, 30.192282 ], [ -88.821387, 30.21737 ], [ -88.795147, 30.199994 ], [ -88.795287, 30.350361 ], [ -88.826325, 30.384906 ], [ -88.845551, 30.405214 ], [ -88.857201, 30.389951 ], [ -88.920195, 30.393848 ], [ -89.001011, 30.387072 ], [ -89.000786, 30.373767 ], [ -89.117538, 30.342797 ], [ -89.187071, 30.316626 ], [ -89.271372, 30.284247 ], [ -89.278431, 30.304061 ], [ -89.306897, 30.309105 ] ] ], [ [ [ -89.341446, 30.64772 ], [ -89.341529, 30.454803 ], [ -89.279536, 30.457762 ], [ -89.260176, 30.472071 ], [ -89.221549, 30.442079 ], [ -89.195491, 30.403328 ], [ -89.205734, 30.383673 ], [ -89.239747, 30.374422 ], [ -89.239788, 30.337295 ], [ -89.203816, 30.343342 ], [ -89.203916, 30.36481 ], [ -89.17048, 30.39819 ], [ -89.136636, 30.398449 ], [ -89.081438, 30.398497 ], [ -89.069437, 30.426996 ], [ -89.037095, 30.426283 ], [ -89.001328, 30.406118 ], [ -88.990833, 30.437196 ], [ -88.963902, 30.453919 ], [ -88.917104, 30.447645 ], [ -88.917029, 30.423055 ], [ -88.88313, 30.418798 ], [ -88.884533, 30.677292 ], [ -89.240073, 30.67716 ], [ -89.240136, 30.647646 ], [ -89.341446, 30.64772 ] ] ] ] } },
{ "type": "Feature", "properties": { "geo_id": "2801800", "geo_name": "Hattiesburg Public School District", "geo_level": "school_district", "year": 2021 }, "geometry": { "type": "Polygon", "coordinates": [ [ [ -89.347893, 31.294324 ], [ -89.309974, 31.297376 ], [ -89.287184, 31.270774 ], [ -89.278146, 31.242644 ], [ -89.247351, 31.243557 ], [ -89.250942, 31.272462 ], [ -89.285051, 31.270733 ], [ -89.292559, 31.302852 ], [ -89.263138, 31.308967 ], [ -89.280963, 31.346613 ], [ -89.355955, 31.346642 ], [ -89.347893, 31.294324 ] ] ] } },
{ "type": "Feature", "properties": { "geo_id": "2801830", "geo_name": "Hazlehurst City School District", "geo_level": "school_district", "year": 2021 }, "geometry": { "type": "Polygon", "coordinates": [ [ [ -90.715843, 31.962223 ], [ -90.716785, 31.844583 ], [ -90.73611, 31.801303 ], [ -90.582549, 31.801144 ], [ -90.565308, 31.772242 ], [ -90.516422, 31.772434 ], [ -90.516118, 31.757816 ], [ -90.367113, 31.759193 ], [ -90.367282, 31.774042 ], [ -90.230437, 31.775571 ], [ -90.231266, 31.818085 ], [ -90.274266, 31.846145 ], [ -90.275031, 31.910083 ], [ -90.317202, 31.922927 ], [ -90.367084, 31.923432 ], [ -90.367424, 31.945252 ], [ -90.398472, 31.950954 ], [ -90.499682, 31.950489 ], [ -90.500153, 31.993418 ], [ -90.621347, 31.991824 ], [ -90.62075, 31.96354 ], [ -90.715843, 31.962223 ] ] ] } },
{ "type": "Feature", "properties": { "geo_id": "2801860", "geo_name": "Hinds County School District", "geo_level": "school_district", "year": 2021 }, "geometry": { "type": "Polygon", "coordinates": [ [ [ -90.728622, 32.225119 ], [ -90.718297, 32.048352 ], [ -90.655148, 32.049958 ], [ -90.230331, 32.049728 ], [ -90.227936, 32.077515 ], [ -90.247276, 32.137503 ], [ -90.24538, 32.171396 ], [ -90.197823, 32.187916 ], [ -90.190994, 32.20966 ], [ -90.251777, 32.210237 ], [ -90.266373, 32.232327 ], [ -90.312255, 32.239742 ], [ -90.313548, 32.272255 ], [ -90.287004, 32.275596 ], [ -90.283174, 32.297949 ], [ -90.321676, 32.297378 ], [ -90.37462, 32.292351 ], [ -90.399302, 32.312638 ], [ -90.398972, 32.352944 ], [ -90.448484, 32.359325 ], [ -90.449347, 32.394259 ], [ -90.432634, 32.423721 ], [ -90.449885, 32.438385 ], [ -90.449992, 32.466246 ], [ -90.483961, 32.478841 ], [ -90.484132, 32.542993 ], [ -90.542251, 32.505366 ], [ -90.553821, 32.507574 ], [ -90.580596, 32.501785 ], [ -90.604067, 32.479064 ], [ -90.599985, 32.424627 ], [ -90.627363, 32.377974 ], [ -90.627978, 32.339483 ], [ -90.683571, 32.352784 ], [ -90.707605, 32.340004 ], [ -90.698842, 32.297371 ], [ -90.712904, 32.279738 ], [ -90.728622, 32.225119 ] ] ] } },
{ "type": "Feature", "properties": { "geo_id": "2801890", "geo_name": "Hollandale School District", "geo_level": "school_district", "year": 2021 }, "geometry": { "type": "Polygon", "coordinates": [ [ [ -90.953426, 33.298405 ], [ -90.949138, 33.111317 ], [ -90.914465, 33.097417 ], [ -90.862866, 33.095106 ], [ -90.701845, 33.096294 ], [ -90.680319, 33.201971 ], [ -90.733216, 33.232975 ], [ -90.716277, 33.270032 ], [ -90.763773, 33.270359 ], [ -90.7642, 33.299473 ], [ -90.953426, 33.298405 ] ] ] } },
{ "type": "Feature", "properties": { "geo_id": "2801950", "geo_name": "Holly Springs School District", "geo_level": "school_district", "year": 2021 }, "geometry": { "type": "Polygon", "coordinates": [ [ [ -89.352705, 34.844432 ], [ -89.352535, 34.830925 ], [ -89.440467, 34.830855 ], [ -89.440912, 34.859945 ], [ -89.513063, 34.859498 ], [ -89.547846, 34.875268 ], [ -89.565125, 34.904632 ], [ -89.592165, 34.904869 ], [ -89.590402, 34.78781 ], [ -89.634212, 34.787416 ], [ -89.634372, 34.701031 ], [ -89.507685, 34.700987 ], [ -89.507304, 34.686876 ], [ -89.423895, 34.686501 ], [ -89.423348, 34.731537 ], [ -89.2989, 34.731025 ], [ -89.299227, 34.844415 ], [ -89.352705, 34.844432 ] ] ] } },
{ "type": "Feature", "properties": { "geo_id": "2802010", "geo_name": "Houston School District", "geo_level": "school_district", "year": 2021 }, "geometry": { "type": "Polygon", "coordinates": [ [ [ -89.13814, 33.959113 ], [ -89.137876, 33.812144 ], [ -89.19004, 33.81171 ], [ -89.191781, 33.738602 ], [ -89.034498, 33.73943 ], [ -89.034775, 33.754156 ], [ -88.931604, 33.754312 ], [ -88.931176, 33.812374 ], [ -88.746039, 33.810868 ], [ -88.784249, 33.875078 ], [ -88.812607, 33.907042 ], [ -88.834254, 33.955958 ], [ -88.881428, 33.955991 ], [ -88.87374, 33.986949 ], [ -88.929909, 33.986952 ], [ -88.967457, 33.973362 ], [ -89.117026, 33.972033 ], [ -89.13814, 33.959113 ] ] ] } },
{ "type": "Feature", "properties": { "geo_id": "2802040", "geo_name": "Humphreys County School District", "geo_level": "school_district", "year": 2021 }, "geometry": { "type": "Polygon", "coordinates": [ [ [ -90.716277, 33.270032 ], [ -90.733216, 33.232975 ], [ -90.680319, 33.201971 ], [ -90.701845, 33.096294 ], [ -90.658049, 33.096514 ], [ -90.656632, 32.92251 ], [ -90.449893, 32.92329 ], [ -90.449323, 33.00901 ], [ -90.364031, 33.010596 ], [ -90.391456, 33.04999 ], [ -90.429783, 33.060991 ], [ -90.428774, 33.107932 ], [ -90.393411, 33.101737 ], [ -90.383098, 33.121422 ], [ -90.330312, 33.137818 ], [ -90.331589, 33.302825 ], [ -90.374161, 33.281928 ], [ -90.381958, 33.244401 ], [ -90.410827, 33.245111 ], [ -90.453801, 33.267302 ], [ -90.453233, 33.329484 ], [ -90.555549, 33.329181 ], [ -90.555211, 33.270533 ], [ -90.716277, 33.270032 ] ] ] } },
{ "type": "Feature", "properties": { "geo_id": "2802100", "geo_name": "Itawamba County School District", "geo_level": "school_district", "year": 2021 }, "geometry": { "type": "Polygon", "coordinates": [ [ [ -88.542068, 34.435641 ], [ -88.544685, 34.337993 ], [ -88.543596, 34.180368 ], [ -88.543352, 34.089044 ], [ -88.431157, 34.088102 ], [ -88.203864, 34.086564 ], [ -88.173632, 34.321054 ], [ -88.156292, 34.463214 ], [ -88.329193, 34.463571 ], [ -88.542079, 34.465276 ], [ -88.542068, 34.435641 ] ] ] } },
{ "type": "Feature", "properties": { "geo_id": "2802160", "geo_name": "Jackson County School District", "geo_level": "school_district", "year": 2021 }, "geometry": { "type": "MultiPolygon", "coordinates": [ [ [ [ -88.826325, 30.384906 ], [ -88.795287, 30.350361 ], [ -88.795147, 30.199994 ], [ -88.753899, 30.188205 ], [ -88.717386, 30.190875 ], [ -88.647469, 30.176911 ], [ -88.644936, 30.357686 ], [ -88.664712, 30.361849 ], [ -88.696925, 30.344868 ], [ -88.745587, 30.347016 ], [ -88.811615, 30.384907 ], [ -88.826325, 30.384906 ] ] ], [ [ [ -88.884534, 30.735591 ], [ -88.884533, 30.677292 ], [ -88.88313, 30.418798 ], [ -88.861843, 30.415621 ], [ -88.769938, 30.42468 ], [ -88.723728, 30.440892 ], [ -88.723521, 30.410741 ], [ -88.698134, 30.410365 ], [ -88.664517, 30.414089 ], [ -88.664492, 30.471812 ], [ -88.634584, 30.486248 ], [ -88.603824, 30.472092 ], [ -88.618345, 30.510098 ], [ -88.564329, 30.515963 ], [ -88.44135, 30.515734 ], [ -88.403656, 30.544933 ], [ -88.412612, 30.73559 ], [ -88.834081, 30.734236 ], [ -88.884534, 30.735591 ] ] ] ] } },
{ "type": "Feature", "properties": { "geo_id": "2802190", "geo_name": "Jackson Public School District", "geo_level": "school_district", "year": 2021 }, "geometry": { "type": "Polygon", "coordinates": [ [ [ -90.243649, 32.40721 ], [ -90.279611, 32.37109 ], [ -90.305431, 32.312538 ], [ -90.321676, 32.297378 ], [ -90.283174, 32.297949 ], [ -90.287004, 32.275596 ], [ -90.313548, 32.272255 ], [ -90.312255, 32.239742 ], [ -90.266373, 32.232327 ], [ -90.251777, 32.210237 ], [ -90.190994, 32.20966 ], [ -90.205292, 32.251945 ], [ -90.160787, 32.285843 ], [ -90.152187, 32.323743 ], [ -90.130287, 32.329747 ], [ -90.099819, 32.366767 ], [ -90.095184, 32.389145 ], [ -90.065697, 32.399529 ], [ -90.173947, 32.400272 ], [ -90.176566, 32.400235 ], [ -90.243649, 32.40721 ] ] ] } },
{ "type": "Feature", "properties": { "geo_id": "2802220", "geo_name": "Jefferson County School District", "geo_level": "school_district", "year": 2021 }, "geometry": { "type": "Polygon", "coordinates": [ [ [ -91.248144, 31.869848 ], [ -91.266612, 31.851161 ], [ -91.245624, 31.833165 ], [ -91.262011, 31.809362 ], [ -91.283212, 31.815762 ], [ -91.294713, 31.86046 ], [ -91.345214, 31.843861 ], [ -91.363514, 31.783363 ], [ -91.348114, 31.758163 ], [ -91.28742, 31.771964 ], [ -91.279789, 31.744751 ], [ -91.317864, 31.749766 ], [ -91.291843, 31.691643 ], [ -91.29557, 31.66987 ], [ -91.233022, 31.629158 ], [ -91.153841, 31.630488 ], [ -91.153864, 31.610068 ], [ -90.73733, 31.611124 ], [ -90.736824, 31.698491 ], [ -90.736282, 31.786134 ], [ -90.852657, 31.785422 ], [ -90.842, 31.826498 ], [ -91.013676, 31.861852 ], [ -91.248144, 31.869848 ] ] ] } },
{ "type": "Feature", "properties": { "geo_id": "2802250", "geo_name": "Jefferson Davis County School District", "geo_level": "school_district", "year": 2021 }, "geometry": { "type": "Polygon", "coordinates": [ [ [ -89.974586, 31.761655 ], [ -89.976052, 31.522477 ], [ -89.959097, 31.522421 ], [ -89.95894, 31.390489 ], [ -89.85634, 31.390215 ], [ -89.823332, 31.390021 ], [ -89.824236, 31.434093 ], [ -89.654212, 31.433805 ], [ -89.586819, 31.433688 ], [ -89.586919, 31.513444 ], [ -89.602889, 31.538836 ], [ -89.640317, 31.559584 ], [ -89.672328, 31.564492 ], [ -89.755614, 31.609751 ], [ -89.755103, 31.774654 ], [ -89.974586, 31.761655 ] ] ] } },
{ "type": "Feature", "properties": { "geo_id": "2802280", "geo_name": "Jones County School District", "geo_level": "school_district", "year": 2021 }, "geometry": { "type": "Polygon", "coordinates": [ [ [ -89.401227, 31.796863 ], [ -89.399178, 31.434029 ], [ -89.299027, 31.434149 ], [ -89.146092, 31.434052 ], [ -89.027342, 31.433652 ], [ -88.943468, 31.433458 ], [ -88.943355, 31.824565 ], [ -89.113276, 31.814121 ], [ -89.31656, 31.80209 ], [ -89.401227, 31.796863 ] ], [ [ -89.13463, 31.7406 ], [ -89.1153, 31.72212 ], [ -89.109303, 31.689061 ], [ -89.131929, 31.664722 ], [ -89.180891, 31.662389 ], [ -89.180357, 31.686396 ], [ -89.159713, 31.698644 ], [ -89.13463, 31.7406 ] ] ] } },
{ "type": "Feature", "properties": { "geo_id": "2802310", "geo_name": "Kemper County School District", "geo_level": "school_district", "year": 2021 }, "geometry": { "type": "Polygon", "coordinates": [ [ [ -88.914413, 32.9266 ], [ -88.914516, 32.576955 ], [ -88.753428, 32.576833 ], [ -88.388797, 32.578123 ], [ -88.347887, 32.929082 ], [ -88.812782, 32.925973 ], [ -88.914413, 32.9266 ] ] ] } },
{ "type": "Feature", "properties": { "geo_id": "2802340", "geo_name": "Kosciusko School District", "geo_level": "school_district", "year": 2021 }, "geometry": { "type": "Polygon", "coordinates": [ [ [ -89.543931, 32.930878 ], [ -89.543997, 32.969069 ], [ -89.470083, 32.975585 ], [ -89.462103, 32.996851 ], [ -89.462457, 33.046053 ], [ -89.533458, 33.122344 ], [ -89.525485, 33.137813 ], [ -89.537146, 33.196146 ], [ -89.559122, 33.181999 ], [ -89.628322, 33.174079 ], [ -89.628089, 33.196986 ], [ -89.707799, 33.197019 ], [ -89.694645, 33.144834 ], [ -89.730758, 33.134983 ], [ -89.734722, 33.106274 ], [ -89.721508, 33.081701 ], [ -89.670974, 33.09135 ], [ -89.662836, 33.069706 ], [ -89.627264, 33.069815 ], [ -89.594279, 33.020259 ], [ -89.600814, 32.930518 ], [ -89.543931, 32.930878 ] ] ] } },
{ "type": "Feature", "properties": { "geo_id": "2802370", "geo_name": "Lafayette County School District", "geo_level": "school_district", "year": 2021 }, "geometry": { "type": "Polygon", "coordinates": [ [ [ -89.721137, 34.444606 ], [ -89.721338, 34.379164 ], [ -89.721269, 34.364961 ], [ -89.72105, 34.192545 ], [ -89.50944, 34.19096 ], [ -89.509748, 34.162082 ], [ -89.245485, 34.161186 ], [ -89.246339, 34.379344 ], [ -89.246133, 34.495633 ], [ -89.292763, 34.515786 ], [ -89.359181, 34.524857 ], [ -89.424459, 34.519129 ], [ -89.476642, 34.554168 ], [ -89.668448, 34.554367 ], [ -89.721341, 34.554274 ], [ -89.721137, 34.444606 ] ], [ [ -89.544369, 34.314071 ], [ -89.553247, 34.327733 ], [ -89.598455, 34.334593 ], [ -89.614344, 34.322577 ], [ -89.664935, 34.32995 ], [ -89.647606, 34.365383 ], [ -89.648471, 34.3921 ], [ -89.527315, 34.394365 ], [ -89.52731, 34.411237 ], [ -89.456882, 34.409607 ], [ -89.4569, 34.422868 ], [ -89.413401, 34.423136 ], [ -89.403283, 34.393955 ], [ -89.421951, 34.37892 ], [ -89.456452, 34.378981 ], [ -89.456196, 34.349237 ], [ -89.430431, 34.335279 ], [ -89.439128, 34.292599 ], [ -89.523892, 34.30291 ], [ -89.544369, 34.314071 ] ] ] } },
{ "type": "Feature", "properties": { "geo_id": "2802400", "geo_name": "Lamar County School District", "geo_level": "school_district", "year": 2021 }, "geometry": { "type": "Polygon", "coordinates": [ [ [ -89.654212, 31.433805 ], [ -89.654038, 31.002502 ], [ -89.526177, 31.001921 ], [ -89.508633, 30.969034 ], [ -89.474833, 30.96902 ], [ -89.459149, 30.939986 ], [ -89.459297, 30.910382 ], [ -89.425392, 30.89533 ], [ -89.340872, 30.895042 ], [ -89.340806, 30.909912 ], [ -89.340701, 31.001033 ], [ -89.348966, 31.001043 ], [ -89.347893, 31.294324 ], [ -89.355955, 31.346642 ], [ -89.451073, 31.346383 ], [ -89.451616, 31.434029 ], [ -89.586819, 31.433688 ], [ -89.654212, 31.433805 ] ] ] } },
{ "type": "Feature", "properties": { "geo_id": "2802430", "geo_name": "Lauderdale County School District", "geo_level": "school_district", "year": 2021 }, "geometry": { "type": "Polygon", "coordinates": [ [ [ -88.914516, 32.576955 ], [ -88.915593, 32.558432 ], [ -88.913847, 32.224186 ], [ -88.431379, 32.227666 ], [ -88.421453, 32.30868 ], [ -88.388797, 32.578123 ], [ -88.753428, 32.576833 ], [ -88.914516, 32.576955 ] ], [ [ -88.773603, 32.356213 ], [ -88.735759, 32.428778 ], [ -88.692735, 32.428348 ], [ -88.675834, 32.469956 ], [ -88.641442, 32.472029 ], [ -88.641249, 32.442877 ], [ -88.662125, 32.439778 ], [ -88.660327, 32.406283 ], [ -88.609899, 32.397509 ], [ -88.61035, 32.367746 ], [ -88.635715, 32.334961 ], [ -88.693757, 32.333882 ], [ -88.76191, 32.345934 ], [ -88.773603, 32.356213 ] ] ] } },
{ "type": "Feature", "properties": { "geo_id": "2802460", "geo_name": "Laurel School District", "geo_level": "school_district", "year": 2021 }, "geometry": { "type": "Polygon", "coordinates": [ [ [ -89.13463, 31.7406 ], [ -89.159713, 31.698644 ], [ -89.180357, 31.686396 ], [ -89.180891, 31.662389 ], [ -89.131929, 31.664722 ], [ -89.109303, 31.689061 ], [ -89.1153, 31.72212 ], [ -89.13463, 31.7406 ] ] ] } },
{ "type": "Feature", "properties": { "geo_id": "2802490", "geo_name": "Lawrence County School District", "geo_level": "school_district", "year": 2021 }, "geometry": { "type": "Polygon", "coordinates": [ [ [ -90.245191, 31.717524 ], [ -90.244854, 31.643555 ], [ -90.244529, 31.493155 ], [ -90.24389, 31.350274 ], [ -90.108651, 31.350869 ], [ -90.082442, 31.328849 ], [ -90.040466, 31.336014 ], [ -90.040485, 31.394673 ], [ -89.966305, 31.390493 ], [ -89.95894, 31.390489 ], [ -89.959097, 31.522421 ], [ -89.976052, 31.522477 ], [ -89.974586, 31.761655 ], [ -90.122565, 31.75268 ], [ -90.184139, 31.731462 ], [ -90.245191, 31.717524 ] ] ] } },
{ "type": "Feature", "properties": { "geo_id": "2802520", "geo_name": "Leake County School District", "geo_level": "school_district", "year": 2021 }, "geometry": { "type": "Polygon", "coordinates": [ [ [ -89.730304, 32.634228 ], [ -89.730152, 32.577248 ], [ -89.322598, 32.576433 ], [ -89.317588, 32.576458 ], [ -89.319163, 32.931654 ], [ -89.543931, 32.930878 ], [ -89.600814, 32.930518 ], [ -89.730154, 32.929924 ], [ -89.730016, 32.885072 ], [ -89.730304, 32.634228 ] ] ] } },
{ "type": "Feature", "properties": { "geo_id": "2802550", "geo_name": "Lee County School District", "geo_level": "school_district", "year": 2021 }, "geometry": { "type": "Polygon", "coordinates": [ [ [ -88.824966, 34.364759 ], [ -88.825424, 34.293597 ], [ -88.80032, 34.323537 ], [ -88.749078, 34.301665 ], [ -88.739574, 34.346397 ], [ -88.693408, 34.337568 ], [ -88.693105, 34.316105 ], [ -88.650359, 34.309036 ], [ -88.649485, 34.237032 ], [ -88.718532, 34.202757 ], [ -88.764087, 34.208098 ], [ -88.774571, 34.225964 ], [ -88.824849, 34.206032 ], [ -88.824691, 34.184209 ], [ -88.824523, 34.074948 ], [ -88.718964, 34.074521 ], [ -88.718764, 34.089355 ], [ -88.657776, 34.089191 ], [ -88.65598, 34.165574 ], [ -88.599102, 34.180674 ], [ -88.543596, 34.180368 ], [ -88.544685, 34.337993 ], [ -88.542068, 34.435641 ], [ -88.594931, 34.450556 ], [ -88.594719, 34.464848 ], [ -88.684821, 34.467635 ], [ -88.684921, 34.494929 ], [ -88.718896, 34.494638 ], [ -88.736465, 34.50891 ], [ -88.736671, 34.494656 ], [ -88.789442, 34.49493 ], [ -88.789774, 34.393692 ], [ -88.825126, 34.393893 ], [ -88.824966, 34.364759 ] ] ] } },
{ "type": "Feature", "properties": { "geo_id": "2802610", "geo_name": "Leland School District", "geo_level": "school_district", "year": 2021 }, "geometry": { "type": "Polygon", "coordinates": [ [ [ -90.971457, 33.530276 ], [ -90.971517, 33.298408 ], [ -90.953426, 33.298405 ], [ -90.7642, 33.299473 ], [ -90.763509, 33.529389 ], [ -90.971457, 33.530276 ] ] ] } },
{ "type": "Feature", "properties": { "geo_id": "2802640", "geo_name": "Lincoln County School District", "geo_level": "school_district", "year": 2021 }, "geometry": { "type": "Polygon", "coordinates": [ [ [ -90.736824, 31.698491 ], [ -90.73733, 31.611124 ], [ -90.633231, 31.611409 ], [ -90.633302, 31.349306 ], [ -90.548199, 31.349574 ], [ -90.260391, 31.350274 ], [ -90.24389, 31.350274 ], [ -90.244529, 31.493155 ], [ -90.370278, 31.493969 ], [ -90.397623, 31.522661 ], [ -90.4426, 31.492657 ], [ -90.467602, 31.492698 ], [ -90.467174, 31.519547 ], [ -90.53574, 31.524214 ], [ -90.558696, 31.549339 ], [ -90.517951, 31.57858 ], [ -90.480256, 31.583026 ], [ -90.48638, 31.62814 ], [ -90.480465, 31.669298 ], [ -90.41563, 31.67328 ], [ -90.409109, 31.65153 ], [ -90.380508, 31.618545 ], [ -90.343458, 31.627927 ], [ -90.259727, 31.632012 ], [ -90.244854, 31.643555 ], [ -90.245191, 31.717524 ], [ -90.279953, 31.699865 ], [ -90.414198, 31.700456 ], [ -90.621684, 31.698096 ], [ -90.736824, 31.698491 ] ] ] } },
{ "type": "Feature", "properties": { "geo_id": "2802670", "geo_name": "Long Beach School District", "geo_level": "school_district", "year": 2021 }, "geometry": { "type": "Polygon", "coordinates": [ [ [ -89.136636, 30.398449 ], [ -89.17048, 30.39819 ], [ -89.203916, 30.36481 ], [ -89.203816, 30.343342 ], [ -89.187071, 30.316626 ], [ -89.117538, 30.342797 ], [ -89.136243, 30.366395 ], [ -89.136636, 30.398449 ] ] ] } },
{ "type": "Feature", "properties": { "geo_id": "2802700", "geo_name": "Louisville Municipal School District", "geo_level": "school_district", "year": 2021 }, "geometry": { "type": "Polygon", "coordinates": [ [ [ -89.317855, 33.108871 ], [ -89.319163, 32.931654 ], [ -89.017723, 32.931326 ], [ -88.930505, 32.91924 ], [ -88.914413, 32.9266 ], [ -88.812782, 32.925973 ], [ -88.813053, 33.286424 ], [ -89.088255, 33.286003 ], [ -89.108886, 33.285937 ], [ -89.1089, 33.198059 ], [ -89.213422, 33.197543 ], [ -89.213921, 33.109402 ], [ -89.317855, 33.108871 ] ] ] } },
{ "type": "Feature", "properties": { "geo_id": "2802730", "geo_name": "Lowndes County School District", "geo_level": "school_district", "year": 2021 }, "geometry": { "type": "Polygon", "coordinates": [ [ [ -88.67125, 33.506168 ], [ -88.669076, 33.286922 ], [ -88.304434, 33.28832 ], [ -88.274619, 33.534008 ], [ -88.248916, 33.744977 ], [ -88.31791, 33.74498 ], [ -88.33048, 33.7186 ], [ -88.37033, 33.685918 ], [ -88.408498, 33.675234 ], [ -88.477364, 33.666493 ], [ -88.513917, 33.650209 ], [ -88.478079, 33.606435 ], [ -88.433268, 33.606232 ], [ -88.432484, 33.576047 ], [ -88.359647, 33.575759 ], [ -88.359125, 33.444785 ], [ -88.433012, 33.45459 ], [ -88.455274, 33.488104 ], [ -88.487215, 33.502536 ], [ -88.480299, 33.522741 ], [ -88.531445, 33.53738 ], [ -88.609389, 33.506751 ], [ -88.67125, 33.506168 ] ], [ [ -88.48058, 33.65953 ], [ -88.427841, 33.652964 ], [ -88.427368, 33.633029 ], [ -88.45361, 33.622641 ], [ -88.480136, 33.637991 ], [ -88.48058, 33.65953 ] ] ] } },
{ "type": "Feature", "properties": { "geo_id": "2802790", "geo_name": "Madison County School District", "geo_level": "school_district", "year": 2021 }, "geometry": { "type": "Polygon", "coordinates": [ [ [ -90.235161, 32.665755 ], [ -90.274745, 32.658013 ], [ -90.311212, 32.640692 ], [ -90.322828, 32.615589 ], [ -90.40441, 32.574741 ], [ -90.427777, 32.585707 ], [ -90.450037, 32.573783 ], [ -90.445946, 32.487903 ], [ -90.243641, 32.487533 ], [ -90.243649, 32.40721 ], [ -90.176566, 32.400235 ], [ -90.173947, 32.400272 ], [ -90.065697, 32.399529 ], [ -90.065796, 32.425678 ], [ -90.06626, 32.426398 ], [ -90.04066, 32.441678 ], [ -90.019347, 32.477293 ], [ -89.962077, 32.491286 ], [ -89.871346, 32.561002 ], [ -89.861159, 32.583162 ], [ -89.784123, 32.586891 ], [ -89.730304, 32.634228 ], [ -89.730016, 32.885072 ], [ -89.839539, 32.879701 ], [ -89.965882, 32.879573 ], [ -89.995433, 32.834003 ], [ -90.018675, 32.821689 ], [ -90.022666, 32.784887 ], [ -90.042441, 32.744143 ], [ -90.031317, 32.733286 ], [ -89.984416, 32.731637 ], [ -89.948377, 32.741563 ], [ -89.934549, 32.725183 ], [ -89.936445, 32.545678 ], [ -89.969434, 32.531294 ], [ -90.045379, 32.531533 ], [ -90.045279, 32.546165 ], [ -90.201003, 32.545971 ], [ -90.201315, 32.618632 ], [ -90.235339, 32.618529 ], [ -90.235161, 32.665755 ] ] ] } },
{ "type": "Feature", "properties": { "geo_id": "2802820", "geo_name": "Marion County School District", "geo_level": "school_district", "year": 2021 }, "geometry": { "type": "Polygon", "coordinates": [ [ [ -90.040466, 31.336014 ], [ -90.040375, 31.23391 ], [ -90.031896, 31.175727 ], [ -90.006138, 31.175605 ], [ -90.005936, 31.1323 ], [ -89.938178, 31.132949 ], [ -89.920944, 31.074677 ], [ -89.835873, 31.074926 ], [ -89.835908, 31.002047 ], [ -89.728119, 31.0023 ], [ -89.654038, 31.002502 ], [ -89.654212, 31.433805 ], [ -89.824236, 31.434093 ], [ -89.823332, 31.390021 ], [ -89.85634, 31.390215 ], [ -89.857588, 31.332214 ], [ -89.806578, 31.345637 ], [ -89.807228, 31.258986 ], [ -89.755628, 31.262575 ], [ -89.754518, 31.204986 ], [ -89.814269, 31.205163 ], [ -89.854312, 31.254894 ], [ -89.85393, 31.282771 ], [ -89.894409, 31.326124 ], [ -89.94032, 31.327529 ], [ -89.959252, 31.346495 ], [ -89.966305, 31.390493 ], [ -90.040485, 31.394673 ], [ -90.040466, 31.336014 ] ] ] } },
{ "type": "Feature", "properties": { "geo_id": "2802850", "geo_name": "Marshall County School District", "geo_level": "school_district", "year": 2021 }, "geometry": { "type": "Polygon", "coordinates": [ [ [ -89.724187, 34.969946 ], [ -89.723442, 34.772311 ], [ -89.722333, 34.685504 ], [ -89.66916, 34.685786 ], [ -89.668448, 34.554367 ], [ -89.476642, 34.554168 ], [ -89.424459, 34.519129 ], [ -89.359181, 34.524857 ], [ -89.292763, 34.515786 ], [ -89.246133, 34.495633 ], [ -89.245645, 34.583234 ], [ -89.298334, 34.582926 ], [ -89.2989, 34.731025 ], [ -89.423348, 34.731537 ], [ -89.423895, 34.686501 ], [ -89.507304, 34.686876 ], [ -89.507685, 34.700987 ], [ -89.634372, 34.701031 ], [ -89.634212, 34.787416 ], [ -89.590402, 34.78781 ], [ -89.592165, 34.904869 ], [ -89.565125, 34.904632 ], [ -89.547846, 34.875268 ], [ -89.513063, 34.859498 ], [ -89.440912, 34.859945 ], [ -89.440467, 34.830855 ], [ -89.352535, 34.830925 ], [ -89.352705, 34.844432 ], [ -89.352679, 34.993863 ], [ -89.724324, 34.99479 ], [ -89.724183, 34.972377 ], [ -89.724187, 34.969946 ] ] ] } },
{ "type": "Feature", "properties": { "geo_id": "2802880", "geo_name": "McComb School District", "geo_level": "school_district", "year": 2021 }, "geometry": { "type": "Polygon", "coordinates": [ [ [ -90.54816, 31.291796 ], [ -90.548108, 31.203508 ], [ -90.483639, 31.20361 ], [ -90.446395, 31.217642 ], [ -90.438118, 31.258901 ], [ -90.413724, 31.270461 ], [ -90.413855, 31.292263 ], [ -90.447423, 31.292096 ], [ -90.464466, 31.317161 ], [ -90.497279, 31.292349 ], [ -90.54816, 31.291796 ] ] ] } },
{ "type": "Feature", "properties": { "geo_id": "2802910", "geo_name": "Meridian Public School District", "geo_level": "school_district", "year": 2021 }, "geometry": { "type": "Polygon", "coordinates": [ [ [ -88.773603, 32.356213 ], [ -88.76191, 32.345934 ], [ -88.693757, 32.333882 ], [ -88.635715, 32.334961 ], [ -88.61035, 32.367746 ], [ -88.609899, 32.397509 ], [ -88.660327, 32.406283 ], [ -88.662125, 32.439778 ], [ -88.641249, 32.442877 ], [ -88.641442, 32.472029 ], [ -88.675834, 32.469956 ], [ -88.692735, 32.428348 ], [ -88.735759, 32.428778 ], [ -88.773603, 32.356213 ] ] ] } },
{ "type": "Feature", "properties": { "geo_id": "2802940", "geo_name": "Monroe County School District", "geo_level": "school_district", "year": 2021 }, "geometry": { "type": "Polygon", "coordinates": [ [ [ -88.549636, 33.898698 ], [ -88.539074, 33.882444 ], [ -88.493643, 33.882521 ], [ -88.492164, 33.824614 ], [ -88.459726, 33.824471 ], [ -88.458267, 33.767547 ], [ -88.493094, 33.780519 ], [ -88.500665, 33.760423 ], [ -88.483048, 33.705524 ], [ -88.497147, 33.680181 ], [ -88.513917, 33.650209 ], [ -88.477364, 33.666493 ], [ -88.408498, 33.675234 ], [ -88.37033, 33.685918 ], [ -88.33048, 33.7186 ], [ -88.31791, 33.74498 ], [ -88.248916, 33.744977 ], [ -88.207229, 34.058333 ], [ -88.203864, 34.086564 ], [ -88.431157, 34.088102 ], [ -88.43348, 34.073717 ], [ -88.472527, 34.063138 ], [ -88.482123, 34.047057 ], [ -88.465484, 33.971238 ], [ -88.529684, 33.953185 ], [ -88.53216, 33.922498 ], [ -88.549636, 33.898698 ] ] ] } },
{ "type": "Feature", "properties": { "geo_id": "2803000", "geo_name": "Moss Point School District", "geo_level": "school_district", "year": 2021 }, "geometry": { "type": "Polygon", "coordinates": [ [ [ -88.403656, 30.544933 ], [ -88.44135, 30.515734 ], [ -88.564329, 30.515963 ], [ -88.618345, 30.510098 ], [ -88.603824, 30.472092 ], [ -88.557405, 30.472301 ], [ -88.564571, 30.419224 ], [ -88.601263, 30.388711 ], [ -88.508888, 30.389721 ], [ -88.44667, 30.384301 ], [ -88.448569, 30.225231 ], [ -88.446987, 30.146303 ], [ -88.384431, 30.158543 ], [ -88.403656, 30.544933 ] ] ] } },
{ "type": "Feature", "properties": { "geo_id": "2803030", "geo_name": "Natchez-Adams School District", "geo_level": "school_district", "year": 2021 }, "geometry": { "type": "Polygon", "coordinates": [ [ [ -91.317864, 31.749766 ], [ -91.369375, 31.746903 ], [ -91.397115, 31.711364 ], [ -91.400815, 31.620465 ], [ -91.423016, 31.611265 ], [ -91.463817, 31.620365 ], [ -91.497665, 31.645371 ], [ -91.517233, 31.61346 ], [ -91.486518, 31.586566 ], [ -91.422716, 31.597065 ], [ -91.407915, 31.569366 ], [ -91.443916, 31.542466 ], [ -91.475917, 31.531266 ], [ -91.515919, 31.530729 ], [ -91.513366, 31.444396 ], [ -91.472067, 31.397076 ], [ -91.472542, 31.371069 ], [ -91.504756, 31.36498 ], [ -91.532336, 31.390275 ], [ -91.548465, 31.432668 ], [ -91.578334, 31.399067 ], [ -91.546384, 31.382763 ], [ -91.548213, 31.346084 ], [ -91.510049, 31.316822 ], [ -91.518578, 31.275283 ], [ -91.558684, 31.262176 ], [ -91.641253, 31.266917 ], [ -91.644356, 31.234414 ], [ -91.589451, 31.19114 ], [ -91.57567, 31.224475 ], [ -91.540907, 31.238346 ], [ -91.530126, 31.214842 ], [ -91.478799, 31.238999 ], [ -91.468435, 31.31957 ], [ -91.424012, 31.31504 ], [ -91.378657, 31.336563 ], [ -91.343196, 31.339422 ], [ -91.30358, 31.360975 ], [ -91.257134, 31.360127 ], [ -91.237079, 31.371191 ], [ -91.213055, 31.3571 ], [ -91.15815, 31.346695 ], [ -91.153864, 31.610068 ], [ -91.153841, 31.630488 ], [ -91.233022, 31.629158 ], [ -91.29557, 31.66987 ], [ -91.291843, 31.691643 ], [ -91.317864, 31.749766 ] ] ] } },
{ "type": "Feature", "properties": { "geo_id": "2803060", "geo_name": "Neshoba County School District", "geo_level": "school_district", "year": 2021 }, "geometry": { "type": "Polygon", "coordinates": [ [ [ -89.319163, 32.931654 ], [ -89.317588, 32.576458 ], [ -89.256261, 32.576464 ], [ -89.256377, 32.606045 ], [ -89.178954, 32.605874 ], [ -89.17863, 32.635126 ], [ -89.124568, 32.634944 ], [ -89.076193, 32.62702 ], [ -89.052091, 32.612392 ], [ -89.034296, 32.576886 ], [ -88.914516, 32.576955 ], [ -88.914413, 32.9266 ], [ -88.930505, 32.91924 ], [ -89.017723, 32.931326 ], [ -89.319163, 32.931654 ] ], [ [ -89.139643, 32.772646 ], [ -89.114171, 32.789389 ], [ -89.076998, 32.759513 ], [ -89.093344, 32.748906 ], [ -89.139643, 32.772646 ] ] ] } },
{ "type": "Feature", "properties": { "geo_id": "2803090", "geo_name": "Nettleton School District", "geo_level": "school_district", "year": 2021 }, "geometry": { "type": "Polygon", "coordinates": [ [ [ -88.718964, 34.074521 ], [ -88.719995, 34.015453 ], [ -88.654751, 34.015335 ], [ -88.619449, 34.031166 ], [ -88.556505, 34.031237 ], [ -88.528583, 34.062286 ], [ -88.482123, 34.047057 ], [ -88.472527, 34.063138 ], [ -88.43348, 34.073717 ], [ -88.431157, 34.088102 ], [ -88.543352, 34.089044 ], [ -88.543596, 34.180368 ], [ -88.599102, 34.180674 ], [ -88.65598, 34.165574 ], [ -88.657776, 34.089191 ], [ -88.718764, 34.089355 ], [ -88.718964, 34.074521 ] ] ] } },
{ "type": "Feature", "properties": { "geo_id": "2803120", "geo_name": "New Albany Public Schools", "geo_level": "school_district", "year": 2021 }, "geometry": { "type": "Polygon", "coordinates": [ [ [ -89.004122, 34.598493 ], [ -88.990067, 34.55852 ], [ -88.99033, 34.524956 ], [ -89.039085, 34.529685 ], [ -89.057383, 34.511118 ], [ -89.057614, 34.468356 ], [ -88.946727, 34.470966 ], [ -88.92925, 34.50111 ], [ -88.894329, 34.510012 ], [ -88.894305, 34.540674 ], [ -88.824723, 34.540741 ], [ -88.824663, 34.596952 ], [ -89.004122, 34.598493 ] ] ] } },
{ "type": "Feature", "properties": { "geo_id": "2803150", "geo_name": "Newton County School District", "geo_level": "school_district", "year": 2021 }, "geometry": { "type": "Polygon", "coordinates": [ [ [ -89.322598, 32.576433 ], [ -89.322626, 32.307952 ], [ -89.288351, 32.307885 ], [ -89.28814, 32.398356 ], [ -89.203041, 32.398569 ], [ -89.168662, 32.384373 ], [ -89.100351, 32.384456 ], [ -89.100296, 32.223961 ], [ -88.913847, 32.224186 ], [ -88.915593, 32.558432 ], [ -88.914516, 32.576955 ], [ -89.034296, 32.576886 ], [ -89.085039, 32.564308 ], [ -89.084885, 32.528811 ], [ -89.167308, 32.52092 ], [ -89.197287, 32.532244 ], [ -89.252118, 32.532202 ], [ -89.256261, 32.576464 ], [ -89.317588, 32.576458 ], [ -89.322598, 32.576433 ] ] ] } },
{ "type": "Feature", "properties": { "geo_id": "2803180", "geo_name": "Newton Municipal School", "geo_level": "school_district", "year": 2021 }, "geometry": { "type": "Polygon", "coordinates": [ [ [ -89.322626, 32.307952 ], [ -89.322692, 32.223472 ], [ -89.117675, 32.223972 ], [ -89.100296, 32.223961 ], [ -89.100351, 32.384456 ], [ -89.168662, 32.384373 ], [ -89.203041, 32.398569 ], [ -89.28814, 32.398356 ], [ -89.288351, 32.307885 ], [ -89.322626, 32.307952 ] ] ] } },
{ "type": "Feature", "properties": { "geo_id": "2803210", "geo_name": "North Panola School District", "geo_level": "school_district", "year": 2021 }, "geometry": { "type": "Polygon", "coordinates": [ [ [ -90.198631, 34.554425 ], [ -90.198536, 34.511088 ], [ -90.197382, 34.376071 ], [ -90.038798, 34.375993 ], [ -90.038934, 34.394056 ], [ -89.990813, 34.394449 ], [ -89.991002, 34.376061 ], [ -89.89469, 34.376027 ], [ -89.883647, 34.386737 ], [ -89.828403, 34.396827 ], [ -89.721137, 34.444606 ], [ -89.721341, 34.554274 ], [ -89.898383, 34.55366 ], [ -90.031471, 34.554072 ], [ -90.198631, 34.554425 ] ] ] } },
{ "type": "Feature", "properties": { "geo_id": "2803240", "geo_name": "North Pike School District", "geo_level": "school_district", "year": 2021 }, "geometry": { "type": "Polygon", "coordinates": [ [ [ -90.548199, 31.349574 ], [ -90.54816, 31.291796 ], [ -90.497279, 31.292349 ], [ -90.464466, 31.317161 ], [ -90.447423, 31.292096 ], [ -90.413855, 31.292263 ], [ -90.413724, 31.270461 ], [ -90.438118, 31.258901 ], [ -90.446395, 31.217642 ], [ -90.430831, 31.20396 ], [ -90.260525, 31.204193 ], [ -90.260391, 31.350274 ], [ -90.548199, 31.349574 ] ] ] } },
{ "type": "Feature", "properties": { "geo_id": "2803270", "geo_name": "North Tippah School District", "geo_level": "school_district", "year": 2021 }, "geometry": { "type": "Polygon", "coordinates": [ [ [ -89.017127, 34.994971 ], [ -89.017551, 34.858723 ], [ -89.035009, 34.858762 ], [ -89.03534, 34.81526 ], [ -89.088065, 34.815307 ], [ -89.0884, 34.785962 ], [ -88.972074, 34.786302 ], [ -88.871937, 34.78012 ], [ -88.823209, 34.771493 ], [ -88.806216, 34.785886 ], [ -88.75305, 34.786201 ], [ -88.752956, 34.858775 ], [ -88.823473, 34.858629 ], [ -88.823051, 34.995221 ], [ -89.017127, 34.994971 ] ] ] } },
{ "type": "Feature", "properties": { "geo_id": "2803300", "geo_name": "Noxubee County School District", "geo_level": "school_district", "year": 2021 }, "geometry": { "type": "Polygon", "coordinates": [ [ [ -88.813053, 33.286424 ], [ -88.812782, 32.925973 ], [ -88.347887, 32.929082 ], [ -88.340432, 32.991199 ], [ -88.304434, 33.28832 ], [ -88.669076, 33.286922 ], [ -88.813053, 33.286424 ] ] ] } },
{ "type": "Feature", "properties": { "geo_id": "2803360", "geo_name": "Ocean Springs School District", "geo_level": "school_district", "year": 2021 }, "geometry": { "type": "Polygon", "coordinates": [ [ [ -88.698134, 30.410365 ], [ -88.723521, 30.410741 ], [ -88.723728, 30.440892 ], [ -88.769938, 30.42468 ], [ -88.861843, 30.415621 ], [ -88.845551, 30.405214 ], [ -88.826325, 30.384906 ], [ -88.811615, 30.384907 ], [ -88.745587, 30.347016 ], [ -88.696925, 30.344868 ], [ -88.664712, 30.361849 ], [ -88.700864, 30.370277 ], [ -88.698134, 30.410365 ] ] ] } },
{ "type": "Feature", "properties": { "geo_id": "2803390", "geo_name": "Okolona Separate School District", "geo_level": "school_district", "year": 2021 }, "geometry": { "type": "Polygon", "coordinates": [ [ [ -88.843671, 34.074952 ], [ -88.859755, 34.036517 ], [ -88.860191, 34.005806 ], [ -88.834065, 33.986141 ], [ -88.834254, 33.955958 ], [ -88.812607, 33.907042 ], [ -88.784249, 33.875078 ], [ -88.746039, 33.810868 ], [ -88.719979, 33.81133 ], [ -88.719985, 33.96024 ], [ -88.670399, 33.96036 ], [ -88.662517, 33.944694 ], [ -88.643284, 33.944467 ], [ -88.63787, 34.00195 ], [ -88.654751, 34.015335 ], [ -88.719995, 34.015453 ], [ -88.718964, 34.074521 ], [ -88.824523, 34.074948 ], [ -88.843671, 34.074952 ] ] ] } },
{ "type": "Feature", "properties": { "geo_id": "2803450", "geo_name": "Oxford School District", "geo_level": "school_district", "year": 2021 }, "geometry": { "type": "Polygon", "coordinates": [ [ [ -89.4569, 34.422868 ], [ -89.456882, 34.409607 ], [ -89.52731, 34.411237 ], [ -89.527315, 34.394365 ], [ -89.648471, 34.3921 ], [ -89.647606, 34.365383 ], [ -89.664935, 34.32995 ], [ -89.614344, 34.322577 ], [ -89.598455, 34.334593 ], [ -89.553247, 34.327733 ], [ -89.544369, 34.314071 ], [ -89.523892, 34.30291 ], [ -89.439128, 34.292599 ], [ -89.430431, 34.335279 ], [ -89.456196, 34.349237 ], [ -89.456452, 34.378981 ], [ -89.421951, 34.37892 ], [ -89.403283, 34.393955 ], [ -89.413401, 34.423136 ], [ -89.4569, 34.422868 ] ] ] } },
{ "type": "Feature", "properties": { "geo_id": "2803480", "geo_name": "Pascagoula-Gautier School District", "geo_level": "school_district", "year": 2021 }, "geometry": { "type": "Polygon", "coordinates": [ [ [ -88.698134, 30.410365 ], [ -88.700864, 30.370277 ], [ -88.664712, 30.361849 ], [ -88.644936, 30.357686 ], [ -88.647469, 30.176911 ], [ -88.567875, 30.170453 ], [ -88.545855, 30.176653 ], [ -88.479934, 30.149921 ], [ -88.446987, 30.146303 ], [ -88.448569, 30.225231 ], [ -88.44667, 30.384301 ], [ -88.508888, 30.389721 ], [ -88.601263, 30.388711 ], [ -88.564571, 30.419224 ], [ -88.557405, 30.472301 ], [ -88.603824, 30.472092 ], [ -88.634584, 30.486248 ], [ -88.664492, 30.471812 ], [ -88.664517, 30.414089 ], [ -88.698134, 30.410365 ] ] ] } },
{ "type": "Feature", "properties": { "geo_id": "2803510", "geo_name": "Pass Christian Public School District", "geo_level": "school_district", "year": 2021 }, "geometry": { "type": "Polygon", "coordinates": [ [ [ -89.341529, 30.454803 ], [ -89.340847, 30.357995 ], [ -89.311145, 30.346396 ], [ -89.306897, 30.309105 ], [ -89.278431, 30.304061 ], [ -89.271372, 30.284247 ], [ -89.187071, 30.316626 ], [ -89.203816, 30.343342 ], [ -89.239788, 30.337295 ], [ -89.239747, 30.374422 ], [ -89.205734, 30.383673 ], [ -89.195491, 30.403328 ], [ -89.221549, 30.442079 ], [ -89.260176, 30.472071 ], [ -89.279536, 30.457762 ], [ -89.341529, 30.454803 ] ] ] } },
{ "type": "Feature", "properties": { "geo_id": "2803520", "geo_name": "Pearl Public School District", "geo_level": "school_district", "year": 2021 }, "geometry": { "type": "Polygon", "coordinates": [ [ [ -90.167107, 32.279547 ], [ -90.160912, 32.264133 ], [ -90.122974, 32.239136 ], [ -90.094965, 32.248867 ], [ -90.03804, 32.247111 ], [ -90.037742, 32.327013 ], [ -90.056235, 32.323292 ], [ -90.055708, 32.290975 ], [ -90.090923, 32.301472 ], [ -90.129786, 32.301546 ], [ -90.137062, 32.280465 ], [ -90.167107, 32.279547 ] ] ] } },
{ "type": "Feature", "properties": { "geo_id": "2803530", "geo_name": "Petal School District", "geo_level": "school_district", "year": 2021 }, "geometry": { "type": "Polygon", "coordinates": [ [ [ -89.299027, 31.434149 ], [ -89.275876, 31.377563 ], [ -89.279861, 31.339374 ], [ -89.225355, 31.259473 ], [ -89.194984, 31.247015 ], [ -89.162704, 31.217784 ], [ -89.145594, 31.224317 ], [ -89.146092, 31.434052 ], [ -89.299027, 31.434149 ] ] ] } },
{ "type": "Feature", "properties": { "geo_id": "2803540", "geo_name": "Pearl River County School District", "geo_level": "school_district", "year": 2021 }, "geometry": { "type": "Polygon", "coordinates": [ [ [ -89.729854, 30.735986 ], [ -89.72989, 30.605575 ], [ -89.696843, 30.58941 ], [ -89.671442, 30.561205 ], [ -89.611257, 30.561152 ], [ -89.610017, 30.518608 ], [ -89.563144, 30.516879 ], [ -89.54451, 30.516862 ], [ -89.544232, 30.648368 ], [ -89.54423, 30.691723 ], [ -89.561427, 30.691767 ], [ -89.561478, 30.735915 ], [ -89.729854, 30.735986 ] ] ] } },
{ "type": "Feature", "properties": { "geo_id": "2803570", "geo_name": "Perry County Schools", "geo_level": "school_district", "year": 2021 }, "geometry": { "type": "Polygon", "coordinates": [ [ [ -89.145594, 31.224317 ], [ -89.146176, 31.000447 ], [ -89.138154, 31.000185 ], [ -89.137967, 30.909877 ], [ -88.885038, 30.910788 ], [ -88.834475, 30.910323 ], [ -88.834339, 30.997983 ], [ -88.840929, 30.99841 ], [ -88.841174, 31.258286 ], [ -89.010089, 31.258426 ], [ -89.010459, 31.360462 ], [ -89.027303, 31.374536 ], [ -89.027342, 31.433652 ], [ -89.146092, 31.434052 ], [ -89.145594, 31.224317 ] ] ] } },
{ "type": "Feature", "properties": { "geo_id": "2803600", "geo_name": "Philadelphia Public School District", "geo_level": "school_district", "year": 2021 }, "geometry": { "type": "Polygon", "coordinates": [ [ [ -89.139643, 32.772646 ], [ -89.093344, 32.748906 ], [ -89.076998, 32.759513 ], [ -89.114171, 32.789389 ], [ -89.139643, 32.772646 ] ] ] } },
{ "type": "Feature", "properties": { "geo_id": "2803630", "geo_name": "Picayune School District", "geo_level": "school_district", "year": 2021 }, "geometry": { "type": "Polygon", "coordinates": [ [ [ -89.835963, 30.735846 ], [ -89.844172, 30.691504 ], [ -89.820068, 30.632808 ], [ -89.818771, 30.59288 ], [ -89.78968, 30.544656 ], [ -89.752807, 30.502962 ], [ -89.721405, 30.488883 ], [ -89.683631, 30.451787 ], [ -89.67118, 30.384862 ], [ -89.545164, 30.385062 ], [ -89.543753, 30.486659 ], [ -89.563144, 30.516879 ], [ -89.610017, 30.518608 ], [ -89.611257, 30.561152 ], [ -89.671442, 30.561205 ], [ -89.696843, 30.58941 ], [ -89.72989, 30.605575 ], [ -89.729854, 30.735986 ], [ -89.835963, 30.735846 ] ] ] } },
{ "type": "Feature", "properties": { "geo_id": "2803660", "geo_name": "Pontotoc County Schools", "geo_level": "school_district", "year": 2021 }, "geometry": { "type": "Polygon", "coordinates": [ [ [ -89.246339, 34.379344 ], [ -89.245485, 34.161186 ], [ -89.244436, 34.073942 ], [ -89.139158, 34.074116 ], [ -88.843671, 34.074952 ], [ -88.824523, 34.074948 ], [ -88.824691, 34.184209 ], [ -88.877517, 34.184769 ], [ -88.895707, 34.200867 ], [ -88.930806, 34.200874 ], [ -88.92599, 34.172985 ], [ -88.895446, 34.173292 ], [ -88.903351, 34.133577 ], [ -88.92493, 34.132893 ], [ -88.936898, 34.161982 ], [ -88.96564, 34.176303 ], [ -88.965627, 34.197344 ], [ -89.019688, 34.206486 ], [ -89.044045, 34.247848 ], [ -89.087205, 34.248891 ], [ -89.070871, 34.278703 ], [ -88.965217, 34.293099 ], [ -88.930443, 34.307554 ], [ -88.894321, 34.293558 ], [ -88.825424, 34.293597 ], [ -88.824966, 34.364759 ], [ -88.928546, 34.365001 ], [ -88.928901, 34.379361 ], [ -89.246339, 34.379344 ] ] ] } },
{ "type": "Feature", "properties": { "geo_id": "2803690", "geo_name": "Pontotoc City Schools", "geo_level": "school_district", "year": 2021 }, "geometry": { "type": "Polygon", "coordinates": [ [ [ -88.930443, 34.307554 ], [ -88.965217, 34.293099 ], [ -89.070871, 34.278703 ], [ -89.087205, 34.248891 ], [ -89.044045, 34.247848 ], [ -89.019688, 34.206486 ], [ -88.965627, 34.197344 ], [ -88.96564, 34.176303 ], [ -88.936898, 34.161982 ], [ -88.92493, 34.132893 ], [ -88.903351, 34.133577 ], [ -88.895446, 34.173292 ], [ -88.92599, 34.172985 ], [ -88.930806, 34.200874 ], [ -88.895707, 34.200867 ], [ -88.877517, 34.184769 ], [ -88.824691, 34.184209 ], [ -88.824849, 34.206032 ], [ -88.825424, 34.293597 ], [ -88.894321, 34.293558 ], [ -88.930443, 34.307554 ] ] ] } },
{ "type": "Feature", "properties": { "geo_id": "2803720", "geo_name": "Poplarville Separate School District", "geo_level": "school_district", "year": 2021 }, "geometry": { "type": "Polygon", "coordinates": [ [ [ -89.835963, 30.735846 ], [ -89.729854, 30.735986 ], [ -89.561478, 30.735915 ], [ -89.561427, 30.691767 ], [ -89.54423, 30.691723 ], [ -89.544232, 30.648368 ], [ -89.341446, 30.64772 ], [ -89.340872, 30.895042 ], [ -89.425392, 30.89533 ], [ -89.459297, 30.910382 ], [ -89.459149, 30.939986 ], [ -89.474833, 30.96902 ], [ -89.508633, 30.969034 ], [ -89.526177, 31.001921 ], [ -89.654038, 31.002502 ], [ -89.728119, 31.0023 ], [ -89.735686, 30.966573 ], [ -89.755948, 30.944119 ], [ -89.750073, 30.91293 ], [ -89.770269, 30.89939 ], [ -89.804632, 30.802511 ], [ -89.831537, 30.76761 ], [ -89.835963, 30.735846 ] ] ] } },
{ "type": "Feature", "properties": { "geo_id": "2803750", "geo_name": "Prentiss County School District", "geo_level": "school_district", "year": 2021 }, "geometry": { "type": "Polygon", "coordinates": [ [ [ -88.718508, 34.756781 ], [ -88.717794, 34.596472 ], [ -88.665234, 34.596544 ], [ -88.647141, 34.556926 ], [ -88.595152, 34.52682 ], [ -88.594089, 34.510876 ], [ -88.541749, 34.509192 ], [ -88.542079, 34.465276 ], [ -88.329193, 34.463571 ], [ -88.330699, 34.740721 ], [ -88.365472, 34.755604 ], [ -88.718508, 34.756781 ] ], [ [ -88.58774, 34.670353 ], [ -88.542872, 34.669025 ], [ -88.537761, 34.637953 ], [ -88.582461, 34.633403 ], [ -88.58774, 34.670353 ] ] ] } },
{ "type": "Feature", "properties": { "geo_id": "2803780", "geo_name": "Quitman School District", "geo_level": "school_district", "year": 2021 }, "geometry": { "type": "Polygon", "coordinates": [ [ [ -88.91356, 32.108454 ], [ -88.910459, 31.826649 ], [ -88.763411, 31.835934 ], [ -88.622394, 31.857193 ], [ -88.473227, 31.893856 ], [ -88.442661, 32.138601 ], [ -88.627115, 32.138125 ], [ -88.630425, 32.153688 ], [ -88.723811, 32.152963 ], [ -88.741589, 32.166458 ], [ -88.811319, 32.166865 ], [ -88.810211, 32.059531 ], [ -88.874119, 32.058977 ], [ -88.887322, 32.108518 ], [ -88.91356, 32.108454 ] ] ] } },
{ "type": "Feature", "properties": { "geo_id": "2803810", "geo_name": "Quitman County School District", "geo_level": "school_district", "year": 2021 }, "geometry": { "type": "Polygon", "coordinates": [ [ [ -90.399498, 34.423807 ], [ -90.399014, 34.261524 ], [ -90.450572, 34.262402 ], [ -90.450981, 34.072932 ], [ -90.18689, 34.072992 ], [ -90.135695, 34.0729 ], [ -90.135456, 34.160074 ], [ -90.134441, 34.265195 ], [ -90.194086, 34.301407 ], [ -90.197382, 34.376071 ], [ -90.198536, 34.511088 ], [ -90.304317, 34.509621 ], [ -90.301851, 34.424546 ], [ -90.399498, 34.423807 ] ] ] } },
{ "type": "Feature", "properties": { "geo_id": "2803830", "geo_name": "Rankin County School District", "geo_level": "school_district", "year": 2021 }, "geometry": { "type": "Polygon", "coordinates": [ [ [ -90.190994, 32.20966 ], [ -90.197823, 32.187916 ], [ -90.24538, 32.171396 ], [ -90.247276, 32.137503 ], [ -90.227936, 32.077515 ], [ -90.230331, 32.049728 ], [ -89.937189, 32.049159 ], [ -89.730066, 32.047072 ], [ -89.730424, 32.222039 ], [ -89.730063, 32.352733 ], [ -89.784123, 32.586891 ], [ -89.861159, 32.583162 ], [ -89.871346, 32.561002 ], [ -89.962077, 32.491286 ], [ -90.019347, 32.477293 ], [ -90.04066, 32.441678 ], [ -90.06626, 32.426398 ], [ -90.065796, 32.425678 ], [ -90.065697, 32.399529 ], [ -90.095184, 32.389145 ], [ -90.099819, 32.366767 ], [ -90.130287, 32.329747 ], [ -90.152187, 32.323743 ], [ -90.160787, 32.285843 ], [ -90.205292, 32.251945 ], [ -90.190994, 32.20966 ] ], [ [ -90.167107, 32.279547 ], [ -90.137062, 32.280465 ], [ -90.129786, 32.301546 ], [ -90.090923, 32.301472 ], [ -90.055708, 32.290975 ], [ -90.056235, 32.323292 ], [ -90.037742, 32.327013 ], [ -90.03804, 32.247111 ], [ -90.094965, 32.248867 ], [ -90.122974, 32.239136 ], [ -90.160912, 32.264133 ], [ -90.167107, 32.279547 ] ] ] } },
{ "type": "Feature", "properties": { "geo_id": "2803870", "geo_name": "Richton School District", "geo_level": "school_district", "year": 2021 }, "geometry": { "type": "Polygon", "coordinates": [ [ [ -89.027342, 31.433652 ], [ -89.027303, 31.374536 ], [ -89.010459, 31.360462 ], [ -89.010089, 31.258426 ], [ -88.841174, 31.258286 ], [ -88.841707, 31.433703 ], [ -88.943468, 31.433458 ], [ -89.027342, 31.433652 ] ] ] } },
{ "type": "Feature", "properties": { "geo_id": "2803900", "geo_name": "Scott County School District", "geo_level": "school_district", "year": 2021 }, "geometry": { "type": "Polygon", "coordinates": [ [ [ -89.784123, 32.586891 ], [ -89.730063, 32.352733 ], [ -89.730424, 32.222039 ], [ -89.560428, 32.223557 ], [ -89.55326, 32.24984 ], [ -89.526884, 32.249796 ], [ -89.535417, 32.294595 ], [ -89.560336, 32.294901 ], [ -89.56025, 32.370742 ], [ -89.526007, 32.370964 ], [ -89.523393, 32.473852 ], [ -89.474348, 32.474102 ], [ -89.474935, 32.387821 ], [ -89.423599, 32.382719 ], [ -89.423596, 32.398717 ], [ -89.373085, 32.394918 ], [ -89.392722, 32.355453 ], [ -89.421598, 32.342725 ], [ -89.455739, 32.342908 ], [ -89.474709, 32.31283 ], [ -89.474668, 32.237848 ], [ -89.423322, 32.237986 ], [ -89.403661, 32.223284 ], [ -89.322692, 32.223472 ], [ -89.322626, 32.307952 ], [ -89.322598, 32.576433 ], [ -89.730152, 32.577248 ], [ -89.730304, 32.634228 ], [ -89.784123, 32.586891 ] ] ] } },
{ "type": "Feature", "properties": { "geo_id": "2803930", "geo_name": "Senatobia Municipal School District", "geo_level": "school_district", "year": 2021 }, "geometry": { "type": "Polygon", "coordinates": [ [ [ -89.898383, 34.55366 ], [ -89.898022, 34.62655 ], [ -89.959578, 34.641307 ], [ -90.041405, 34.641052 ], [ -90.030179, 34.604817 ], [ -90.031471, 34.554072 ], [ -89.898383, 34.55366 ] ] ] } },
{ "type": "Feature", "properties": { "geo_id": "2803960", "geo_name": "South Delta School District", "geo_level": "school_district", "year": 2021 }, "geometry": { "type": "Polygon", "coordinates": [ [ [ -91.063974, 32.924113 ], [ -91.070602, 32.888658 ], [ -91.105631, 32.858396 ], [ -91.143559, 32.844738 ], [ -91.161669, 32.812465 ], [ -91.165814, 32.757841 ], [ -91.060766, 32.727494 ], [ -91.063946, 32.702925 ], [ -91.126201, 32.667135 ], [ -91.152699, 32.640757 ], [ -91.142782, 32.598899 ], [ -91.121157, 32.584806 ], [ -91.049802, 32.607185 ], [ -91.025769, 32.646572 ], [ -91.0035, 32.624845 ], [ -91.013723, 32.598419 ], [ -91.043552, 32.576271 ], [ -90.964043, 32.575605 ], [ -90.963381, 32.411185 ], [ -90.95124, 32.444389 ], [ -90.926476, 32.450579 ], [ -90.861364, 32.442115 ], [ -90.860566, 32.575173 ], [ -90.768081, 32.574751 ], [ -90.726262, 32.569893 ], [ -90.720102, 32.618858 ], [ -90.697563, 32.625135 ], [ -90.724151, 32.660325 ], [ -90.699308, 32.689256 ], [ -90.742634, 32.729225 ], [ -90.693061, 32.754297 ], [ -90.723389, 32.818882 ], [ -90.759467, 32.814836 ], [ -90.759753, 32.835763 ], [ -90.656632, 32.92251 ], [ -90.658049, 33.096514 ], [ -90.701845, 33.096294 ], [ -90.862866, 33.095106 ], [ -90.914465, 33.097417 ], [ -90.914337, 33.007697 ], [ -90.952329, 33.007814 ], [ -90.98151, 32.979615 ], [ -91.034363, 32.967745 ], [ -91.033937, 32.924042 ], [ -91.063974, 32.924113 ] ] ] } },
{ "type": "Feature", "properties": { "geo_id": "2803990", "geo_name": "Simpson County School District", "geo_level": "school_district", "year": 2021 }, "geometry": { "type": "Polygon", "coordinates": [ [ [ -90.230331, 32.049728 ], [ -90.247752, 32.030681 ], [ -90.209267, 31.98934 ], [ -90.191385, 31.93936 ], [ -90.168325, 31.930549 ], [ -90.170276, 31.904472 ], [ -90.145716, 31.892867 ], [ -90.132552, 31.856923 ], [ -90.140757, 31.789353 ], [ -90.110981, 31.789266 ], [ -90.122565, 31.75268 ], [ -89.974586, 31.761655 ], [ -89.755103, 31.774654 ], [ -89.653025, 31.780653 ], [ -89.654426, 32.013678 ], [ -89.662086, 32.047239 ], [ -89.730066, 32.047072 ], [ -89.937189, 32.049159 ], [ -90.230331, 32.049728 ] ] ] } },
{ "type": "Feature", "properties": { "geo_id": "2804020", "geo_name": "Smith County School District", "geo_level": "school_district", "year": 2021 }, "geometry": { "type": "Polygon", "coordinates": [ [ [ -89.730424, 32.222039 ], [ -89.730066, 32.047072 ], [ -89.662086, 32.047239 ], [ -89.654426, 32.013678 ], [ -89.653025, 31.780653 ], [ -89.401227, 31.796863 ], [ -89.31656, 31.80209 ], [ -89.320748, 31.874338 ], [ -89.322692, 32.223472 ], [ -89.403661, 32.223284 ], [ -89.560428, 32.223557 ], [ -89.730424, 32.222039 ] ] ] } },
{ "type": "Feature", "properties": { "geo_id": "2804050", "geo_name": "South Panola School District", "geo_level": "school_district", "year": 2021 }, "geometry": { "type": "Polygon", "coordinates": [ [ [ -90.197382, 34.376071 ], [ -90.194086, 34.301407 ], [ -90.134441, 34.265195 ], [ -90.135456, 34.160074 ], [ -89.96408, 34.159472 ], [ -89.931485, 34.164303 ], [ -89.77636, 34.163684 ], [ -89.721431, 34.163513 ], [ -89.72105, 34.192545 ], [ -89.721269, 34.364961 ], [ -89.721338, 34.379164 ], [ -89.721137, 34.444606 ], [ -89.828403, 34.396827 ], [ -89.883647, 34.386737 ], [ -89.89469, 34.376027 ], [ -89.991002, 34.376061 ], [ -89.990813, 34.394449 ], [ -90.038934, 34.394056 ], [ -90.038798, 34.375993 ], [ -90.197382, 34.376071 ] ] ] } },
{ "type": "Feature", "properties": { "geo_id": "2804080", "geo_name": "South Pike School District", "geo_level": "school_district", "year": 2021 }, "geometry": { "type": "Polygon", "coordinates": [ [ [ -90.548108, 31.203508 ], [ -90.547616, 30.99972 ], [ -90.259555, 31.000679 ], [ -90.260525, 31.204193 ], [ -90.430831, 31.20396 ], [ -90.446395, 31.217642 ], [ -90.483639, 31.20361 ], [ -90.548108, 31.203508 ] ] ] } },
{ "type": "Feature", "properties": { "geo_id": "2804110", "geo_name": "South Tippah School District", "geo_level": "school_district", "year": 2021 }, "geometry": { "type": "Polygon", "coordinates": [ [ [ -89.0884, 34.785962 ], [ -89.088488, 34.598247 ], [ -89.004122, 34.598493 ], [ -88.824663, 34.596952 ], [ -88.73544, 34.596483 ], [ -88.717794, 34.596472 ], [ -88.718508, 34.756781 ], [ -88.753065, 34.75696 ], [ -88.75305, 34.786201 ], [ -88.806216, 34.785886 ], [ -88.823209, 34.771493 ], [ -88.871937, 34.78012 ], [ -88.972074, 34.786302 ], [ -89.0884, 34.785962 ] ] ] } },
{ "type": "Feature", "properties": { "geo_id": "2804170", "geo_name": "Stone County School District", "geo_level": "school_district", "year": 2021 }, "geometry": { "type": "Polygon", "coordinates": [ [ [ -89.340872, 30.895042 ], [ -89.341446, 30.64772 ], [ -89.240136, 30.647646 ], [ -89.240073, 30.67716 ], [ -88.884533, 30.677292 ], [ -88.884534, 30.735591 ], [ -88.885038, 30.910788 ], [ -89.137967, 30.909877 ], [ -89.340806, 30.909912 ], [ -89.340872, 30.895042 ] ] ] } },
{ "type": "Feature", "properties": { "geo_id": "2804230", "geo_name": "Tate County School District", "geo_level": "school_district", "year": 2021 }, "geometry": { "type": "Polygon", "coordinates": [ [ [ -90.200199, 34.724418 ], [ -90.231412, 34.701991 ], [ -90.216325, 34.646874 ], [ -90.239971, 34.626237 ], [ -90.243924, 34.60215 ], [ -90.198631, 34.554425 ], [ -90.031471, 34.554072 ], [ -90.030179, 34.604817 ], [ -90.041405, 34.641052 ], [ -89.959578, 34.641307 ], [ -89.898022, 34.62655 ], [ -89.898383, 34.55366 ], [ -89.721341, 34.554274 ], [ -89.668448, 34.554367 ], [ -89.66916, 34.685786 ], [ -89.722333, 34.685504 ], [ -89.723442, 34.772311 ], [ -89.908587, 34.772641 ], [ -89.925158, 34.751536 ], [ -90.029144, 34.708176 ], [ -90.098277, 34.731783 ], [ -90.132368, 34.759913 ], [ -90.169988, 34.758735 ], [ -90.200199, 34.724418 ] ] ] } },
{ "type": "Feature", "properties": { "geo_id": "2804260", "geo_name": "Tishomingo County Schools", "geo_level": "school_district", "year": 2021 }, "geometry": { "type": "Polygon", "coordinates": [ [ [ -88.363531, 34.995475 ], [ -88.365472, 34.755604 ], [ -88.330699, 34.740721 ], [ -88.329193, 34.463571 ], [ -88.156292, 34.463214 ], [ -88.139988, 34.581703 ], [ -88.118407, 34.724292 ], [ -88.097888, 34.892202 ], [ -88.152413, 34.919741 ], [ -88.200064, 34.995634 ], [ -88.363531, 34.995475 ] ] ] } },
{ "type": "Feature", "properties": { "geo_id": "2804290", "geo_name": "Tunica County School District", "geo_level": "school_district", "year": 2021 }, "geometry": { "type": "Polygon", "coordinates": [ [ [ -90.304561, 34.860587 ], [ -90.338449, 34.858517 ], [ -90.389393, 34.830665 ], [ -90.438729, 34.825248 ], [ -90.449691, 34.83992 ], [ -90.42931, 34.868752 ], [ -90.444223, 34.887628 ], [ -90.480323, 34.882356 ], [ -90.48372, 34.861018 ], [ -90.455379, 34.820785 ], [ -90.476584, 34.794004 ], [ -90.448423, 34.739117 ], [ -90.474999, 34.723888 ], [ -90.524166, 34.731388 ], [ -90.492777, 34.772499 ], [ -90.521111, 34.801944 ], [ -90.547778, 34.783333 ], [ -90.539444, 34.755277 ], [ -90.563611, 34.737778 ], [ -90.571944, 34.712777 ], [ -90.533333, 34.696388 ], [ -90.474166, 34.705277 ], [ -90.468237, 34.670806 ], [ -90.517548, 34.630759 ], [ -90.546541, 34.631018 ], [ -90.569715, 34.66635 ], [ -90.591784, 34.623794 ], [ -90.573762, 34.592133 ], [ -90.540493, 34.557871 ], [ -90.567874, 34.523999 ], [ -90.399498, 34.423807 ], [ -90.301851, 34.424546 ], [ -90.304317, 34.509621 ], [ -90.198536, 34.511088 ], [ -90.198631, 34.554425 ], [ -90.243924, 34.60215 ], [ -90.239971, 34.626237 ], [ -90.216325, 34.646874 ], [ -90.231412, 34.701991 ], [ -90.200199, 34.724418 ], [ -90.202126, 34.860374 ], [ -90.304561, 34.860587 ] ] ] } },
{ "type": "Feature", "properties": { "geo_id": "2804320", "geo_name": "Tupelo Public School District", "geo_level": "school_district", "year": 2021 }, "geometry": { "type": "Polygon", "coordinates": [ [ [ -88.825424, 34.293597 ], [ -88.824849, 34.206032 ], [ -88.774571, 34.225964 ], [ -88.764087, 34.208098 ], [ -88.718532, 34.202757 ], [ -88.649485, 34.237032 ], [ -88.650359, 34.309036 ], [ -88.693105, 34.316105 ], [ -88.693408, 34.337568 ], [ -88.739574, 34.346397 ], [ -88.749078, 34.301665 ], [ -88.80032, 34.323537 ], [ -88.825424, 34.293597 ] ] ] } },
{ "type": "Feature", "properties": { "geo_id": "2804350", "geo_name": "Union County School District", "geo_level": "school_district", "year": 2021 }, "geometry": { "type": "Polygon", "coordinates": [ [ [ -89.246133, 34.495633 ], [ -89.246339, 34.379344 ], [ -88.928901, 34.379361 ], [ -88.928546, 34.365001 ], [ -88.824966, 34.364759 ], [ -88.825126, 34.393893 ], [ -88.789774, 34.393692 ], [ -88.789442, 34.49493 ], [ -88.736671, 34.494656 ], [ -88.736465, 34.50891 ], [ -88.73544, 34.596483 ], [ -88.824663, 34.596952 ], [ -88.824723, 34.540741 ], [ -88.894305, 34.540674 ], [ -88.894329, 34.510012 ], [ -88.92925, 34.50111 ], [ -88.946727, 34.470966 ], [ -89.057614, 34.468356 ], [ -89.057383, 34.511118 ], [ -89.039085, 34.529685 ], [ -88.99033, 34.524956 ], [ -88.990067, 34.55852 ], [ -89.004122, 34.598493 ], [ -89.088488, 34.598247 ], [ -89.245611, 34.597601 ], [ -89.245645, 34.583234 ], [ -89.246133, 34.495633 ] ] ] } },
{ "type": "Feature", "properties": { "geo_id": "2804380", "geo_name": "Union Public School District", "geo_level": "school_district", "year": 2021 }, "geometry": { "type": "Polygon", "coordinates": [ [ [ -89.034296, 32.576886 ], [ -89.052091, 32.612392 ], [ -89.076193, 32.62702 ], [ -89.124568, 32.634944 ], [ -89.17863, 32.635126 ], [ -89.178954, 32.605874 ], [ -89.256377, 32.606045 ], [ -89.256261, 32.576464 ], [ -89.252118, 32.532202 ], [ -89.197287, 32.532244 ], [ -89.167308, 32.52092 ], [ -89.084885, 32.528811 ], [ -89.085039, 32.564308 ], [ -89.034296, 32.576886 ] ] ] } },
{ "type": "Feature", "properties": { "geo_id": "2804440", "geo_name": "Walthall County School District", "geo_level": "school_district", "year": 2021 }, "geometry": { "type": "Polygon", "coordinates": [ [ [ -90.260391, 31.350274 ], [ -90.260525, 31.204193 ], [ -90.259555, 31.000679 ], [ -89.835908, 31.002047 ], [ -89.835873, 31.074926 ], [ -89.920944, 31.074677 ], [ -89.938178, 31.132949 ], [ -90.005936, 31.1323 ], [ -90.006138, 31.175605 ], [ -90.031896, 31.175727 ], [ -90.040375, 31.23391 ], [ -90.040466, 31.336014 ], [ -90.082442, 31.328849 ], [ -90.108651, 31.350869 ], [ -90.24389, 31.350274 ], [ -90.260391, 31.350274 ] ] ] } },
{ "type": "Feature", "properties": { "geo_id": "2804470", "geo_name": "Vicksburg Warren School District", "geo_level": "school_district", "year": 2021 }, "geometry": { "type": "Polygon", "coordinates": [ [ [ -91.043552, 32.576271 ], [ -91.080411, 32.556468 ], [ -91.057706, 32.533777 ], [ -91.018469, 32.521019 ], [ -90.987669, 32.498481 ], [ -91.000106, 32.48229 ], [ -91.049307, 32.498539 ], [ -91.093742, 32.549127 ], [ -91.116708, 32.500138 ], [ -91.093508, 32.457441 ], [ -91.027406, 32.433942 ], [ -90.993863, 32.450851 ], [ -90.965987, 32.420654 ], [ -90.99408, 32.403861 ], [ -91.004706, 32.367244 ], [ -90.986672, 32.35176 ], [ -90.912363, 32.339454 ], [ -90.916157, 32.303582 ], [ -90.947834, 32.283486 ], [ -90.984077, 32.279953 ], [ -90.969515, 32.252053 ], [ -90.983381, 32.211767 ], [ -91.034302, 32.241548 ], [ -91.061408, 32.21865 ], [ -91.083708, 32.22645 ], [ -91.11727, 32.206668 ], [ -91.133587, 32.213431 ], [ -91.16488, 32.195743 ], [ -91.174577, 32.157311 ], [ -91.162822, 32.132694 ], [ -91.11099, 32.124644 ], [ -91.08163, 32.133992 ], [ -91.052754, 32.125777 ], [ -91.049707, 32.157352 ], [ -91.002906, 32.162052 ], [ -91.005006, 32.142851 ], [ -91.030207, 32.114353 ], [ -90.956787, 32.083597 ], [ -90.92432, 32.097477 ], [ -90.90774, 32.131888 ], [ -90.882558, 32.114534 ], [ -90.77482, 32.153993 ], [ -90.79005, 32.174716 ], [ -90.753234, 32.196059 ], [ -90.728622, 32.225119 ], [ -90.712904, 32.279738 ], [ -90.698842, 32.297371 ], [ -90.707605, 32.340004 ], [ -90.683571, 32.352784 ], [ -90.627978, 32.339483 ], [ -90.627363, 32.377974 ], [ -90.599985, 32.424627 ], [ -90.604067, 32.479064 ], [ -90.580596, 32.501785 ], [ -90.553821, 32.507574 ], [ -90.553904, 32.531907 ], [ -90.588019, 32.546067 ], [ -90.654589, 32.546044 ], [ -90.655527, 32.589771 ], [ -90.690249, 32.589388 ], [ -90.689946, 32.618658 ], [ -90.720102, 32.618858 ], [ -90.726262, 32.569893 ], [ -90.768081, 32.574751 ], [ -90.860566, 32.575173 ], [ -90.861364, 32.442115 ], [ -90.926476, 32.450579 ], [ -90.95124, 32.444389 ], [ -90.963381, 32.411185 ], [ -90.964043, 32.575605 ], [ -91.043552, 32.576271 ] ] ] } },
{ "type": "Feature", "properties": { "geo_id": "2804500", "geo_name": "Water Valley School District", "geo_level": "school_district", "year": 2021 }, "geometry": { "type": "Polygon", "coordinates": [ [ [ -89.77636, 34.163684 ], [ -89.775702, 34.072199 ], [ -89.734806, 34.057031 ], [ -89.577075, 34.058194 ], [ -89.577174, 34.041352 ], [ -89.507597, 34.041543 ], [ -89.509748, 34.162082 ], [ -89.50944, 34.19096 ], [ -89.72105, 34.192545 ], [ -89.721431, 34.163513 ], [ -89.77636, 34.163684 ] ] ] } },
{ "type": "Feature", "properties": { "geo_id": "2804530", "geo_name": "Wayne County School District", "geo_level": "school_district", "year": 2021 }, "geometry": { "type": "Polygon", "coordinates": [ [ [ -88.943355, 31.824565 ], [ -88.943468, 31.433458 ], [ -88.841707, 31.433703 ], [ -88.449438, 31.435837 ], [ -88.46443, 31.697952 ], [ -88.473227, 31.893856 ], [ -88.622394, 31.857193 ], [ -88.763411, 31.835934 ], [ -88.910459, 31.826649 ], [ -88.943355, 31.824565 ] ] ] } },
{ "type": "Feature", "properties": { "geo_id": "2804560", "geo_name": "Webster County School District", "geo_level": "school_district", "year": 2021 }, "geometry": { "type": "Polygon", "coordinates": [ [ [ -89.507135, 33.721819 ], [ -89.506872, 33.677605 ], [ -89.506496, 33.459806 ], [ -89.381092, 33.460307 ], [ -89.339624, 33.469915 ], [ -89.319446, 33.496709 ], [ -89.222039, 33.527245 ], [ -89.180963, 33.532845 ], [ -89.088446, 33.533202 ], [ -89.088263, 33.562039 ], [ -89.018613, 33.562114 ], [ -89.01854, 33.635373 ], [ -89.034267, 33.63541 ], [ -89.034498, 33.73943 ], [ -89.191781, 33.738602 ], [ -89.191924, 33.722158 ], [ -89.507135, 33.721819 ] ] ] } },
{ "type": "Feature", "properties": { "geo_id": "2804590", "geo_name": "West Jasper School District", "geo_level": "school_district", "year": 2021 }, "geometry": { "type": "Polygon", "coordinates": [ [ [ -89.322692, 32.223472 ], [ -89.320748, 31.874338 ], [ -89.31656, 31.80209 ], [ -89.113276, 31.814121 ], [ -89.116232, 31.948211 ], [ -89.150379, 31.947807 ], [ -89.150236, 31.976628 ], [ -89.116439, 31.976514 ], [ -89.116844, 32.020299 ], [ -89.083324, 32.079232 ], [ -89.117062, 32.079197 ], [ -89.117675, 32.223972 ], [ -89.322692, 32.223472 ] ] ] } },
{ "type": "Feature", "properties": { "geo_id": "2804650", "geo_name": "West Tallahatchie School", "geo_level": "school_district", "year": 2021 }, "geometry": { "type": "Polygon", "coordinates": [ [ [ -90.451643, 33.81139 ], [ -90.182584, 33.809322 ], [ -90.17144, 33.789671 ], [ -90.204205, 33.759446 ], [ -90.250086, 33.763147 ], [ -90.294502, 33.750981 ], [ -90.313859, 33.725746 ], [ -90.301138, 33.699192 ], [ -90.269105, 33.697208 ], [ -90.25234, 33.730316 ], [ -90.220439, 33.722122 ], [ -90.136787, 33.721648 ], [ -90.136491, 33.809319 ], [ -90.189122, 33.814299 ], [ -90.18902, 33.840577 ], [ -90.241374, 33.840838 ], [ -90.241705, 33.935811 ], [ -90.187, 33.997642 ], [ -90.18689, 34.072992 ], [ -90.450981, 34.072932 ], [ -90.451012, 33.985689 ], [ -90.451643, 33.81139 ] ] ] } },
{ "type": "Feature", "properties": { "geo_id": "2804680", "geo_name": "Western Line School District", "geo_level": "school_district", "year": 2021 }, "geometry": { "type": "Polygon", "coordinates": [ [ [ -91.218843, 33.529382 ], [ -91.18342, 33.505062 ], [ -91.206454, 33.470707 ], [ -91.232202, 33.455944 ], [ -91.20647, 33.433924 ], [ -91.169915, 33.451898 ], [ -91.17076, 33.497639 ], [ -91.14004, 33.486925 ], [ -91.117658, 33.457558 ], [ -91.022344, 33.457791 ], [ -91.004815, 33.429288 ], [ -91.004496, 33.388045 ], [ -91.022215, 33.370224 ], [ -91.063006, 33.357622 ], [ -91.130387, 33.357111 ], [ -91.142219, 33.348989 ], [ -91.14164, 33.300066 ], [ -91.127966, 33.268471 ], [ -91.098517, 33.238694 ], [ -91.085946, 33.274103 ], [ -91.047314, 33.281932 ], [ -91.05413, 33.24599 ], [ -91.082592, 33.221826 ], [ -91.086017, 33.136281 ], [ -91.14849, 33.13026 ], [ -91.183698, 33.141744 ], [ -91.200805, 33.107765 ], [ -91.124595, 33.064184 ], [ -91.128133, 33.034451 ], [ -91.160756, 33.020806 ], [ -91.168973, 32.992131 ], [ -91.201842, 32.961212 ], [ -91.212837, 32.922103 ], [ -91.163877, 32.899476 ], [ -91.131304, 32.926918 ], [ -91.135095, 32.980108 ], [ -91.106581, 32.988937 ], [ -91.086802, 32.976266 ], [ -91.080431, 32.943206 ], [ -91.063974, 32.924113 ], [ -91.033937, 32.924042 ], [ -91.034363, 32.967745 ], [ -90.98151, 32.979615 ], [ -90.952329, 33.007814 ], [ -90.914337, 33.007697 ], [ -90.914465, 33.097417 ], [ -90.949138, 33.111317 ], [ -90.953426, 33.298405 ], [ -90.971517, 33.298408 ], [ -90.971457, 33.530276 ], [ -91.218843, 33.529382 ] ] ] } },
{ "type": "Feature", "properties": { "geo_id": "2804710", "geo_name": "Wilkinson County School District", "geo_level": "school_district", "year": 2021 }, "geometry": { "type": "Polygon", "coordinates": [ [ [ -91.589451, 31.19114 ], [ -91.625199, 31.115963 ], [ -91.56415, 31.06683 ], [ -91.564397, 31.038965 ], [ -91.590463, 31.01727 ], [ -91.636942, 30.999416 ], [ -91.375112, 30.998964 ], [ -91.060219, 30.998927 ], [ -91.059431, 31.281858 ], [ -91.079954, 31.288828 ], [ -91.095398, 31.320975 ], [ -91.111504, 31.319951 ], [ -91.15815, 31.346695 ], [ -91.213055, 31.3571 ], [ -91.237079, 31.371191 ], [ -91.257134, 31.360127 ], [ -91.30358, 31.360975 ], [ -91.343196, 31.339422 ], [ -91.378657, 31.336563 ], [ -91.424012, 31.31504 ], [ -91.468435, 31.31957 ], [ -91.478799, 31.238999 ], [ -91.530126, 31.214842 ], [ -91.540907, 31.238346 ], [ -91.57567, 31.224475 ], [ -91.589451, 31.19114 ] ] ] } },
{ "type": "Feature", "properties": { "geo_id": "2804770", "geo_name": "Yazoo City Municipal School District", "geo_level": "school_district", "year": 2021 }, "geometry": { "type": "Polygon", "coordinates": [ [ [ -90.443812, 32.853205 ], [ -90.434527, 32.836499 ], [ -90.38821, 32.855755 ], [ -90.380057, 32.894835 ], [ -90.415497, 32.894843 ], [ -90.424551, 32.865914 ], [ -90.443812, 32.853205 ] ] ] } },
{ "type": "Feature", "properties": { "geo_id": "2804800", "geo_name": "Yazoo County School District", "geo_level": "school_district", "year": 2021 }, "geometry": { "type": "Polygon", "coordinates": [ [ [ -90.656632, 32.92251 ], [ -90.759753, 32.835763 ], [ -90.759467, 32.814836 ], [ -90.723389, 32.818882 ], [ -90.693061, 32.754297 ], [ -90.742634, 32.729225 ], [ -90.699308, 32.689256 ], [ -90.724151, 32.660325 ], [ -90.697563, 32.625135 ], [ -90.720102, 32.618858 ], [ -90.689946, 32.618658 ], [ -90.690249, 32.589388 ], [ -90.655527, 32.589771 ], [ -90.654589, 32.546044 ], [ -90.588019, 32.546067 ], [ -90.553904, 32.531907 ], [ -90.553821, 32.507574 ], [ -90.542251, 32.505366 ], [ -90.484132, 32.542993 ], [ -90.450037, 32.573783 ], [ -90.427777, 32.585707 ], [ -90.40441, 32.574741 ], [ -90.322828, 32.615589 ], [ -90.311212, 32.640692 ], [ -90.274745, 32.658013 ], [ -90.235161, 32.665755 ], [ -90.197729, 32.66385 ], [ -90.136027, 32.697248 ], [ -90.094297, 32.704432 ], [ -90.076365, 32.729443 ], [ -90.042441, 32.744143 ], [ -90.022666, 32.784887 ], [ -90.018675, 32.821689 ], [ -89.995433, 32.834003 ], [ -89.965882, 32.879573 ], [ -90.338339, 33.010131 ], [ -90.364031, 33.010596 ], [ -90.449323, 33.00901 ], [ -90.449893, 32.92329 ], [ -90.656632, 32.92251 ] ], [ [ -90.443812, 32.853205 ], [ -90.424551, 32.865914 ], [ -90.415497, 32.894843 ], [ -90.380057, 32.894835 ], [ -90.38821, 32.855755 ], [ -90.434527, 32.836499 ], [ -90.443812, 32.853205 ] ] ] } },
{ "type": "Feature", "properties": { "geo_id": "0100001", "geo_name": "Fort Rucker School District", "geo_level": "school_district", "year": 2022 }, "geometry": { "type": "Polygon", "coordinates": [ [ [ -85.789308, 31.490925 ], [ -85.817702, 31.50935 ], [ -85.840629, 31.473087 ], [ -85.858166, 31.465831 ], [ -85.845145, 31.429359 ], [ -85.789837, 31.385469 ], [ -85.789785, 31.356562 ], [ -85.755551, 31.356399 ], [ -85.745747, 31.322028 ], [ -85.74429, 31.320838 ], [ -85.715492, 31.319532 ], [ -85.713481, 31.320401 ], [ -85.675689, 31.315582 ], [ -85.665605, 31.317301 ], [ -85.61573, 31.3624 ], [ -85.662703, 31.38464 ], [ -85.700783, 31.384907 ], [ -85.679211, 31.415838 ], [ -85.705264, 31.429154 ], [ -85.713572, 31.458233 ], [ -85.759878, 31.469358 ], [ -85.759103, 31.48379 ], [ -85.789308, 31.490925 ] ] ] } },
{ "type": "Feature", "properties": { "geo_id": "0100003", "geo_name": "Maxwell AFB School District", "geo_level": "school_district", "year": 2022 }, "geometry": { "type": "Polygon", "coordinates": [ [ [ -86.376555, 32.393576 ], [ -86.371403, 32.368871 ], [ -86.333484, 32.376668 ], [ -86.352748, 32.396704 ], [ -86.376555, 32.393576 ] ] ] } },
{ "type": "Feature", "properties": { "geo_id": "0100005", "geo_name": "Albertville City School District", "geo_level": "school_district", "year": 2022 }, "geometry": { "type": "Polygon", "coordinates": [ [ [ -86.266139, 34.297754 ], [ -86.240887, 34.251218 ], [ -86.250924, 34.252079 ], [ -86.258945, 34.224026 ], [ -86.191514, 34.220171 ], [ -86.191493, 34.221584 ], [ -86.191466, 34.223528 ], [ -86.173747, 34.230395 ], [ -86.167491, 34.228832 ], [ -86.155569, 34.232608 ], [ -86.160428, 34.286925 ], [ -86.209319, 34.293219 ], [ -86.223343, 34.312766 ], [ -86.25773, 34.301851 ], [ -86.266147, 34.301125 ], [ -86.266139, 34.297754 ] ] ] } },
{ "type": "Feature", "properties": { "geo_id": "0100006", "geo_name": "Marshall County School District", "geo_level": "school_district", "year": 2022 }, "geometry": { "type": "Polygon", "coordinates": [ [ [ -86.550166, 34.545963 ], [ -86.58132, 34.371094 ], [ -86.581936, 34.304694 ], [ -86.516655, 34.303281 ], [ -86.530015, 34.333127 ], [ -86.493208, 34.365248 ], [ -86.462288, 34.310211 ], [ -86.477525, 34.302758 ], [ -86.459449, 34.289148 ], [ -86.45302, 34.259317 ], [ -86.409017, 34.205002 ], [ -86.303516, 34.099073 ], [ -86.193649, 34.181575 ], [ -86.178815, 34.18396 ], [ -86.191514, 34.220171 ], [ -86.258945, 34.224026 ], [ -86.250924, 34.252079 ], [ -86.240887, 34.251218 ], [ -86.266139, 34.297754 ], [ -86.3716, 34.301977 ], [ -86.371512, 34.316614 ], [ -86.335998, 34.330647 ], [ -86.335852, 34.370404 ], [ -86.312363, 34.393383 ], [ -86.235677, 34.39147 ], [ -86.229185, 34.422044 ], [ -86.179754, 34.422107 ], [ -86.191576, 34.375773 ], [ -86.215301, 34.355019 ], [ -86.240905, 34.375897 ], [ -86.266137, 34.371234 ], [ -86.24221, 34.3309 ], [ -86.291696, 34.330756 ], [ -86.266147, 34.301125 ], [ -86.25773, 34.301851 ], [ -86.223343, 34.312766 ], [ -86.209319, 34.293219 ], [ -86.160428, 34.286925 ], [ -86.155569, 34.232608 ], [ -86.106086, 34.200756 ], [ -86.110362, 34.427797 ], [ -86.057712, 34.475994 ], [ -86.082763, 34.464473 ], [ -86.104417, 34.506579 ], [ -86.149806, 34.533633 ], [ -86.148464, 34.599069 ], [ -86.326853, 34.599403 ], [ -86.307275, 34.582514 ], [ -86.311187, 34.539277 ], [ -86.33496, 34.509309 ], [ -86.353745, 34.521589 ], [ -86.412446, 34.494155 ], [ -86.425482, 34.479277 ], [ -86.499988, 34.482292 ], [ -86.533445, 34.502795 ], [ -86.550166, 34.545963 ] ] ] } },
{ "type": "Feature", "properties": { "geo_id": "0100007", "geo_name": "Hoover City School District", "geo_level": "school_district", "year": 2022 }, "geometry": { "type": "MultiPolygon", "coordinates": [ [ [ [ -86.677639, 33.422728 ], [ -86.660612, 33.409137 ], [ -86.630617, 33.415862 ], [ -86.604626, 33.467127 ], [ -86.624005, 33.466856 ], [ -86.626359, 33.466809 ], [ -86.626361, 33.463155 ], [ -86.628611, 33.459453 ], [ -86.643738, 33.441084 ], [ -86.658138, 33.437444 ], [ -86.666394, 33.429237 ], [ -86.669888, 33.423353 ], [ -86.674236, 33.422711 ], [ -86.677639, 33.422728 ] ] ], [ [ [ -86.769863, 33.388533 ], [ -86.721953, 33.387257 ], [ -86.704712, 33.425666 ], [ -86.719755, 33.423533 ], [ -86.727722, 33.416432 ], [ -86.75118, 33.41279 ], [ -86.752358, 33.413006 ], [ -86.752351, 33.4146 ], [ -86.75235, 33.414834 ], [ -86.752348, 33.41528 ], [ -86.752348, 33.41542 ], [ -86.752347, 33.415509 ], [ -86.752344, 33.416031 ], [ -86.76095, 33.404119 ], [ -86.762923, 33.396786 ], [ -86.761023, 33.388321 ], [ -86.769863, 33.388533 ] ] ], [ [ [ -86.78848, 33.404512 ], [ -86.764515, 33.409208 ], [ -86.765073, 33.409798 ], [ -86.774088, 33.413831 ], [ -86.774238, 33.413724 ], [ -86.778538, 33.411102 ], [ -86.778614, 33.411077 ], [ -86.780116, 33.410589 ], [ -86.782188, 33.407009 ], [ -86.782515, 33.405586 ], [ -86.782571, 33.405608 ], [ -86.782889, 33.404984 ], [ -86.782778, 33.404905 ], [ -86.783082, 33.404688 ], [ -86.783111, 33.404643 ], [ -86.784059, 33.404694 ], [ -86.784611, 33.404849 ], [ -86.784647, 33.405117 ], [ -86.786888, 33.404281 ], [ -86.78867, 33.405071 ], [ -86.788651, 33.405024 ], [ -86.78848, 33.404512 ] ] ], [ [ [ -86.823596, 33.434767 ], [ -86.813067, 33.433537 ], [ -86.813586, 33.440298 ], [ -86.820326, 33.440008 ], [ -86.822564, 33.436934 ], [ -86.822956, 33.436644 ], [ -86.823596, 33.434767 ] ] ], [ [ [ -86.900071, 33.307763 ], [ -86.876974, 33.30127 ], [ -86.839232, 33.332158 ], [ -86.835121, 33.332082 ], [ -86.83069, 33.331798 ], [ -86.813292, 33.338718 ], [ -86.809036, 33.345808 ], [ -86.803868, 33.349369 ], [ -86.795698, 33.346325 ], [ -86.789343, 33.352661 ], [ -86.788733, 33.348715 ], [ -86.782857, 33.345143 ], [ -86.778543, 33.37114 ], [ -86.786981, 33.398665 ], [ -86.808693, 33.411499 ], [ -86.828056, 33.406354 ], [ -86.828292, 33.406609 ], [ -86.829767, 33.41202 ], [ -86.830198, 33.412012 ], [ -86.824934, 33.415258 ], [ -86.829142, 33.416284 ], [ -86.829534, 33.418343 ], [ -86.830355, 33.418523 ], [ -86.830351, 33.418561 ], [ -86.824932, 33.418797 ], [ -86.823822, 33.418773 ], [ -86.816827, 33.416184 ], [ -86.814942, 33.42094 ], [ -86.814947, 33.420995 ], [ -86.814968, 33.421219 ], [ -86.816439, 33.422949 ], [ -86.815834, 33.423035 ], [ -86.830335, 33.432127 ], [ -86.834632, 33.430065 ], [ -86.836041, 33.429266 ], [ -86.837417, 33.42915 ], [ -86.838973, 33.426716 ], [ -86.841724, 33.426575 ], [ -86.841828, 33.426454 ], [ -86.842279, 33.425925 ], [ -86.853308, 33.415053 ], [ -86.853674, 33.41472 ], [ -86.856309, 33.412372 ], [ -86.862761, 33.416435 ], [ -86.869487, 33.409033 ], [ -86.881608, 33.407394 ], [ -86.882059, 33.407398 ], [ -86.886777, 33.404759 ], [ -86.892589, 33.400569 ], [ -86.893262, 33.399868 ], [ -86.89416, 33.398964 ], [ -86.897164, 33.38379 ], [ -86.896814, 33.38378 ], [ -86.892508, 33.383663 ], [ -86.885671, 33.383477 ], [ -86.86029, 33.376196 ], [ -86.865249, 33.375701 ], [ -86.867745, 33.371147 ], [ -86.868245, 33.370164 ], [ -86.868542, 33.369581 ], [ -86.868867, 33.368944 ], [ -86.871575, 33.363349 ], [ -86.87583, 33.355692 ], [ -86.874996, 33.356616 ], [ -86.874941, 33.357034 ], [ -86.874393, 33.358027 ], [ -86.874243, 33.358242 ], [ -86.873882, 33.358241 ], [ -86.876942, 33.354827 ], [ -86.882471, 33.358776 ], [ -86.886752, 33.354765 ], [ -86.891237, 33.349455 ], [ -86.902357, 33.336893 ], [ -86.904131, 33.335178 ], [ -86.908618, 33.333177 ], [ -86.903439, 33.307732 ], [ -86.900911, 33.307755 ], [ -86.899748, 33.313113 ], [ -86.896485, 33.315052 ], [ -86.895563, 33.316434 ], [ -86.899743, 33.311498 ], [ -86.900071, 33.307763 ] ], [ [ -86.882531, 33.328043 ], [ -86.882525, 33.328415 ], [ -86.875087, 33.332839 ], [ -86.870712, 33.332758 ], [ -86.882531, 33.328043 ] ], [ [ -86.830596, 33.342702 ], [ -86.830595, 33.342803 ], [ -86.825776, 33.348205 ], [ -86.830641, 33.337341 ], [ -86.830642, 33.337113 ], [ -86.83065, 33.336219 ], [ -86.830632, 33.338407 ], [ -86.830596, 33.342702 ] ], [ [ -86.813339, 33.363073 ], [ -86.813342, 33.363464 ], [ -86.812743, 33.363615 ], [ -86.797824, 33.36731 ], [ -86.813339, 33.363073 ] ] ], [ [ [ -86.926137, 33.294223 ], [ -86.926151, 33.289397 ], [ -86.921959, 33.296529 ], [ -86.923348, 33.296553 ], [ -86.923761, 33.29656 ], [ -86.926135, 33.295098 ], [ -86.926137, 33.294223 ] ] ] ] } },
{ "type": "Feature", "properties": { "geo_id": "0100008", "geo_name": "Madison City School District", "geo_level": "school_district", "year": 2022 }, "geometry": { "type": "Polygon", "coordinates": [ [ [ -86.842025, 34.729495 ], [ -86.848024, 34.722151 ], [ -86.842188, 34.722105 ], [ -86.815656, 34.697392 ], [ -86.815657, 34.697203 ], [ -86.815659, 34.696917 ], [ -86.806863, 34.681487 ], [ -86.80698, 34.675683 ], [ -86.800721, 34.67373 ], [ -86.786666, 34.677815 ], [ -86.786672, 34.676775 ], [ -86.786835, 34.666792 ], [ -86.78684, 34.666357 ], [ -86.786859, 34.66522 ], [ -86.786881, 34.664246 ], [ -86.740899, 34.669972 ], [ -86.738263, 34.669925 ], [ -86.712941, 34.699134 ], [ -86.711097, 34.699262 ], [ -86.708869, 34.708274 ], [ -86.708096, 34.708425 ], [ -86.70722, 34.709026 ], [ -86.707277, 34.712415 ], [ -86.707259, 34.713353 ], [ -86.709735, 34.712608 ], [ -86.710363, 34.712619 ], [ -86.711072, 34.713928 ], [ -86.708456, 34.714688 ], [ -86.708449, 34.714953 ], [ -86.708952, 34.716001 ], [ -86.709552, 34.71603 ], [ -86.71782, 34.71974 ], [ -86.706277, 34.721713 ], [ -86.707476, 34.731452 ], [ -86.707721, 34.737402 ], [ -86.707713, 34.738408 ], [ -86.708859, 34.741566 ], [ -86.711331, 34.741593 ], [ -86.71456, 34.741635 ], [ -86.714554, 34.74288 ], [ -86.714494, 34.746685 ], [ -86.714482, 34.747604 ], [ -86.71438, 34.752951 ], [ -86.716663, 34.75302 ], [ -86.725167, 34.752494 ], [ -86.728429, 34.756144 ], [ -86.732845, 34.752594 ], [ -86.736863, 34.753353 ], [ -86.740632, 34.754249 ], [ -86.747394, 34.75797 ], [ -86.766052, 34.749027 ], [ -86.763247, 34.743452 ], [ -86.765296, 34.743472 ], [ -86.766017, 34.743479 ], [ -86.771112, 34.743527 ], [ -86.779327, 34.743626 ], [ -86.782114, 34.743633 ], [ -86.786178, 34.743626 ], [ -86.815194, 34.741911 ], [ -86.815227, 34.739116 ], [ -86.815493, 34.729212 ], [ -86.819795, 34.743636 ], [ -86.835387, 34.736863 ], [ -86.837466, 34.736934 ], [ -86.842025, 34.729495 ] ], [ [ -86.805828, 34.719234 ], [ -86.803253, 34.718993 ], [ -86.803255, 34.717772 ], [ -86.804978, 34.718448 ], [ -86.805828, 34.719234 ] ] ] } },
{ "type": "Feature", "properties": { "geo_id": "0100011", "geo_name": "Leeds City School District", "geo_level": "school_district", "year": 2022 }, "geometry": { "type": "MultiPolygon", "coordinates": [ [ [ [ -86.604487, 33.517732 ], [ -86.617667, 33.506956 ], [ -86.617635, 33.505239 ], [ -86.617216, 33.505258 ], [ -86.616022, 33.506584 ], [ -86.616218, 33.50696 ], [ -86.616222, 33.506977 ], [ -86.604485, 33.51235 ], [ -86.605134, 33.51131 ], [ -86.6001, 33.502302 ], [ -86.600136, 33.499734 ], [ -86.605139, 33.502817 ], [ -86.607078, 33.503391 ], [ -86.608741, 33.500926 ], [ -86.614821, 33.499714 ], [ -86.616574, 33.495855 ], [ -86.613501, 33.489712 ], [ -86.611487, 33.488831 ], [ -86.600085, 33.48701 ], [ -86.578309, 33.503287 ], [ -86.574112, 33.503256 ], [ -86.565013, 33.510616 ], [ -86.560624, 33.517512 ], [ -86.551793, 33.51745 ], [ -86.543279, 33.521113 ], [ -86.517199, 33.524136 ], [ -86.507977, 33.546058 ], [ -86.512622, 33.557639 ], [ -86.551917, 33.566247 ], [ -86.551581, 33.590319 ], [ -86.560869, 33.59047 ], [ -86.561555, 33.590481 ], [ -86.569177, 33.590503 ], [ -86.569223, 33.586154 ], [ -86.582123, 33.576144 ], [ -86.586602, 33.576181 ], [ -86.608667, 33.565251 ], [ -86.604289, 33.565266 ], [ -86.608708, 33.558008 ], [ -86.608711, 33.557502 ], [ -86.608785, 33.543425 ], [ -86.602325, 33.532542 ], [ -86.594506, 33.532552 ], [ -86.591391, 33.528865 ], [ -86.604487, 33.517906 ], [ -86.604487, 33.517732 ] ], [ [ -86.569772, 33.519799 ], [ -86.567778, 33.523802 ], [ -86.565614, 33.52423 ], [ -86.565552, 33.521991 ], [ -86.56662, 33.521232 ], [ -86.566683, 33.521233 ], [ -86.56926, 33.517659 ], [ -86.569254, 33.519474 ], [ -86.569772, 33.519799 ] ] ], [ [ [ -86.622935, 33.54694 ], [ -86.617812, 33.544584 ], [ -86.613896, 33.554389 ], [ -86.614667, 33.554344 ], [ -86.621749, 33.550069 ], [ -86.621761, 33.548503 ], [ -86.622935, 33.54694 ] ] ] ] } },
{ "type": "Feature", "properties": { "geo_id": "0100012", "geo_name": "Boaz City School District", "geo_level": "school_district", "year": 2022 }, "geometry": { "type": "Polygon", "coordinates": [ [ [ -86.191514, 34.220171 ], [ -86.178815, 34.18396 ], [ -86.169826, 34.176246 ], [ -86.169823, 34.172629 ], [ -86.140785, 34.187013 ], [ -86.13224, 34.186851 ], [ -86.118803, 34.186525 ], [ -86.114953, 34.186428 ], [ -86.105744, 34.190066 ], [ -86.105861, 34.193429 ], [ -86.106086, 34.200756 ], [ -86.155569, 34.232608 ], [ -86.167491, 34.228832 ], [ -86.173747, 34.230395 ], [ -86.191466, 34.223528 ], [ -86.191493, 34.221584 ], [ -86.191514, 34.220171 ] ], [ [ -86.169826, 34.176246 ], [ -86.169355, 34.18654 ], [ -86.167161, 34.187466 ], [ -86.169826, 34.176246 ] ] ] } },
{ "type": "Feature", "properties": { "geo_id": "0100013", "geo_name": "Trussville City School District", "geo_level": "school_district", "year": 2022 }, "geometry": { "type": "MultiPolygon", "coordinates": [ [ [ [ -86.625872, 33.601695 ], [ -86.628231, 33.594366 ], [ -86.606033, 33.590599 ], [ -86.604338, 33.597639 ], [ -86.596466, 33.59988 ], [ -86.586144, 33.608143 ], [ -86.585292, 33.608546 ], [ -86.583867, 33.608072 ], [ -86.582877, 33.608618 ], [ -86.575566, 33.60769 ], [ -86.568507, 33.607498 ], [ -86.560764, 33.613254 ], [ -86.577407, 33.620311 ], [ -86.569379, 33.620324 ], [ -86.560219, 33.620137 ], [ -86.55516, 33.626564 ], [ -86.538317, 33.639872 ], [ -86.533633, 33.637194 ], [ -86.533686, 33.634382 ], [ -86.521861, 33.628248 ], [ -86.520356, 33.631273 ], [ -86.519896, 33.637352 ], [ -86.521417, 33.63739 ], [ -86.520934, 33.640937 ], [ -86.516189, 33.640711 ], [ -86.525393, 33.670261 ], [ -86.527481, 33.663457 ], [ -86.534031, 33.66329 ], [ -86.540415, 33.665394 ], [ -86.564858, 33.647856 ], [ -86.567836, 33.64614 ], [ -86.587131, 33.631059 ], [ -86.588257, 33.629977 ], [ -86.598518, 33.621801 ], [ -86.6041, 33.617122 ], [ -86.613576, 33.614454 ], [ -86.613545, 33.614407 ], [ -86.625872, 33.601695 ] ] ], [ [ [ -86.630446, 33.578866 ], [ -86.630403, 33.575251 ], [ -86.621722, 33.568921 ], [ -86.613018, 33.583441 ], [ -86.613013, 33.583458 ], [ -86.604208, 33.583333 ], [ -86.595481, 33.583359 ], [ -86.591547, 33.583396 ], [ -86.58659, 33.576797 ], [ -86.582123, 33.576752 ], [ -86.569223, 33.586154 ], [ -86.569177, 33.590503 ], [ -86.561555, 33.590481 ], [ -86.560869, 33.59047 ], [ -86.551544, 33.594428 ], [ -86.551473, 33.60776 ], [ -86.560689, 33.609803 ], [ -86.564117, 33.607047 ], [ -86.56841, 33.60183 ], [ -86.573568, 33.605628 ], [ -86.576398, 33.606869 ], [ -86.582756, 33.608286 ], [ -86.586613, 33.606071 ], [ -86.591168, 33.60195 ], [ -86.59544, 33.598989 ], [ -86.597711, 33.597026 ], [ -86.595916, 33.594257 ], [ -86.604371, 33.59059 ], [ -86.6055, 33.590596 ], [ -86.630446, 33.578866 ] ] ], [ [ [ -86.652188, 33.617399 ], [ -86.652191, 33.616341 ], [ -86.647681, 33.612677 ], [ -86.64809, 33.59804 ], [ -86.625872, 33.601695 ], [ -86.631268, 33.606664 ], [ -86.631092, 33.606783 ], [ -86.626458, 33.607946 ], [ -86.625694, 33.607795 ], [ -86.619509, 33.612592 ], [ -86.615617, 33.616425 ], [ -86.613764, 33.616005 ], [ -86.612398, 33.615482 ], [ -86.611752, 33.61604 ], [ -86.611701, 33.616023 ], [ -86.60405, 33.619638 ], [ -86.599659, 33.622109 ], [ -86.598913, 33.62234 ], [ -86.588554, 33.631303 ], [ -86.588096, 33.631747 ], [ -86.587476, 33.63166 ], [ -86.587473, 33.632591 ], [ -86.586315, 33.63414 ], [ -86.584574, 33.634451 ], [ -86.584625, 33.635975 ], [ -86.584917, 33.649525 ], [ -86.58259, 33.637636 ], [ -86.580773, 33.638612 ], [ -86.580201, 33.639292 ], [ -86.539345, 33.668196 ], [ -86.569358, 33.661241 ], [ -86.569351, 33.662936 ], [ -86.569358, 33.664348 ], [ -86.550458, 33.677685 ], [ -86.55211, 33.677944 ], [ -86.55074, 33.681854 ], [ -86.553606, 33.681391 ], [ -86.542779, 33.691582 ], [ -86.54206, 33.692365 ], [ -86.525273, 33.702743 ], [ -86.52503, 33.71131 ], [ -86.525794, 33.711322 ], [ -86.535439, 33.71126 ], [ -86.536672, 33.711204 ], [ -86.539354, 33.711198 ], [ -86.539433, 33.707471 ], [ -86.544007, 33.698908 ], [ -86.542435, 33.695987 ], [ -86.55165, 33.696421 ], [ -86.552, 33.699752 ], [ -86.588235, 33.687265 ], [ -86.587409, 33.68726 ], [ -86.597898, 33.685841 ], [ -86.600359, 33.687269 ], [ -86.620941, 33.667308 ], [ -86.622437, 33.660001 ], [ -86.626496, 33.6565 ], [ -86.627207, 33.649819 ], [ -86.630509, 33.644163 ], [ -86.648583, 33.622693 ], [ -86.65218, 33.619911 ], [ -86.652184, 33.618593 ], [ -86.652188, 33.617399 ] ], [ [ -86.621403, 33.631413 ], [ -86.631293, 33.63206 ], [ -86.630117, 33.632487 ], [ -86.628852, 33.633927 ], [ -86.628045, 33.633493 ], [ -86.623628, 33.63574 ], [ -86.623011, 33.636311 ], [ -86.622741, 33.636631 ], [ -86.622789, 33.637544 ], [ -86.622303, 33.637288 ], [ -86.621816, 33.638042 ], [ -86.621565, 33.638444 ], [ -86.620598, 33.637121 ], [ -86.621656, 33.636112 ], [ -86.620485, 33.631413 ], [ -86.621403, 33.631413 ] ], [ [ -86.627773, 33.634051 ], [ -86.625977, 33.637542 ], [ -86.62611, 33.634597 ], [ -86.626706, 33.63387 ], [ -86.627773, 33.634051 ] ], [ [ -86.604253, 33.660109 ], [ -86.608509, 33.656378 ], [ -86.607236, 33.66014 ], [ -86.604253, 33.660109 ] ], [ [ -86.582883, 33.660462 ], [ -86.582156, 33.660351 ], [ -86.58219, 33.659324 ], [ -86.582738, 33.658964 ], [ -86.584266, 33.659416 ], [ -86.584148, 33.659561 ], [ -86.583368, 33.659838 ], [ -86.583594, 33.659306 ], [ -86.582725, 33.659476 ], [ -86.58277, 33.659705 ], [ -86.582883, 33.660462 ] ] ] ] } },
{ "type": "Feature", "properties": { "geo_id": "0100030", "geo_name": "Alexander City City School District", "geo_level": "school_district", "year": 2022 }, "geometry": { "type": "Polygon", "coordinates": [ [ [ -86.008263, 32.966054 ], [ -86.007187, 32.754984 ], [ -85.895368, 32.754581 ], [ -85.891616, 32.813355 ], [ -85.878698, 32.828501 ], [ -85.90442, 32.870054 ], [ -85.870731, 32.871065 ], [ -85.871488, 32.924448 ], [ -85.855926, 32.978386 ], [ -85.943452, 32.984026 ], [ -85.947826, 32.965837 ], [ -86.008263, 32.966054 ] ] ] } },
{ "type": "Feature", "properties": { "geo_id": "0100060", "geo_name": "Andalusia City School District", "geo_level": "school_district", "year": 2022 }, "geometry": { "type": "Polygon", "coordinates": [ [ [ -86.441793, 31.300113 ], [ -86.439058, 31.33984 ], [ -86.522192, 31.336091 ], [ -86.514451, 31.277919 ], [ -86.442285, 31.281924 ], [ -86.442471, 31.282172 ], [ -86.441793, 31.300113 ] ] ] } },
{ "type": "Feature", "properties": { "geo_id": "0100090", "geo_name": "Anniston City School District", "geo_level": "school_district", "year": 2022 }, "geometry": { "type": "Polygon", "coordinates": [ [ [ -85.929241, 33.608254 ], [ -85.91696, 33.600443 ], [ -85.912402, 33.600471 ], [ -85.886923, 33.600423 ], [ -85.885998, 33.601711 ], [ -85.881918, 33.603839 ], [ -85.864984, 33.615178 ], [ -85.864787, 33.616949 ], [ -85.859521, 33.620258 ], [ -85.855989, 33.62255 ], [ -85.851959, 33.622556 ], [ -85.850378, 33.622533 ], [ -85.84742, 33.622495 ], [ -85.825347, 33.625588 ], [ -85.819682, 33.62434 ], [ -85.808372, 33.618284 ], [ -85.80754, 33.618287 ], [ -85.807564, 33.617915 ], [ -85.807679, 33.61618 ], [ -85.807064, 33.616099 ], [ -85.803587, 33.616192 ], [ -85.790541, 33.622079 ], [ -85.786196, 33.622039 ], [ -85.759959, 33.632322 ], [ -85.760044, 33.748889 ], [ -85.821213, 33.742019 ], [ -85.829927, 33.68763 ], [ -85.851811, 33.688006 ], [ -85.853165, 33.655603 ], [ -85.853565, 33.655403 ], [ -85.85501, 33.654712 ], [ -85.860764, 33.636928 ], [ -85.895776, 33.629457 ], [ -85.913469, 33.62125 ], [ -85.929058, 33.608241 ], [ -85.929241, 33.608254 ] ] ] } },
{ "type": "Feature", "properties": { "geo_id": "0100100", "geo_name": "Arab City School District", "geo_level": "school_district", "year": 2022 }, "geometry": { "type": "Polygon", "coordinates": [ [ [ -86.462288, 34.310211 ], [ -86.493208, 34.365248 ], [ -86.530015, 34.333127 ], [ -86.516655, 34.303281 ], [ -86.4862, 34.302865 ], [ -86.482132, 34.302815 ], [ -86.477525, 34.302758 ], [ -86.462288, 34.310211 ] ] ] } },
{ "type": "Feature", "properties": { "geo_id": "0100120", "geo_name": "Athens City School District", "geo_level": "school_district", "year": 2022 }, "geometry": { "type": "Polygon", "coordinates": [ [ [ -86.886309, 34.737379 ], [ -86.877295, 34.754131 ], [ -86.903659, 34.777577 ], [ -86.919537, 34.82901 ], [ -87.001898, 34.835986 ], [ -87.013982, 34.816705 ], [ -87.001613, 34.747011 ], [ -86.938899, 34.748692 ], [ -86.931116, 34.715274 ], [ -86.928448, 34.729116 ], [ -86.895085, 34.744795 ], [ -86.886309, 34.737379 ] ] ] } },
{ "type": "Feature", "properties": { "geo_id": "0100180", "geo_name": "Attalla City School District", "geo_level": "school_district", "year": 2022 }, "geometry": { "type": "Polygon", "coordinates": [ [ [ -86.128068, 33.989608 ], [ -86.0925, 33.990102 ], [ -86.100828, 34.00076 ], [ -86.071852, 34.011352 ], [ -86.068337, 34.039982 ], [ -86.099574, 34.033196 ], [ -86.127963, 33.990934 ], [ -86.128068, 33.989608 ] ] ] } },
{ "type": "Feature", "properties": { "geo_id": "0100185", "geo_name": "Saraland City School District", "geo_level": "school_district", "year": 2022 }, "geometry": { "type": "Polygon", "coordinates": [ [ [ -88.128793, 30.887479 ], [ -88.149318, 30.840549 ], [ -88.123097, 30.822064 ], [ -88.114509, 30.792627 ], [ -88.090306, 30.790347 ], [ -88.072273, 30.782199 ], [ -88.056596, 30.801312 ], [ -88.055735, 30.837107 ], [ -88.058073, 30.836122 ], [ -88.058993, 30.834379 ], [ -88.060227, 30.832554 ], [ -88.062991, 30.833464 ], [ -88.076918, 30.84019 ], [ -88.07824, 30.843436 ], [ -88.089883, 30.847753 ], [ -88.107209, 30.888034 ], [ -88.077355, 30.890955 ], [ -88.078622, 30.889631 ], [ -88.079361, 30.887811 ], [ -88.078108, 30.887798 ], [ -88.077295, 30.887162 ], [ -88.079986, 30.880513 ], [ -88.090274, 30.909822 ], [ -88.136931, 30.920286 ], [ -88.128793, 30.887479 ] ] ] } },
{ "type": "Feature", "properties": { "geo_id": "0100188", "geo_name": "Chickasaw City School District", "geo_level": "school_district", "year": 2022 }, "geometry": { "type": "Polygon", "coordinates": [ [ [ -88.090306, 30.790347 ], [ -88.100229, 30.761733 ], [ -88.075832, 30.756424 ], [ -88.072273, 30.782199 ], [ -88.090306, 30.790347 ] ] ] } },
{ "type": "Feature", "properties": { "geo_id": "0100189", "geo_name": "Satsuma City School District", "geo_level": "school_district", "year": 2022 }, "geometry": { "type": "Polygon", "coordinates": [ [ [ -88.089883, 30.847753 ], [ -88.07824, 30.843436 ], [ -88.076918, 30.84019 ], [ -88.062991, 30.833464 ], [ -88.060227, 30.832554 ], [ -88.058993, 30.834379 ], [ -88.058073, 30.836122 ], [ -88.055735, 30.837107 ], [ -88.039408, 30.847564 ], [ -88.079986, 30.880513 ], [ -88.077295, 30.887162 ], [ -88.078108, 30.887798 ], [ -88.079361, 30.887811 ], [ -88.089883, 30.847753 ] ] ] } },
{ "type": "Feature", "properties": { "geo_id": "0100190", "geo_name": "Alabaster City School District", "geo_level": "school_district", "year": 2022 }, "geometry": { "type": "MultiPolygon", "coordinates": [ [ [ [ -86.823965, 33.271757 ], [ -86.87439, 33.230697 ], [ -86.866175, 33.190499 ], [ -86.807476, 33.170295 ], [ -86.807168, 33.17 ], [ -86.805907, 33.171222 ], [ -86.752557, 33.186856 ], [ -86.761466, 33.190859 ], [ -86.782148, 33.20755 ], [ -86.770179, 33.228961 ], [ -86.761654, 33.227766 ], [ -86.787495, 33.243158 ], [ -86.78301, 33.254087 ], [ -86.782979, 33.257968 ], [ -86.788452, 33.265401 ], [ -86.791333, 33.265426 ], [ -86.815859, 33.268994 ], [ -86.815984, 33.270952 ], [ -86.823965, 33.271757 ] ], [ [ -86.862839, 33.225734 ], [ -86.862665, 33.228239 ], [ -86.862576, 33.228343 ], [ -86.862265, 33.228327 ], [ -86.862839, 33.225734 ] ], [ [ -86.817896, 33.199555 ], [ -86.805167, 33.195542 ], [ -86.818171, 33.193029 ], [ -86.818226, 33.197532 ], [ -86.817527, 33.198176 ], [ -86.817598, 33.199488 ], [ -86.817896, 33.199555 ] ] ], [ [ [ -86.87439, 33.230697 ], [ -86.862023, 33.228565 ], [ -86.862017, 33.228539 ], [ -86.862138, 33.228547 ], [ -86.862131, 33.228585 ], [ -86.862136, 33.228607 ], [ -86.862152, 33.228638 ], [ -86.862226, 33.228711 ], [ -86.87439, 33.230697 ] ] ] ] } },
{ "type": "Feature", "properties": { "geo_id": "0100194", "geo_name": "Pelham City School District", "geo_level": "school_district", "year": 2022 }, "geometry": { "type": "Polygon", "coordinates": [ [ [ -86.83069, 33.331798 ], [ -86.823965, 33.271757 ], [ -86.815984, 33.270952 ], [ -86.815859, 33.268994 ], [ -86.791333, 33.265426 ], [ -86.788452, 33.265401 ], [ -86.782979, 33.257968 ], [ -86.78301, 33.254087 ], [ -86.787495, 33.243158 ], [ -86.744359, 33.263761 ], [ -86.716832, 33.292108 ], [ -86.714651, 33.292076 ], [ -86.713957, 33.292218 ], [ -86.713698, 33.292316 ], [ -86.722329, 33.325135 ], [ -86.691607, 33.342625 ], [ -86.714873, 33.364309 ], [ -86.722146, 33.358081 ], [ -86.752518, 33.337024 ], [ -86.782857, 33.345143 ], [ -86.788733, 33.348715 ], [ -86.789343, 33.352661 ], [ -86.795698, 33.346325 ], [ -86.803868, 33.349369 ], [ -86.809036, 33.345808 ], [ -86.813292, 33.338718 ], [ -86.83069, 33.331798 ] ] ] } },
{ "type": "Feature", "properties": { "geo_id": "0100195", "geo_name": "Pike Road City School District", "geo_level": "school_district", "year": 2022 }, "geometry": { "type": "MultiPolygon", "coordinates": [ [ [ [ -85.959393, 32.273174 ], [ -85.96228, 32.275059 ], [ -85.961414, 32.273111 ], [ -85.959393, 32.273174 ] ] ], [ [ [ -85.96228, 32.275059 ], [ -85.964621, 32.27301 ], [ -85.963264, 32.273053 ], [ -85.96228, 32.275059 ] ] ], [ [ [ -86.046995, 32.340141 ], [ -86.081262, 32.310185 ], [ -86.085237, 32.279237 ], [ -86.063656, 32.275637 ], [ -86.051205, 32.302852 ], [ -86.025199, 32.318376 ], [ -86.046995, 32.340141 ] ] ], [ [ [ -86.128095, 32.342819 ], [ -86.128067, 32.340289 ], [ -86.12302, 32.346001 ], [ -86.128095, 32.342819 ] ] ], [ [ [ -86.123481, 32.321033 ], [ -86.084854, 32.328168 ], [ -86.091559, 32.352952 ], [ -86.121727, 32.352962 ], [ -86.116371, 32.341929 ], [ -86.114004, 32.32904 ], [ -86.123481, 32.321033 ] ] ] ] } },
{ "type": "Feature", "properties": { "geo_id": "0100202", "geo_name": "Gulf Shores City School District", "geo_level": "school_district", "year": 2022 }, "geometry": { "type": "Polygon", "coordinates": [ [ [ -87.735322, 30.291296 ], [ -87.78586, 30.239102 ], [ -87.655299, 30.250202 ], [ -87.647621, 30.297515 ], [ -87.643039, 30.297539 ], [ -87.641163, 30.297534 ], [ -87.648209, 30.302662 ], [ -87.649172, 30.305368 ], [ -87.654765, 30.333814 ], [ -87.694484, 30.326476 ], [ -87.692887, 30.32628 ], [ -87.692223, 30.326281 ], [ -87.698354, 30.327863 ], [ -87.698634, 30.327865 ], [ -87.698313, 30.326644 ], [ -87.699272, 30.327283 ], [ -87.698638, 30.327279 ], [ -87.697947, 30.327318 ], [ -87.696667, 30.324731 ], [ -87.697264, 30.324706 ], [ -87.698797, 30.324132 ], [ -87.718101, 30.301293 ], [ -87.720063, 30.30753 ], [ -87.720319, 30.30747 ], [ -87.724119, 30.310659 ], [ -87.721559, 30.307097 ], [ -87.722697, 30.305778 ], [ -87.726295, 30.300669 ], [ -87.726612, 30.300388 ], [ -87.729243, 30.30097 ], [ -87.729691, 30.299269 ], [ -87.729822, 30.299401 ], [ -87.732213, 30.294769 ], [ -87.736462, 30.297474 ], [ -87.739307, 30.294123 ], [ -87.737836, 30.293596 ], [ -87.739059, 30.292924 ], [ -87.738216, 30.292611 ], [ -87.737835, 30.292551 ], [ -87.737759, 30.292545 ], [ -87.737899, 30.292424 ], [ -87.735566, 30.291594 ], [ -87.735322, 30.291296 ] ] ] } },
{ "type": "Feature", "properties": { "geo_id": "0100210", "geo_name": "Auburn City School District", "geo_level": "school_district", "year": 2022 }, "geometry": { "type": "MultiPolygon", "coordinates": [ [ [ [ -85.544779, 32.672551 ], [ -85.547324, 32.672812 ], [ -85.545598, 32.67196 ], [ -85.544779, 32.672551 ] ] ], [ [ [ -85.545598, 32.67196 ], [ -85.562969, 32.656675 ], [ -85.538334, 32.656897 ], [ -85.54184, 32.613298 ], [ -85.540786, 32.579626 ], [ -85.544802, 32.579192 ], [ -85.54158, 32.595761 ], [ -85.55532, 32.589397 ], [ -85.554498, 32.58832 ], [ -85.542217, 32.576998 ], [ -85.542074, 32.576843 ], [ -85.540563, 32.569012 ], [ -85.539371, 32.568849 ], [ -85.528588, 32.553142 ], [ -85.523965, 32.55081 ], [ -85.522247, 32.530187 ], [ -85.486576, 32.536193 ], [ -85.486572, 32.536089 ], [ -85.484702, 32.535559 ], [ -85.484344, 32.535609 ], [ -85.462053, 32.547495 ], [ -85.423756, 32.545079 ], [ -85.428196, 32.569034 ], [ -85.427325, 32.568657 ], [ -85.413367, 32.596605 ], [ -85.438953, 32.614378 ], [ -85.445304, 32.640904 ], [ -85.451803, 32.639369 ], [ -85.45656, 32.635974 ], [ -85.458032, 32.638715 ], [ -85.460817, 32.638702 ], [ -85.456219, 32.657025 ], [ -85.454848, 32.650805 ], [ -85.45178, 32.65347 ], [ -85.451787, 32.660269 ], [ -85.457164, 32.659415 ], [ -85.472691, 32.664879 ], [ -85.487525, 32.672732 ], [ -85.491062, 32.679103 ], [ -85.490151, 32.680695 ], [ -85.489784, 32.680748 ], [ -85.487314, 32.685517 ], [ -85.48735, 32.685876 ], [ -85.490662, 32.730629 ], [ -85.491067, 32.730613 ], [ -85.507064, 32.723356 ], [ -85.525392, 32.672258 ], [ -85.545598, 32.67196 ] ], [ [ -85.507815, 32.642133 ], [ -85.513027, 32.651358 ], [ -85.509363, 32.652118 ], [ -85.509545, 32.645133 ], [ -85.507815, 32.642133 ] ], [ [ -85.422359, 32.593978 ], [ -85.432333, 32.595273 ], [ -85.432226, 32.59527 ], [ -85.432126, 32.595218 ], [ -85.425324, 32.595509 ], [ -85.424963, 32.595584 ], [ -85.424621, 32.59446 ], [ -85.422525, 32.593881 ], [ -85.422359, 32.593978 ] ], [ [ -85.500138, 32.642891 ], [ -85.481742, 32.636637 ], [ -85.491883, 32.635978 ], [ -85.492258, 32.63593 ], [ -85.500138, 32.642891 ] ] ], [ [ [ -85.557824, 32.554388 ], [ -85.530049, 32.54951 ], [ -85.534192, 32.548978 ], [ -85.540918, 32.554145 ], [ -85.541205, 32.55639 ], [ -85.557084, 32.556147 ], [ -85.557824, 32.554388 ] ] ] ] } },
{ "type": "Feature", "properties": { "geo_id": "0100240", "geo_name": "Autauga County School District", "geo_level": "school_district", "year": 2022 }, "geometry": { "type": "Polygon", "coordinates": [ [ [ -86.917595, 32.664169 ], [ -86.918099, 32.642059 ], [ -86.898304, 32.567687 ], [ -86.906742, 32.536977 ], [ -86.849898, 32.438325 ], [ -86.843758, 32.400416 ], [ -86.815399, 32.370821 ], [ -86.814912, 32.340803 ], [ -86.820273, 32.315007 ], [ -86.791073, 32.314611 ], [ -86.773163, 32.340728 ], [ -86.781354, 32.392494 ], [ -86.749981, 32.389105 ], [ -86.717897, 32.402814 ], [ -86.711337, 32.360767 ], [ -86.678795, 32.355359 ], [ -86.655597, 32.376147 ], [ -86.653419, 32.397247 ], [ -86.618, 32.405717 ], [ -86.614841, 32.374266 ], [ -86.581873, 32.375019 ], [ -86.542537, 32.363517 ], [ -86.532531, 32.338775 ], [ -86.496774, 32.344437 ], [ -86.444721, 32.399841 ], [ -86.411172, 32.409937 ], [ -86.413116, 32.707386 ], [ -86.714219, 32.705694 ], [ -86.71339, 32.661732 ], [ -86.816574, 32.660117 ], [ -86.917595, 32.664169 ] ] ] } },
{ "type": "Feature", "properties": { "geo_id": "0100270", "geo_name": "Baldwin County School District", "geo_level": "school_district", "year": 2022 }, "geometry": { "type": "Polygon", "coordinates": [ [ [ -87.972869, 31.162694 ], [ -87.939696, 31.145805 ], [ -87.946577, 31.121685 ], [ -87.975851, 31.082422 ], [ -87.941561, 31.061342 ], [ -87.957352, 31.029368 ], [ -87.963265, 30.966051 ], [ -87.943552, 30.961773 ], [ -87.92429, 30.935405 ], [ -87.949901, 30.926652 ], [ -87.979688, 30.888993 ], [ -87.980971, 30.86187 ], [ -87.954476, 30.849408 ], [ -87.944546, 30.827046 ], [ -87.987065, 30.811445 ], [ -87.990601, 30.794155 ], [ -88.022198, 30.774487 ], [ -88.026319, 30.753358 ], [ -88.000997, 30.698289 ], [ -87.987839, 30.637149 ], [ -87.990765, 30.544737 ], [ -88.000842, 30.53108 ], [ -88.037112, 30.222433 ], [ -88.037309, 30.146561 ], [ -88.003618, 30.173417 ], [ -87.925756, 30.179561 ], [ -87.807153, 30.177378 ], [ -87.647824, 30.199211 ], [ -87.518346, 30.229506 ], [ -87.51838, 30.283901 ], [ -87.49998, 30.328957 ], [ -87.450778, 30.346999 ], [ -87.440678, 30.391498 ], [ -87.369383, 30.431948 ], [ -87.370768, 30.446865 ], [ -87.414677, 30.457296 ], [ -87.435578, 30.480496 ], [ -87.445103, 30.528909 ], [ -87.408018, 30.583701 ], [ -87.393294, 30.627218 ], [ -87.406356, 30.674437 ], [ -87.501502, 30.721092 ], [ -87.535114, 30.749448 ], [ -87.544789, 30.778395 ], [ -87.626224, 30.846664 ], [ -87.634788, 30.866707 ], [ -87.62027, 30.887404 ], [ -87.588862, 30.96579 ], [ -87.598829, 30.997455 ], [ -87.615431, 30.997361 ], [ -87.61589, 31.244458 ], [ -87.676419, 31.261992 ], [ -87.712365, 31.301132 ], [ -87.765152, 31.297346 ], [ -87.785523, 31.27579 ], [ -87.828313, 31.275304 ], [ -87.837105, 31.247254 ], [ -87.863593, 31.226112 ], [ -87.873887, 31.201496 ], [ -87.913637, 31.187356 ], [ -87.946588, 31.19293 ], [ -87.943748, 31.161341 ], [ -87.972869, 31.162694 ] ], [ [ -87.647621, 30.297515 ], [ -87.655299, 30.250202 ], [ -87.78586, 30.239102 ], [ -87.735322, 30.291296 ], [ -87.735566, 30.291594 ], [ -87.737899, 30.292424 ], [ -87.737759, 30.292545 ], [ -87.737835, 30.292551 ], [ -87.738216, 30.292611 ], [ -87.739059, 30.292924 ], [ -87.737836, 30.293596 ], [ -87.739307, 30.294123 ], [ -87.736462, 30.297474 ], [ -87.732213, 30.294769 ], [ -87.729822, 30.299401 ], [ -87.729691, 30.299269 ], [ -87.729243, 30.30097 ], [ -87.726612, 30.300388 ], [ -87.726295, 30.300669 ], [ -87.722697, 30.305778 ], [ -87.721559, 30.307097 ], [ -87.724119, 30.310659 ], [ -87.720319, 30.30747 ], [ -87.720063, 30.30753 ], [ -87.718101, 30.301293 ], [ -87.698797, 30.324132 ], [ -87.697264, 30.324706 ], [ -87.696667, 30.324731 ], [ -87.697947, 30.327318 ], [ -87.698638, 30.327279 ], [ -87.699272, 30.327283 ], [ -87.698313, 30.326644 ], [ -87.698634, 30.327865 ], [ -87.698354, 30.327863 ], [ -87.692223, 30.326281 ], [ -87.692887, 30.32628 ], [ -87.694484, 30.326476 ], [ -87.654765, 30.333814 ], [ -87.649172, 30.305368 ], [ -87.648209, 30.302662 ], [ -87.641163, 30.297534 ], [ -87.643039, 30.297539 ], [ -87.647621, 30.297515 ] ] ] } },
{ "type": "Feature", "properties": { "geo_id": "0100300", "geo_name": "Barbour County School District", "geo_level": "school_district", "year": 2022 }, "geometry": { "type": "Polygon", "coordinates": [ [ [ -85.657668, 31.880275 ], [ -85.677672, 31.852244 ], [ -85.662692, 31.783319 ], [ -85.671247, 31.76094 ], [ -85.700723, 31.742387 ], [ -85.717383, 31.690818 ], [ -85.716961, 31.655071 ], [ -85.748251, 31.618048 ], [ -85.585439, 31.617565 ], [ -85.416437, 31.619466 ], [ -85.416038, 31.706664 ], [ -85.216076, 31.702409 ], [ -85.206034, 31.741813 ], [ -85.151236, 31.774364 ], [ -85.127329, 31.762563 ], [ -85.141876, 31.782181 ], [ -85.188707, 31.799463 ], [ -85.179834, 31.836161 ], [ -85.230052, 31.842721 ], [ -85.228562, 31.871468 ], [ -85.27987, 31.871591 ], [ -85.279757, 31.885769 ], [ -85.210194, 31.887009 ], [ -85.209275, 31.930711 ], [ -85.17405, 31.931084 ], [ -85.1568, 31.945814 ], [ -85.156435, 31.974942 ], [ -85.139001, 32.003903 ], [ -85.096212, 32.004748 ], [ -85.09628, 32.02629 ], [ -85.054242, 32.026654 ], [ -85.056029, 32.063055 ], [ -85.185067, 32.061708 ], [ -85.208799, 32.092815 ], [ -85.245495, 32.119143 ], [ -85.257747, 32.148251 ], [ -85.410241, 32.146651 ], [ -85.427442, 32.13935 ], [ -85.428476, 32.014951 ], [ -85.512643, 32.014055 ], [ -85.51236, 31.999694 ], [ -85.587344, 31.997355 ], [ -85.604769, 31.960852 ], [ -85.648767, 31.911615 ], [ -85.657668, 31.880275 ] ] ] } },
{ "type": "Feature", "properties": { "geo_id": "0100330", "geo_name": "Bessemer City School District", "geo_level": "school_district", "year": 2022 }, "geometry": { "type": "Polygon", "coordinates": [ [ [ -86.996501, 33.398702 ], [ -87.038386, 33.3929 ], [ -87.058137, 33.378086 ], [ -87.057519, 33.341831 ], [ -87.014162, 33.361535 ], [ -86.995939, 33.334439 ], [ -86.991976, 33.350332 ], [ -86.991975, 33.351997 ], [ -86.987529, 33.355215 ], [ -86.987523, 33.354695 ], [ -86.961221, 33.337002 ], [ -86.912974, 33.325928 ], [ -86.908618, 33.333177 ], [ -86.904131, 33.335178 ], [ -86.902357, 33.336893 ], [ -86.891237, 33.349455 ], [ -86.886752, 33.354765 ], [ -86.882471, 33.358776 ], [ -86.87822, 33.360711 ], [ -86.87843, 33.361351 ], [ -86.874534, 33.368891 ], [ -86.878058, 33.369302 ], [ -86.886805, 33.369499 ], [ -86.888412, 33.369537 ], [ -86.917371, 33.386511 ], [ -86.930683, 33.398939 ], [ -86.930616, 33.4026 ], [ -86.922428, 33.416738 ], [ -86.935218, 33.428135 ], [ -86.935322, 33.435246 ], [ -86.965997, 33.441733 ], [ -86.966402, 33.440689 ], [ -86.96794, 33.419519 ], [ -86.967816, 33.418384 ], [ -86.968521, 33.418361 ], [ -86.996541, 33.40412 ], [ -86.996501, 33.398702 ] ] ] } },
{ "type": "Feature", "properties": { "geo_id": "0100360", "geo_name": "Bibb County School District", "geo_level": "school_district", "year": 2022 }, "geometry": { "type": "Polygon", "coordinates": [ [ [ -87.421936, 33.003379 ], [ -87.4212, 32.874508 ], [ -87.319473, 32.875124 ], [ -87.319184, 32.831522 ], [ -87.223663, 32.835149 ], [ -87.019157, 32.837034 ], [ -86.876118, 32.836264 ], [ -86.876866, 33.049925 ], [ -86.881182, 33.049901 ], [ -86.933972, 33.064059 ], [ -86.969291, 33.098397 ], [ -86.969563, 33.158135 ], [ -87.025596, 33.165795 ], [ -87.026846, 33.246459 ], [ -87.065738, 33.246907 ], [ -87.104101, 33.221457 ], [ -87.121871, 33.235843 ], [ -87.152071, 33.232484 ], [ -87.199153, 33.196554 ], [ -87.199317, 33.130657 ], [ -87.281945, 33.13306 ], [ -87.311577, 33.093933 ], [ -87.318539, 33.006179 ], [ -87.421936, 33.003379 ] ] ] } },
{ "type": "Feature", "properties": { "geo_id": "0100390", "geo_name": "Birmingham City School District", "geo_level": "school_district", "year": 2022 }, "geometry": { "type": "MultiPolygon", "coordinates": [ [ [ [ -86.608667, 33.565251 ], [ -86.608674, 33.561624 ], [ -86.604289, 33.565266 ], [ -86.608667, 33.565251 ] ] ], [ [ [ -86.631092, 33.606783 ], [ -86.631268, 33.606664 ], [ -86.625872, 33.601695 ], [ -86.613545, 33.614407 ], [ -86.613576, 33.614454 ], [ -86.613624, 33.614526 ], [ -86.619509, 33.612592 ], [ -86.625694, 33.607795 ], [ -86.626458, 33.607946 ], [ -86.631092, 33.606783 ] ] ], [ [ [ -86.701405, 33.499703 ], [ -86.701491, 33.49935 ], [ -86.701302, 33.499634 ], [ -86.701405, 33.499703 ] ] ], [ [ [ -86.703617, 33.496165 ], [ -86.709007, 33.492699 ], [ -86.708988, 33.489483 ], [ -86.708986, 33.489216 ], [ -86.708986, 33.489076 ], [ -86.700123, 33.488806 ], [ -86.698166, 33.488949 ], [ -86.698211, 33.491896 ], [ -86.696065, 33.492247 ], [ -86.696065, 33.492298 ], [ -86.690496, 33.495657 ], [ -86.690414, 33.49566 ], [ -86.687306, 33.495814 ], [ -86.687306, 33.498943 ], [ -86.686794, 33.499414 ], [ -86.678551, 33.499399 ], [ -86.679429, 33.500625 ], [ -86.67938, 33.500909 ], [ -86.679235, 33.501311 ], [ -86.678074, 33.501968 ], [ -86.677364, 33.501913 ], [ -86.67544, 33.502542 ], [ -86.703617, 33.496165 ] ] ], [ [ [ -86.712057, 33.483843 ], [ -86.712726, 33.481797 ], [ -86.712603, 33.481845 ], [ -86.710279, 33.482219 ], [ -86.712057, 33.483843 ] ] ], [ [ [ -86.788217, 33.574856 ], [ -86.839541, 33.568891 ], [ -86.852298, 33.587401 ], [ -86.848479, 33.627287 ], [ -86.883126, 33.624204 ], [ -86.870084, 33.562406 ], [ -86.92926, 33.522742 ], [ -86.940813, 33.493992 ], [ -86.941175, 33.492855 ], [ -86.939749, 33.490893 ], [ -86.938995, 33.491813 ], [ -86.9347, 33.494945 ], [ -86.932992, 33.495255 ], [ -86.930951, 33.496773 ], [ -86.927912, 33.49387 ], [ -86.927926, 33.494002 ], [ -86.918722, 33.49393 ], [ -86.917986, 33.493902 ], [ -86.91181, 33.500891 ], [ -86.90482, 33.471732 ], [ -86.900896, 33.450519 ], [ -86.901001, 33.450438 ], [ -86.907788, 33.446796 ], [ -86.920636, 33.4499 ], [ -86.922555, 33.447912 ], [ -86.935322, 33.435246 ], [ -86.935218, 33.428135 ], [ -86.922428, 33.416738 ], [ -86.930616, 33.4026 ], [ -86.930683, 33.398939 ], [ -86.917371, 33.386511 ], [ -86.910411, 33.384208 ], [ -86.908738, 33.384226 ], [ -86.89416, 33.398964 ], [ -86.893262, 33.399868 ], [ -86.892589, 33.400569 ], [ -86.886777, 33.404759 ], [ -86.882059, 33.407398 ], [ -86.881608, 33.407394 ], [ -86.869487, 33.409033 ], [ -86.862761, 33.416435 ], [ -86.856309, 33.412372 ], [ -86.853674, 33.41472 ], [ -86.853308, 33.415053 ], [ -86.842279, 33.425925 ], [ -86.841828, 33.426454 ], [ -86.841724, 33.426575 ], [ -86.841728, 33.433242 ], [ -86.835511, 33.437338 ], [ -86.827448, 33.440152 ], [ -86.834888, 33.444559 ], [ -86.838884, 33.444654 ], [ -86.840219, 33.459783 ], [ -86.841384, 33.460808 ], [ -86.841599, 33.461001 ], [ -86.839377, 33.465563 ], [ -86.83869, 33.466014 ], [ -86.835501, 33.46736 ], [ -86.838479, 33.471666 ], [ -86.838197, 33.471912 ], [ -86.827201, 33.473803 ], [ -86.786761, 33.486838 ], [ -86.782987, 33.484062 ], [ -86.778015, 33.482387 ], [ -86.776547, 33.48312 ], [ -86.776464, 33.48316 ], [ -86.776405, 33.483189 ], [ -86.781364, 33.495971 ], [ -86.780763, 33.496091 ], [ -86.770152, 33.501302 ], [ -86.766359, 33.504417 ], [ -86.765332, 33.50496 ], [ -86.763272, 33.506066 ], [ -86.763206, 33.506107 ], [ -86.761458, 33.507215 ], [ -86.76144, 33.50723 ], [ -86.759574, 33.50834 ], [ -86.749915, 33.511802 ], [ -86.749278, 33.512169 ], [ -86.749006, 33.51175 ], [ -86.748923, 33.511624 ], [ -86.739448, 33.508495 ], [ -86.739449, 33.507441 ], [ -86.739203, 33.504642 ], [ -86.739273, 33.5043 ], [ -86.731657, 33.508382 ], [ -86.73117, 33.510431 ], [ -86.726499, 33.514423 ], [ -86.726081, 33.514945 ], [ -86.726036, 33.514943 ], [ -86.725616, 33.515372 ], [ -86.704848, 33.554629 ], [ -86.656592, 33.554205 ], [ -86.63561, 33.580052 ], [ -86.63053, 33.532345 ], [ -86.656774, 33.500109 ], [ -86.65679, 33.499577 ], [ -86.656792, 33.499526 ], [ -86.656688, 33.499489 ], [ -86.648735, 33.490087 ], [ -86.64822, 33.489347 ], [ -86.648197, 33.485052 ], [ -86.651554, 33.48485 ], [ -86.655128, 33.486547 ], [ -86.664409, 33.482127 ], [ -86.665551, 33.477422 ], [ -86.677875, 33.459098 ], [ -86.707586, 33.452392 ], [ -86.707258, 33.452741 ], [ -86.709035, 33.453678 ], [ -86.716528, 33.45262 ], [ -86.717784, 33.451329 ], [ -86.726494, 33.441894 ], [ -86.725616, 33.443244 ], [ -86.725123, 33.445452 ], [ -86.726487, 33.448065 ], [ -86.726548, 33.451826 ], [ -86.736898, 33.446594 ], [ -86.74055, 33.445772 ], [ -86.738761, 33.442417 ], [ -86.738619, 33.441167 ], [ -86.739325, 33.43413 ], [ -86.739919, 33.430539 ], [ -86.7392, 33.430087 ], [ -86.739173, 33.430033 ], [ -86.73914, 33.429968 ], [ -86.738577, 33.429253 ], [ -86.732413, 33.434697 ], [ -86.731054, 33.434677 ], [ -86.730275, 33.434664 ], [ -86.719755, 33.423533 ], [ -86.704712, 33.425666 ], [ -86.705919, 33.430469 ], [ -86.704581, 33.43044 ], [ -86.677639, 33.422728 ], [ -86.674236, 33.422711 ], [ -86.669888, 33.423353 ], [ -86.666394, 33.429237 ], [ -86.658138, 33.437444 ], [ -86.643738, 33.441084 ], [ -86.628611, 33.459453 ], [ -86.626361, 33.463155 ], [ -86.630448, 33.466808 ], [ -86.624005, 33.466856 ], [ -86.604626, 33.467127 ], [ -86.604585, 33.474179 ], [ -86.59581, 33.481482 ], [ -86.595701, 33.481482 ], [ -86.587065, 33.492352 ], [ -86.587012, 33.496073 ], [ -86.586986, 33.497323 ], [ -86.584379, 33.498787 ], [ -86.578309, 33.503287 ], [ -86.600085, 33.48701 ], [ -86.611487, 33.488831 ], [ -86.613501, 33.489712 ], [ -86.616574, 33.495855 ], [ -86.614821, 33.499714 ], [ -86.608741, 33.500926 ], [ -86.607078, 33.503391 ], [ -86.605139, 33.502817 ], [ -86.600136, 33.499734 ], [ -86.6001, 33.502302 ], [ -86.605134, 33.51131 ], [ -86.616218, 33.50696 ], [ -86.616022, 33.506584 ], [ -86.617216, 33.505258 ], [ -86.617635, 33.505239 ], [ -86.602325, 33.532542 ], [ -86.608785, 33.543425 ], [ -86.617812, 33.544584 ], [ -86.622935, 33.54694 ], [ -86.621761, 33.548503 ], [ -86.621749, 33.550069 ], [ -86.621726, 33.555605 ], [ -86.617807, 33.554318 ], [ -86.616334, 33.554333 ], [ -86.61602, 33.554333 ], [ -86.614667, 33.554344 ], [ -86.613896, 33.554389 ], [ -86.612067, 33.557563 ], [ -86.612402, 33.5582 ], [ -86.608711, 33.557502 ], [ -86.608708, 33.558008 ], [ -86.608674, 33.561624 ], [ -86.615273, 33.561584 ], [ -86.610773, 33.579761 ], [ -86.613018, 33.583441 ], [ -86.621722, 33.568921 ], [ -86.630403, 33.575251 ], [ -86.630446, 33.578866 ], [ -86.628231, 33.594366 ], [ -86.625872, 33.601695 ], [ -86.64809, 33.59804 ], [ -86.648498, 33.598771 ], [ -86.651878, 33.598104 ], [ -86.647681, 33.612677 ], [ -86.652191, 33.616341 ], [ -86.652188, 33.617399 ], [ -86.652184, 33.618593 ], [ -86.65218, 33.619911 ], [ -86.648583, 33.622693 ], [ -86.653805, 33.627124 ], [ -86.653085, 33.628164 ], [ -86.654318, 33.627485 ], [ -86.701796, 33.621752 ], [ -86.699335, 33.625602 ], [ -86.704515, 33.633138 ], [ -86.72638, 33.638991 ], [ -86.74575, 33.603111 ], [ -86.748472, 33.579644 ], [ -86.751137, 33.577526 ], [ -86.788217, 33.574856 ] ] ] ] } },
{ "type": "Feature", "properties": { "geo_id": "0100420", "geo_name": "Blount County School District", "geo_level": "school_district", "year": 2022 }, "geometry": { "type": "Polygon", "coordinates": [ [ [ -86.963358, 33.858221 ], [ -86.953664, 33.815297 ], [ -86.936537, 33.81531 ], [ -86.883947, 33.843237 ], [ -86.759144, 33.840617 ], [ -86.64529, 33.773012 ], [ -86.577799, 33.765316 ], [ -86.577528, 33.801977 ], [ -86.521771, 33.801901 ], [ -86.405981, 33.835896 ], [ -86.339338, 33.894843 ], [ -86.346233, 33.915573 ], [ -86.325622, 33.940147 ], [ -86.349493, 33.957253 ], [ -86.332723, 33.986109 ], [ -86.332388, 34.04648 ], [ -86.303516, 34.099073 ], [ -86.409017, 34.205002 ], [ -86.45302, 34.259317 ], [ -86.519603, 34.251766 ], [ -86.55697, 34.17885 ], [ -86.599785, 34.12172 ], [ -86.624127, 34.122211 ], [ -86.65682, 34.091646 ], [ -86.687697, 34.080735 ], [ -86.709746, 34.029047 ], [ -86.761007, 33.995681 ], [ -86.763999, 33.974187 ], [ -86.821564, 33.957133 ], [ -86.886022, 33.917432 ], [ -86.924387, 33.909222 ], [ -86.932324, 33.867292 ], [ -86.963358, 33.858221 ] ], [ [ -86.582702, 33.882215 ], [ -86.551121, 33.925294 ], [ -86.498725, 33.925081 ], [ -86.498475, 33.97659 ], [ -86.446376, 33.974669 ], [ -86.446514, 33.925137 ], [ -86.502404, 33.924491 ], [ -86.542597, 33.910586 ], [ -86.582702, 33.882215 ] ] ] } },
{ "type": "Feature", "properties": { "geo_id": "0100450", "geo_name": "Brewton City School District", "geo_level": "school_district", "year": 2022 }, "geometry": { "type": "Polygon", "coordinates": [ [ [ -87.124211, 31.085794 ], [ -87.084546, 31.078213 ], [ -87.05158, 31.108301 ], [ -87.056151, 31.162195 ], [ -87.069332, 31.162308 ], [ -87.089874, 31.096727 ], [ -87.124211, 31.085794 ] ] ] } },
{ "type": "Feature", "properties": { "geo_id": "0100480", "geo_name": "Bullock County School District", "geo_level": "school_district", "year": 2022 }, "geometry": { "type": "Polygon", "coordinates": [ [ [ -85.964621, 32.27301 ], [ -85.999157, 32.250543 ], [ -85.996853, 32.051049 ], [ -85.911755, 32.054752 ], [ -85.893652, 32.047351 ], [ -85.892651, 31.989053 ], [ -85.88435, 31.967253 ], [ -85.790048, 31.967254 ], [ -85.791047, 31.880357 ], [ -85.657668, 31.880275 ], [ -85.648767, 31.911615 ], [ -85.604769, 31.960852 ], [ -85.587344, 31.997355 ], [ -85.51236, 31.999694 ], [ -85.512643, 32.014055 ], [ -85.428476, 32.014951 ], [ -85.427442, 32.13935 ], [ -85.410241, 32.146651 ], [ -85.427441, 32.146551 ], [ -85.433543, 32.234648 ], [ -85.856218, 32.231975 ], [ -85.876061, 32.246344 ], [ -85.877868, 32.291528 ], [ -85.919293, 32.274382 ], [ -85.959393, 32.273174 ], [ -85.961414, 32.273111 ], [ -85.963264, 32.273053 ], [ -85.964621, 32.27301 ] ] ] } },
{ "type": "Feature", "properties": { "geo_id": "0100510", "geo_name": "Butler County School District", "geo_level": "school_district", "year": 2022 }, "geometry": { "type": "Polygon", "coordinates": [ [ [ -86.857583, 31.962167 ], [ -86.908939, 31.961673 ], [ -86.906899, 31.830628 ], [ -86.905899, 31.753035 ], [ -86.906769, 31.632671 ], [ -86.874565, 31.577993 ], [ -86.866302, 31.546981 ], [ -86.839386, 31.525204 ], [ -86.701554, 31.523946 ], [ -86.499213, 31.525331 ], [ -86.499533, 31.655247 ], [ -86.448635, 31.655617 ], [ -86.445978, 31.70112 ], [ -86.448198, 31.964629 ], [ -86.857583, 31.962167 ] ] ] } },
{ "type": "Feature", "properties": { "geo_id": "0100540", "geo_name": "Calhoun County School District", "geo_level": "school_district", "year": 2022 }, "geometry": { "type": "Polygon", "coordinates": [ [ [ -86.065272, 33.842198 ], [ -86.051439, 33.824134 ], [ -86.064364, 33.797775 ], [ -86.043993, 33.763595 ], [ -86.137396, 33.715351 ], [ -86.145562, 33.679098 ], [ -86.050669, 33.67459 ], [ -86.026401, 33.647197 ], [ -86.021587, 33.601163 ], [ -85.925151, 33.625877 ], [ -85.913469, 33.62125 ], [ -85.895776, 33.629457 ], [ -85.860764, 33.636928 ], [ -85.85501, 33.654712 ], [ -85.853565, 33.655403 ], [ -85.853165, 33.655603 ], [ -85.851811, 33.688006 ], [ -85.829927, 33.68763 ], [ -85.821213, 33.742019 ], [ -85.760044, 33.748889 ], [ -85.759959, 33.632322 ], [ -85.7423, 33.600006 ], [ -85.724953, 33.613539 ], [ -85.689954, 33.612909 ], [ -85.65581, 33.627166 ], [ -85.638579, 33.648413 ], [ -85.638049, 33.773339 ], [ -85.585985, 33.802095 ], [ -85.585201, 33.84592 ], [ -85.637126, 33.846497 ], [ -85.637012, 33.875273 ], [ -85.660928, 33.877588 ], [ -85.664725, 33.912483 ], [ -85.654015, 33.963442 ], [ -85.738975, 33.96846 ], [ -85.740968, 33.935301 ], [ -85.811032, 33.947067 ], [ -85.881768, 33.950299 ], [ -85.899668, 33.942999 ], [ -85.899568, 33.906399 ], [ -85.96917, 33.914598 ], [ -85.995169, 33.864897 ], [ -86.065272, 33.842198 ] ], [ [ -85.786585, 33.775631 ], [ -85.780876, 33.825048 ], [ -85.760601, 33.84043 ], [ -85.728874, 33.836682 ], [ -85.737069, 33.799989 ], [ -85.75578, 33.78182 ], [ -85.786585, 33.775631 ] ] ] } },
{ "type": "Feature", "properties": { "geo_id": "0100600", "geo_name": "Chambers County School District", "geo_level": "school_district", "year": 2022 }, "geometry": { "type": "Polygon", "coordinates": [ [ [ -85.593177, 33.10734 ], [ -85.593151, 32.72853 ], [ -85.491067, 32.730613 ], [ -85.490662, 32.730629 ], [ -85.473596, 32.730477 ], [ -85.456265, 32.730341 ], [ -85.30918, 32.730731 ], [ -85.285002, 32.739164 ], [ -85.284843, 32.745131 ], [ -85.135038, 32.74653 ], [ -85.122326, 32.774383 ], [ -85.165635, 32.808222 ], [ -85.154855, 32.839689 ], [ -85.178508, 32.854664 ], [ -85.215311, 32.838821 ], [ -85.2147, 32.868191 ], [ -85.214607, 32.871782 ], [ -85.214635, 32.872677 ], [ -85.205794, 32.886125 ], [ -85.186989, 32.881642 ], [ -85.232378, 33.108077 ], [ -85.394605, 33.108598 ], [ -85.398389, 33.108598 ], [ -85.402678, 33.108617 ], [ -85.411829, 33.108717 ], [ -85.593177, 33.10734 ] ] ] } },
{ "type": "Feature", "properties": { "geo_id": "0100630", "geo_name": "Cherokee County School District", "geo_level": "school_district", "year": 2022 }, "geometry": { "type": "Polygon", "coordinates": [ [ [ -85.627425, 34.395519 ], [ -85.636645, 34.366622 ], [ -85.675283, 34.343396 ], [ -85.774165, 34.259094 ], [ -85.809045, 34.258921 ], [ -85.843801, 34.244595 ], [ -85.843617, 34.200006 ], [ -85.841468, 34.111096 ], [ -85.811967, 34.125096 ], [ -85.737137, 33.989203 ], [ -85.738975, 33.96846 ], [ -85.654015, 33.963442 ], [ -85.529432, 33.95598 ], [ -85.425627, 33.957069 ], [ -85.398837, 33.964129 ], [ -85.47045, 34.328239 ], [ -85.513612, 34.523825 ], [ -85.560386, 34.489909 ], [ -85.589437, 34.424203 ], [ -85.627545, 34.396074 ], [ -85.627425, 34.395519 ] ] ] } },
{ "type": "Feature", "properties": { "geo_id": "0100660", "geo_name": "Chilton County School District", "geo_level": "school_district", "year": 2022 }, "geometry": { "type": "Polygon", "coordinates": [ [ [ -87.019157, 32.837034 ], [ -87.017762, 32.729532 ], [ -87.01766, 32.663269 ], [ -86.917595, 32.664169 ], [ -86.816574, 32.660117 ], [ -86.71339, 32.661732 ], [ -86.714219, 32.705694 ], [ -86.413116, 32.707386 ], [ -86.413335, 32.750591 ], [ -86.374974, 32.75358 ], [ -86.413402, 32.788182 ], [ -86.457015, 32.813899 ], [ -86.447628, 32.851129 ], [ -86.478711, 32.872659 ], [ -86.490511, 32.905619 ], [ -86.515959, 32.929361 ], [ -86.510622, 32.98538 ], [ -86.517344, 33.020566 ], [ -86.552759, 33.018664 ], [ -86.604032, 33.055086 ], [ -86.610003, 33.070003 ], [ -86.791075, 33.069027 ], [ -86.881638, 33.071861 ], [ -86.881182, 33.049901 ], [ -86.876866, 33.049925 ], [ -86.876118, 32.836264 ], [ -87.019157, 32.837034 ] ] ] } },
{ "type": "Feature", "properties": { "geo_id": "0100690", "geo_name": "Choctaw County School District", "geo_level": "school_district", "year": 2022 }, "geometry": { "type": "Polygon", "coordinates": [ [ [ -88.473227, 31.893856 ], [ -88.46443, 31.697952 ], [ -88.088288, 31.699303 ], [ -88.104918, 31.760798 ], [ -88.142624, 31.752491 ], [ -88.158583, 31.766138 ], [ -88.180384, 31.814546 ], [ -88.141987, 31.86436 ], [ -88.129434, 31.904936 ], [ -88.088645, 31.910775 ], [ -88.102291, 31.939993 ], [ -88.080913, 31.953908 ], [ -88.07349, 31.990182 ], [ -88.095071, 31.993078 ], [ -88.117433, 32.01682 ], [ -88.114087, 32.058056 ], [ -88.070615, 32.0617 ], [ -88.044715, 32.082256 ], [ -88.052203, 32.10177 ], [ -88.035812, 32.14501 ], [ -88.021369, 32.14495 ], [ -88.009564, 32.195452 ], [ -88.009453, 32.261704 ], [ -88.019145, 32.28524 ], [ -87.948354, 32.30409 ], [ -87.9297, 32.292516 ], [ -87.930661, 32.310574 ], [ -88.209112, 32.307574 ], [ -88.421453, 32.30868 ], [ -88.431379, 32.227666 ], [ -88.442661, 32.138601 ], [ -88.473227, 31.893856 ] ] ] } },
{ "type": "Feature", "properties": { "geo_id": "0100720", "geo_name": "Clarke County School District", "geo_level": "school_district", "year": 2022 }, "geometry": { "type": "Polygon", "coordinates": [ [ [ -88.07349, 31.990182 ], [ -88.080913, 31.953908 ], [ -88.102291, 31.939993 ], [ -88.088645, 31.910775 ], [ -88.129434, 31.904936 ], [ -88.141987, 31.86436 ], [ -88.180384, 31.814546 ], [ -88.158583, 31.766138 ], [ -88.142624, 31.752491 ], [ -88.104918, 31.760798 ], [ -88.088288, 31.699303 ], [ -88.089388, 31.658747 ], [ -88.072234, 31.5945 ], [ -88.027693, 31.584251 ], [ -88.031277, 31.560494 ], [ -87.970377, 31.530546 ], [ -87.942514, 31.526719 ], [ -87.907399, 31.494438 ], [ -87.921979, 31.436537 ], [ -87.888857, 31.364023 ], [ -87.924525, 31.312907 ], [ -87.950795, 31.299463 ], [ -87.963378, 31.250171 ], [ -87.931333, 31.224554 ], [ -87.946588, 31.19293 ], [ -87.913637, 31.187356 ], [ -87.873887, 31.201496 ], [ -87.863593, 31.226112 ], [ -87.837105, 31.247254 ], [ -87.828313, 31.275304 ], [ -87.785523, 31.27579 ], [ -87.765152, 31.297346 ], [ -87.781681, 31.33333 ], [ -87.722758, 31.343621 ], [ -87.725837, 31.373741 ], [ -87.706045, 31.400957 ], [ -87.665572, 31.423166 ], [ -87.639649, 31.424768 ], [ -87.603137, 31.409556 ], [ -87.574727, 31.433827 ], [ -87.565708, 31.481683 ], [ -87.605064, 31.500162 ], [ -87.619844, 31.519049 ], [ -87.565413, 31.553573 ], [ -87.566841, 31.697115 ], [ -87.516131, 31.697824 ], [ -87.518363, 31.814386 ], [ -87.50093, 31.829251 ], [ -87.620112, 31.827123 ], [ -87.620193, 31.833342 ], [ -87.737068, 31.833984 ], [ -87.817279, 31.82496 ], [ -87.816852, 31.990526 ], [ -88.07349, 31.990182 ] ] ] } },
{ "type": "Feature", "properties": { "geo_id": "0100750", "geo_name": "Clay County School District", "geo_level": "school_district", "year": 2022 }, "geometry": { "type": "Polygon", "coordinates": [ [ [ -85.85189, 33.498742 ], [ -85.904909, 33.498655 ], [ -85.905338, 33.45471 ], [ -85.922817, 33.454576 ], [ -85.923762, 33.396206 ], [ -85.941262, 33.381749 ], [ -85.976525, 33.38187 ], [ -85.980293, 33.29419 ], [ -86.118198, 33.29632 ], [ -86.120567, 33.194511 ], [ -86.17283, 33.195681 ], [ -86.17437, 33.104394 ], [ -86.009313, 33.104642 ], [ -86.00917, 33.09026 ], [ -85.974715, 33.105286 ], [ -85.801694, 33.104298 ], [ -85.653654, 33.106634 ], [ -85.65308, 33.212117 ], [ -85.643482, 33.495885 ], [ -85.765427, 33.498593 ], [ -85.782735, 33.469349 ], [ -85.870053, 33.476757 ], [ -85.85189, 33.498742 ] ] ] } },
{ "type": "Feature", "properties": { "geo_id": "0100780", "geo_name": "Cleburne County School District", "geo_level": "school_district", "year": 2022 }, "geometry": { "type": "Polygon", "coordinates": [ [ [ -85.85189, 33.498742 ], [ -85.870053, 33.476757 ], [ -85.782735, 33.469349 ], [ -85.765427, 33.498593 ], [ -85.643482, 33.495885 ], [ -85.468442, 33.494543 ], [ -85.331061, 33.491014 ], [ -85.304439, 33.482884 ], [ -85.381041, 33.873477 ], [ -85.637012, 33.875273 ], [ -85.637126, 33.846497 ], [ -85.585201, 33.84592 ], [ -85.585985, 33.802095 ], [ -85.638049, 33.773339 ], [ -85.638579, 33.648413 ], [ -85.65581, 33.627166 ], [ -85.689954, 33.612909 ], [ -85.724953, 33.613539 ], [ -85.7423, 33.600006 ], [ -85.744118, 33.556075 ], [ -85.796054, 33.55622 ], [ -85.796852, 33.541849 ], [ -85.85189, 33.498742 ] ] ] } },
{ "type": "Feature", "properties": { "geo_id": "0100810", "geo_name": "Coffee County School District", "geo_level": "school_district", "year": 2022 }, "geometry": { "type": "Polygon", "coordinates": [ [ [ -86.195075, 31.354485 ], [ -86.193476, 31.192213 ], [ -85.999042, 31.195777 ], [ -85.791402, 31.196349 ], [ -85.790354, 31.322656 ], [ -85.808237, 31.284778 ], [ -85.888102, 31.284679 ], [ -85.888582, 31.371525 ], [ -85.815285, 31.371112 ], [ -85.815656, 31.346097 ], [ -85.789963, 31.341922 ], [ -85.789785, 31.356562 ], [ -85.789837, 31.385469 ], [ -85.845145, 31.429359 ], [ -85.858166, 31.465831 ], [ -85.840629, 31.473087 ], [ -85.817702, 31.50935 ], [ -85.789308, 31.490925 ], [ -85.789142, 31.617964 ], [ -85.999948, 31.619311 ], [ -86.145895, 31.617741 ], [ -86.14395, 31.537675 ], [ -86.194724, 31.52446 ], [ -86.166121, 31.524567 ], [ -86.093422, 31.458218 ], [ -86.047621, 31.44992 ], [ -86.02019, 31.453785 ], [ -86.004265, 31.401932 ], [ -86.046943, 31.346856 ], [ -86.075447, 31.345538 ], [ -86.149285, 31.389881 ], [ -86.181401, 31.376717 ], [ -86.195075, 31.354485 ] ] ] } },
{ "type": "Feature", "properties": { "geo_id": "0100840", "geo_name": "Colbert County School District", "geo_level": "school_district", "year": 2022 }, "geometry": { "type": "Polygon", "coordinates": [ [ [ -88.097888, 34.892202 ], [ -88.118407, 34.724292 ], [ -88.139988, 34.581703 ], [ -87.952122, 34.575114 ], [ -87.529667, 34.567081 ], [ -87.507342, 34.586491 ], [ -87.504258, 34.616616 ], [ -87.476249, 34.65131 ], [ -87.449765, 34.64891 ], [ -87.451922, 34.695082 ], [ -87.43306, 34.717485 ], [ -87.42651, 34.800022 ], [ -87.479966, 34.812626 ], [ -87.524363, 34.832384 ], [ -87.580637, 34.821802 ], [ -87.613694, 34.79903 ], [ -87.707572, 34.772919 ], [ -87.72836, 34.749309 ], [ -87.7603, 34.735578 ], [ -87.806963, 34.732061 ], [ -87.835833, 34.741239 ], [ -87.92029, 34.804468 ], [ -87.937212, 34.847365 ], [ -87.973222, 34.88255 ], [ -88.050792, 34.90618 ], [ -88.097888, 34.892202 ] ], [ [ -87.664692, 34.705776 ], [ -87.702294, 34.690154 ], [ -87.711123, 34.712598 ], [ -87.74235, 34.709619 ], [ -87.741104, 34.735044 ], [ -87.712129, 34.766817 ], [ -87.673331, 34.780517 ], [ -87.667504, 34.760732 ], [ -87.607673, 34.791604 ], [ -87.616963, 34.772981 ], [ -87.610103, 34.729374 ], [ -87.625884, 34.709585 ], [ -87.664692, 34.705776 ] ] ] } },
{ "type": "Feature", "properties": { "geo_id": "0100870", "geo_name": "Conecuh County School District", "geo_level": "school_district", "year": 2022 }, "geometry": { "type": "Polygon", "coordinates": [ [ [ -86.905899, 31.753035 ], [ -86.98932, 31.718562 ], [ -87.052284, 31.716761 ], [ -87.055967, 31.677381 ], [ -87.091352, 31.652263 ], [ -87.135051, 31.642417 ], [ -87.145126, 31.587168 ], [ -87.158925, 31.56614 ], [ -87.166581, 31.519561 ], [ -87.208551, 31.457285 ], [ -87.227797, 31.454363 ], [ -87.296721, 31.401278 ], [ -87.359763, 31.317747 ], [ -87.393206, 31.300853 ], [ -87.427455, 31.260386 ], [ -86.99997, 31.261038 ], [ -86.763961, 31.261293 ], [ -86.768632, 31.19733 ], [ -86.725985, 31.183825 ], [ -86.700282, 31.192217 ], [ -86.699435, 31.348084 ], [ -86.667245, 31.369404 ], [ -86.66251, 31.401446 ], [ -86.67485, 31.436557 ], [ -86.70122, 31.436641 ], [ -86.701554, 31.523946 ], [ -86.839386, 31.525204 ], [ -86.866302, 31.546981 ], [ -86.874565, 31.577993 ], [ -86.906769, 31.632671 ], [ -86.905899, 31.753035 ] ] ] } },
{ "type": "Feature", "properties": { "geo_id": "0100900", "geo_name": "Coosa County School District", "geo_level": "school_district", "year": 2022 }, "geometry": { "type": "Polygon", "coordinates": [ [ [ -86.517344, 33.020566 ], [ -86.510622, 32.98538 ], [ -86.515959, 32.929361 ], [ -86.490511, 32.905619 ], [ -86.478711, 32.872659 ], [ -86.447628, 32.851129 ], [ -86.457015, 32.813899 ], [ -86.413402, 32.788182 ], [ -86.374974, 32.75358 ], [ -86.007187, 32.754984 ], [ -86.008263, 32.966054 ], [ -86.00917, 33.09026 ], [ -86.009313, 33.104642 ], [ -86.17437, 33.104394 ], [ -86.491029, 33.102944 ], [ -86.512106, 33.085876 ], [ -86.517344, 33.020566 ] ] ] } },
{ "type": "Feature", "properties": { "geo_id": "0100930", "geo_name": "Covington County School District", "geo_level": "school_district", "year": 2022 }, "geometry": { "type": "Polygon", "coordinates": [ [ [ -86.701554, 31.523946 ], [ -86.70122, 31.436641 ], [ -86.67485, 31.436557 ], [ -86.66251, 31.401446 ], [ -86.667245, 31.369404 ], [ -86.699435, 31.348084 ], [ -86.700282, 31.192217 ], [ -86.70022, 31.000418 ], [ -86.688317, 30.994507 ], [ -86.520196, 30.993258 ], [ -86.187246, 30.994021 ], [ -86.190355, 31.003061 ], [ -86.193476, 31.192213 ], [ -86.195075, 31.354485 ], [ -86.193951, 31.440072 ], [ -86.261876, 31.441168 ], [ -86.277031, 31.455602 ], [ -86.280155, 31.52851 ], [ -86.297348, 31.527583 ], [ -86.338539, 31.48756 ], [ -86.363624, 31.484784 ], [ -86.398536, 31.451325 ], [ -86.39994, 31.527128 ], [ -86.499213, 31.525331 ], [ -86.701554, 31.523946 ] ], [ [ -86.442285, 31.281924 ], [ -86.514451, 31.277919 ], [ -86.522192, 31.336091 ], [ -86.439058, 31.33984 ], [ -86.441793, 31.300113 ], [ -86.442471, 31.282172 ], [ -86.442285, 31.281924 ] ], [ [ -86.313948, 31.270309 ], [ -86.270388, 31.326564 ], [ -86.252172, 31.311509 ], [ -86.211305, 31.301478 ], [ -86.210724, 31.261807 ], [ -86.234692, 31.244783 ], [ -86.271312, 31.244724 ], [ -86.313948, 31.270309 ] ] ] } },
{ "type": "Feature", "properties": { "geo_id": "0100960", "geo_name": "Crenshaw County School District", "geo_level": "school_district", "year": 2022 }, "geometry": { "type": "Polygon", "coordinates": [ [ [ -86.448198, 31.964629 ], [ -86.445978, 31.70112 ], [ -86.448635, 31.655617 ], [ -86.499533, 31.655247 ], [ -86.499213, 31.525331 ], [ -86.39994, 31.527128 ], [ -86.398536, 31.451325 ], [ -86.363624, 31.484784 ], [ -86.338539, 31.48756 ], [ -86.297348, 31.527583 ], [ -86.280155, 31.52851 ], [ -86.277031, 31.455602 ], [ -86.261876, 31.441168 ], [ -86.193951, 31.440072 ], [ -86.194724, 31.52446 ], [ -86.14395, 31.537675 ], [ -86.145895, 31.617741 ], [ -86.179697, 31.627382 ], [ -86.147147, 31.66315 ], [ -86.148339, 31.790951 ], [ -86.199378, 31.79045 ], [ -86.182949, 31.83239 ], [ -86.173145, 31.891814 ], [ -86.174969, 31.930597 ], [ -86.191379, 31.966453 ], [ -86.302217, 31.965065 ], [ -86.303616, 32.051664 ], [ -86.406276, 32.050731 ], [ -86.405005, 31.963775 ], [ -86.448198, 31.964629 ] ] ] } },
{ "type": "Feature", "properties": { "geo_id": "0100990", "geo_name": "Cullman City School District", "geo_level": "school_district", "year": 2022 }, "geometry": { "type": "MultiPolygon", "coordinates": [ [ [ [ -86.87879, 34.150441 ], [ -86.884751, 34.155592 ], [ -86.883155, 34.152311 ], [ -86.878716, 34.152174 ], [ -86.87879, 34.150441 ] ] ], [ [ [ -86.891896, 34.221973 ], [ -86.873596, 34.199706 ], [ -86.87358, 34.199593 ], [ -86.870685, 34.195139 ], [ -86.870632, 34.195456 ], [ -86.874845, 34.191074 ], [ -86.874307, 34.190063 ], [ -86.879194, 34.177885 ], [ -86.879297, 34.177977 ], [ -86.881276, 34.17897 ], [ -86.881276, 34.178798 ], [ -86.881276, 34.17803 ], [ -86.880489, 34.177868 ], [ -86.864812, 34.162783 ], [ -86.862598, 34.162737 ], [ -86.861733, 34.162708 ], [ -86.861166, 34.155466 ], [ -86.856957, 34.155394 ], [ -86.857066, 34.148046 ], [ -86.852686, 34.146202 ], [ -86.852626, 34.147985 ], [ -86.840647, 34.126367 ], [ -86.839812, 34.126954 ], [ -86.830936, 34.143728 ], [ -86.830945, 34.142581 ], [ -86.830949, 34.142214 ], [ -86.830954, 34.141688 ], [ -86.831539, 34.116718 ], [ -86.831537, 34.116219 ], [ -86.831552, 34.115653 ], [ -86.831608, 34.113553 ], [ -86.836176, 34.106218 ], [ -86.831641, 34.104382 ], [ -86.81857, 34.143898 ], [ -86.813331, 34.144028 ], [ -86.813259, 34.147325 ], [ -86.80218, 34.167411 ], [ -86.799708, 34.167681 ], [ -86.796964, 34.180286 ], [ -86.799529, 34.180285 ], [ -86.80306, 34.205807 ], [ -86.803348, 34.21043 ], [ -86.802997, 34.234997 ], [ -86.803073, 34.235024 ], [ -86.8143, 34.205893 ], [ -86.814289, 34.205857 ], [ -86.81231, 34.202904 ], [ -86.812258, 34.202274 ], [ -86.816715, 34.196343 ], [ -86.816731, 34.195881 ], [ -86.818962, 34.19194 ], [ -86.819348, 34.191945 ], [ -86.82767, 34.195168 ], [ -86.827614, 34.198794 ], [ -86.819449, 34.207624 ], [ -86.821149, 34.207437 ], [ -86.822428, 34.205976 ], [ -86.823249, 34.205973 ], [ -86.824433, 34.205988 ], [ -86.825329, 34.204505 ], [ -86.829644, 34.220451 ], [ -86.832783, 34.221321 ], [ -86.835229, 34.228163 ], [ -86.836686, 34.228634 ], [ -86.836856, 34.228698 ], [ -86.837019, 34.228779 ], [ -86.835743, 34.237291 ], [ -86.836133, 34.237517 ], [ -86.836111, 34.237977 ], [ -86.835687, 34.238274 ], [ -86.837031, 34.239638 ], [ -86.836966, 34.239529 ], [ -86.847579, 34.231399 ], [ -86.847676, 34.231535 ], [ -86.847752, 34.231742 ], [ -86.84785, 34.231823 ], [ -86.851221, 34.233304 ], [ -86.851126, 34.233343 ], [ -86.849126, 34.232349 ], [ -86.851231, 34.232359 ], [ -86.852433, 34.228495 ], [ -86.847052, 34.228516 ], [ -86.849925, 34.225581 ], [ -86.847326, 34.216673 ], [ -86.850064, 34.206041 ], [ -86.850309, 34.213538 ], [ -86.85601, 34.219576 ], [ -86.858951, 34.219085 ], [ -86.859048, 34.217507 ], [ -86.860261, 34.217162 ], [ -86.869608, 34.215432 ], [ -86.875205, 34.214602 ], [ -86.875206, 34.213795 ], [ -86.888666, 34.212938 ], [ -86.889371, 34.212809 ], [ -86.891896, 34.221973 ] ], [ [ -86.845341, 34.191785 ], [ -86.847345, 34.195292 ], [ -86.847321, 34.195952 ], [ -86.845554, 34.199117 ], [ -86.845543, 34.201275 ], [ -86.84246, 34.191717 ], [ -86.845341, 34.191785 ] ], [ [ -86.869608, 34.215432 ], [ -86.867783, 34.214043 ], [ -86.864636, 34.211404 ], [ -86.869608, 34.215432 ] ] ], [ [ [ -86.897179, 34.23124 ], [ -86.891896, 34.221973 ], [ -86.889143, 34.221862 ], [ -86.888651, 34.219781 ], [ -86.888662, 34.219386 ], [ -86.88215, 34.222109 ], [ -86.892994, 34.232927 ], [ -86.895333, 34.233102 ], [ -86.897179, 34.23124 ] ] ] ] } },
{ "type": "Feature", "properties": { "geo_id": "0101020", "geo_name": "Cullman County School District", "geo_level": "school_district", "year": 2022 }, "geometry": { "type": "MultiPolygon", "coordinates": [ [ [ [ -86.847345, 34.195292 ], [ -86.845341, 34.191785 ], [ -86.84246, 34.191717 ], [ -86.845543, 34.201275 ], [ -86.845554, 34.199117 ], [ -86.847321, 34.195952 ], [ -86.847345, 34.195292 ] ] ], [ [ [ -86.869608, 34.215432 ], [ -86.864636, 34.211404 ], [ -86.867783, 34.214043 ], [ -86.869608, 34.215432 ] ] ], [ [ [ -87.109911, 34.299299 ], [ -87.111992, 33.992385 ], [ -87.151036, 33.993225 ], [ -87.13408, 33.965093 ], [ -87.112377, 33.959487 ], [ -87.085584, 33.919164 ], [ -87.091836, 33.890093 ], [ -87.007077, 33.888927 ], [ -87.006862, 33.866179 ], [ -86.963358, 33.858221 ], [ -86.932324, 33.867292 ], [ -86.924387, 33.909222 ], [ -86.886022, 33.917432 ], [ -86.821564, 33.957133 ], [ -86.763999, 33.974187 ], [ -86.761007, 33.995681 ], [ -86.709746, 34.029047 ], [ -86.687697, 34.080735 ], [ -86.65682, 34.091646 ], [ -86.624127, 34.122211 ], [ -86.599785, 34.12172 ], [ -86.55697, 34.17885 ], [ -86.519603, 34.251766 ], [ -86.45302, 34.259317 ], [ -86.459449, 34.289148 ], [ -86.477525, 34.302758 ], [ -86.482132, 34.302815 ], [ -86.4862, 34.302865 ], [ -86.516655, 34.303281 ], [ -86.581936, 34.304694 ], [ -86.854887, 34.308362 ], [ -87.110111, 34.313799 ], [ -87.109911, 34.299299 ] ], [ [ -86.891896, 34.221973 ], [ -86.897179, 34.23124 ], [ -86.895333, 34.233102 ], [ -86.892994, 34.232927 ], [ -86.88215, 34.222109 ], [ -86.888662, 34.219386 ], [ -86.888651, 34.219781 ], [ -86.889143, 34.221862 ], [ -86.891896, 34.221973 ] ], [ [ -86.884751, 34.155592 ], [ -86.87879, 34.150441 ], [ -86.878716, 34.152174 ], [ -86.883155, 34.152311 ], [ -86.884751, 34.155592 ] ], [ [ -86.891896, 34.221973 ], [ -86.889371, 34.212809 ], [ -86.888666, 34.212938 ], [ -86.875206, 34.213795 ], [ -86.875205, 34.214602 ], [ -86.869608, 34.215432 ], [ -86.860261, 34.217162 ], [ -86.859048, 34.217507 ], [ -86.858951, 34.219085 ], [ -86.85601, 34.219576 ], [ -86.850309, 34.213538 ], [ -86.850064, 34.206041 ], [ -86.847326, 34.216673 ], [ -86.849925, 34.225581 ], [ -86.847052, 34.228516 ], [ -86.852433, 34.228495 ], [ -86.851231, 34.232359 ], [ -86.849126, 34.232349 ], [ -86.851126, 34.233343 ], [ -86.851221, 34.233304 ], [ -86.84785, 34.231823 ], [ -86.847752, 34.231742 ], [ -86.847676, 34.231535 ], [ -86.847579, 34.231399 ], [ -86.836966, 34.239529 ], [ -86.837031, 34.239638 ], [ -86.835687, 34.238274 ], [ -86.836111, 34.237977 ], [ -86.836133, 34.237517 ], [ -86.835743, 34.237291 ], [ -86.837019, 34.228779 ], [ -86.836856, 34.228698 ], [ -86.836686, 34.228634 ], [ -86.835229, 34.228163 ], [ -86.832783, 34.221321 ], [ -86.829644, 34.220451 ], [ -86.825329, 34.204505 ], [ -86.824433, 34.205988 ], [ -86.823249, 34.205973 ], [ -86.822428, 34.205976 ], [ -86.821149, 34.207437 ], [ -86.819449, 34.207624 ], [ -86.827614, 34.198794 ], [ -86.82767, 34.195168 ], [ -86.819348, 34.191945 ], [ -86.818962, 34.19194 ], [ -86.816731, 34.195881 ], [ -86.816715, 34.196343 ], [ -86.812258, 34.202274 ], [ -86.81231, 34.202904 ], [ -86.814289, 34.205857 ], [ -86.8143, 34.205893 ], [ -86.803073, 34.235024 ], [ -86.802997, 34.234997 ], [ -86.803348, 34.21043 ], [ -86.80306, 34.205807 ], [ -86.799529, 34.180285 ], [ -86.796964, 34.180286 ], [ -86.799708, 34.167681 ], [ -86.80218, 34.167411 ], [ -86.813259, 34.147325 ], [ -86.813331, 34.144028 ], [ -86.81857, 34.143898 ], [ -86.831641, 34.104382 ], [ -86.836176, 34.106218 ], [ -86.831608, 34.113553 ], [ -86.831552, 34.115653 ], [ -86.831537, 34.116219 ], [ -86.831539, 34.116718 ], [ -86.830954, 34.141688 ], [ -86.830949, 34.142214 ], [ -86.830945, 34.142581 ], [ -86.830936, 34.143728 ], [ -86.839812, 34.126954 ], [ -86.840647, 34.126367 ], [ -86.852626, 34.147985 ], [ -86.852686, 34.146202 ], [ -86.857066, 34.148046 ], [ -86.856957, 34.155394 ], [ -86.861166, 34.155466 ], [ -86.861733, 34.162708 ], [ -86.862598, 34.162737 ], [ -86.864812, 34.162783 ], [ -86.880489, 34.177868 ], [ -86.881276, 34.17803 ], [ -86.881276, 34.178798 ], [ -86.881276, 34.17897 ], [ -86.879297, 34.177977 ], [ -86.879194, 34.177885 ], [ -86.874307, 34.190063 ], [ -86.874845, 34.191074 ], [ -86.870632, 34.195456 ], [ -86.870685, 34.195139 ], [ -86.87358, 34.199593 ], [ -86.873596, 34.199706 ], [ -86.891896, 34.221973 ] ] ] ] } },
{ "type": "Feature", "properties": { "geo_id": "0101050", "geo_name": "Dale County School District", "geo_level": "school_district", "year": 2022 }, "geometry": { "type": "Polygon", "coordinates": [ [ [ -85.789308, 31.490925 ], [ -85.759103, 31.48379 ], [ -85.711026, 31.49262 ], [ -85.659143, 31.517284 ], [ -85.639953, 31.502771 ], [ -85.601054, 31.502607 ], [ -85.605495, 31.461411 ], [ -85.573938, 31.428977 ], [ -85.546849, 31.420148 ], [ -85.543273, 31.392393 ], [ -85.564838, 31.378915 ], [ -85.613796, 31.384311 ], [ -85.61573, 31.3624 ], [ -85.665605, 31.317301 ], [ -85.675689, 31.315582 ], [ -85.675113, 31.255562 ], [ -85.635307, 31.275555 ], [ -85.602956, 31.272378 ], [ -85.546113, 31.253868 ], [ -85.51128, 31.25062 ], [ -85.485826, 31.265303 ], [ -85.469122, 31.286886 ], [ -85.468855, 31.28688 ], [ -85.467737, 31.286817 ], [ -85.447416, 31.286594 ], [ -85.435029, 31.286454 ], [ -85.438603, 31.325549 ], [ -85.41751, 31.32951 ], [ -85.415336, 31.500168 ], [ -85.416437, 31.619466 ], [ -85.585439, 31.617565 ], [ -85.748251, 31.618048 ], [ -85.789142, 31.617964 ], [ -85.789308, 31.490925 ] ] ] } },
{ "type": "Feature", "properties": { "geo_id": "0101080", "geo_name": "Daleville City School District", "geo_level": "school_district", "year": 2022 }, "geometry": { "type": "Polygon", "coordinates": [ [ [ -85.790354, 31.322656 ], [ -85.791402, 31.196349 ], [ -85.710333, 31.195173 ], [ -85.692311, 31.210558 ], [ -85.675113, 31.255562 ], [ -85.675689, 31.315582 ], [ -85.713481, 31.320401 ], [ -85.715492, 31.319532 ], [ -85.74429, 31.320838 ], [ -85.745747, 31.322028 ], [ -85.755551, 31.356399 ], [ -85.789785, 31.356562 ], [ -85.789963, 31.341922 ], [ -85.790116, 31.330082 ], [ -85.790314, 31.323851 ], [ -85.790354, 31.322656 ] ] ] } },
{ "type": "Feature", "properties": { "geo_id": "0101110", "geo_name": "Dallas County School District", "geo_level": "school_district", "year": 2022 }, "geometry": { "type": "Polygon", "coordinates": [ [ [ -87.47308, 32.307614 ], [ -87.472206, 32.264919 ], [ -87.444429, 32.268889 ], [ -87.42275, 32.244118 ], [ -87.39428, 32.237329 ], [ -87.362213, 32.196081 ], [ -87.325644, 32.196272 ], [ -87.27773, 32.146808 ], [ -87.262853, 32.147007 ], [ -87.234028, 32.101694 ], [ -87.203828, 32.090984 ], [ -87.17786, 32.047514 ], [ -86.906956, 32.04797 ], [ -86.908302, 32.225028 ], [ -86.810313, 32.224747 ], [ -86.839758, 32.24121 ], [ -86.864563, 32.274704 ], [ -86.82606, 32.305957 ], [ -86.850412, 32.328947 ], [ -86.814912, 32.340803 ], [ -86.815399, 32.370821 ], [ -86.843758, 32.400416 ], [ -86.849898, 32.438325 ], [ -86.906742, 32.536977 ], [ -86.898304, 32.567687 ], [ -86.918099, 32.642059 ], [ -86.917595, 32.664169 ], [ -87.01766, 32.663269 ], [ -87.017762, 32.729532 ], [ -87.033255, 32.695844 ], [ -87.030762, 32.674554 ], [ -87.047873, 32.620776 ], [ -87.041158, 32.597892 ], [ -87.081298, 32.570475 ], [ -87.089967, 32.534416 ], [ -87.112362, 32.48865 ], [ -87.233798, 32.484372 ], [ -87.423153, 32.482965 ], [ -87.421744, 32.308101 ], [ -87.47308, 32.307614 ] ], [ [ -87.011805, 32.403263 ], [ -87.06476, 32.390177 ], [ -87.049726, 32.443814 ], [ -87.017932, 32.444148 ], [ -87.011352, 32.402946 ], [ -87.011805, 32.403263 ] ] ] } },
{ "type": "Feature", "properties": { "geo_id": "0101140", "geo_name": "DeKalb County School District", "geo_level": "school_district", "year": 2022 }, "geometry": { "type": "Polygon", "coordinates": [ [ [ -86.057712, 34.475994 ], [ -86.110362, 34.427797 ], [ -86.106086, 34.200756 ], [ -85.843617, 34.200006 ], [ -85.843801, 34.244595 ], [ -85.809045, 34.258921 ], [ -85.774165, 34.259094 ], [ -85.675283, 34.343396 ], [ -85.636645, 34.366622 ], [ -85.627425, 34.395519 ], [ -85.672384, 34.424634 ], [ -85.705502, 34.391322 ], [ -85.775189, 34.390683 ], [ -85.775553, 34.43448 ], [ -85.714538, 34.499651 ], [ -85.667125, 34.53917 ], [ -85.634949, 34.50755 ], [ -85.612935, 34.504007 ], [ -85.608845, 34.471798 ], [ -85.622145, 34.450389 ], [ -85.66193, 34.428152 ], [ -85.627545, 34.396074 ], [ -85.589437, 34.424203 ], [ -85.560386, 34.489909 ], [ -85.513612, 34.523825 ], [ -85.583145, 34.860371 ], [ -85.627068, 34.831879 ], [ -85.634268, 34.798978 ], [ -85.660198, 34.754963 ], [ -85.693037, 34.74425 ], [ -85.785471, 34.624584 ], [ -85.938544, 34.525354 ], [ -85.961177, 34.500587 ], [ -86.00384, 34.480031 ], [ -86.057712, 34.475994 ] ] ] } },
{ "type": "Feature", "properties": { "geo_id": "0101170", "geo_name": "Decatur City School District", "geo_level": "school_district", "year": 2022 }, "geometry": { "type": "MultiPolygon", "coordinates": [ [ [ [ -87.105455, 34.649417 ], [ -87.105499, 34.635693 ], [ -87.074013, 34.634515 ], [ -87.069914, 34.634456 ], [ -87.069916, 34.637205 ], [ -87.036214, 34.637894 ], [ -87.038291, 34.637909 ], [ -87.03197, 34.602069 ], [ -87.070712, 34.583631 ], [ -87.053064, 34.565286 ], [ -87.054208, 34.517288 ], [ -86.947926, 34.515663 ], [ -86.927438, 34.494534 ], [ -86.904464, 34.50027 ], [ -86.915289, 34.545913 ], [ -86.916629, 34.551721 ], [ -86.906675, 34.579758 ], [ -86.90168, 34.630919 ], [ -86.905418, 34.642596 ], [ -86.905958, 34.642619 ], [ -86.912671, 34.642736 ], [ -86.915317, 34.642778 ], [ -86.91576, 34.642787 ], [ -86.954048, 34.62873 ], [ -86.95582, 34.628093 ], [ -86.957875, 34.627542 ], [ -86.956082, 34.627919 ], [ -86.958636, 34.626216 ], [ -86.969096, 34.617526 ], [ -86.971045, 34.615935 ], [ -86.97107, 34.615404 ], [ -86.9715, 34.614737 ], [ -87.035323, 34.652042 ], [ -87.087361, 34.670864 ], [ -87.105455, 34.649417 ] ], [ [ -86.982868, 34.534102 ], [ -86.982835, 34.535326 ], [ -86.980456, 34.535449 ], [ -86.982868, 34.534102 ] ] ], [ [ [ -87.034506, 34.63352 ], [ -87.034145, 34.632399 ], [ -87.034148, 34.632597 ], [ -87.034186, 34.633031 ], [ -87.034506, 34.63352 ] ] ] ] } },
{ "type": "Feature", "properties": { "geo_id": "0101200", "geo_name": "Demopolis City School District", "geo_level": "school_district", "year": 2022 }, "geometry": { "type": "Polygon", "coordinates": [ [ [ -87.823576, 32.524377 ], [ -87.879942, 32.519748 ], [ -87.881425, 32.481923 ], [ -87.780322, 32.483102 ], [ -87.764745, 32.510278 ], [ -87.80799, 32.524532 ], [ -87.812559, 32.52456 ], [ -87.823576, 32.524377 ] ] ] } },
{ "type": "Feature", "properties": { "geo_id": "0101230", "geo_name": "Dothan City School District", "geo_level": "school_district", "year": 2022 }, "geometry": { "type": "Polygon", "coordinates": [ [ [ -85.485826, 31.265303 ], [ -85.51128, 31.25062 ], [ -85.506954, 31.209648 ], [ -85.458321, 31.197648 ], [ -85.447361, 31.166891 ], [ -85.345956, 31.168259 ], [ -85.333235, 31.178285 ], [ -85.323116, 31.247095 ], [ -85.331462, 31.269437 ], [ -85.365397, 31.270676 ], [ -85.373496, 31.314519 ], [ -85.417434, 31.314995 ], [ -85.417459, 31.325735 ], [ -85.41751, 31.32951 ], [ -85.438603, 31.325549 ], [ -85.435029, 31.286454 ], [ -85.447416, 31.286594 ], [ -85.467737, 31.286817 ], [ -85.468855, 31.28688 ], [ -85.469122, 31.286886 ], [ -85.485677, 31.25295 ], [ -85.485784, 31.256385 ], [ -85.485826, 31.265303 ] ] ] } },
{ "type": "Feature", "properties": { "geo_id": "0101260", "geo_name": "Elba City School District", "geo_level": "school_district", "year": 2022 }, "geometry": { "type": "Polygon", "coordinates": [ [ [ -86.193951, 31.440072 ], [ -86.195075, 31.354485 ], [ -86.181401, 31.376717 ], [ -86.149285, 31.389881 ], [ -86.075447, 31.345538 ], [ -86.046943, 31.346856 ], [ -86.004265, 31.401932 ], [ -86.02019, 31.453785 ], [ -86.047621, 31.44992 ], [ -86.093422, 31.458218 ], [ -86.166121, 31.524567 ], [ -86.194724, 31.52446 ], [ -86.193951, 31.440072 ] ] ] } },
{ "type": "Feature", "properties": { "geo_id": "0101290", "geo_name": "Elmore County School District", "geo_level": "school_district", "year": 2022 }, "geometry": { "type": "Polygon", "coordinates": [ [ [ -86.374974, 32.75358 ], [ -86.413335, 32.750591 ], [ -86.413116, 32.707386 ], [ -86.411172, 32.409937 ], [ -86.398398, 32.426941 ], [ -86.34447, 32.432636 ], [ -86.319779, 32.419822 ], [ -86.307984, 32.467008 ], [ -86.237068, 32.49498 ], [ -86.198075, 32.45138 ], [ -86.116329, 32.417026 ], [ -86.086279, 32.42165 ], [ -86.046402, 32.406146 ], [ -86.023012, 32.419978 ], [ -85.995397, 32.428058 ], [ -86.012853, 32.470632 ], [ -86.05475, 32.473049 ], [ -86.057631, 32.491275 ], [ -86.03102, 32.516869 ], [ -85.990208, 32.537238 ], [ -85.989993, 32.580137 ], [ -85.970637, 32.577309 ], [ -85.946345, 32.61119 ], [ -85.953821, 32.63302 ], [ -85.941932, 32.70731 ], [ -85.907668, 32.698717 ], [ -85.881859, 32.737558 ], [ -85.895368, 32.754581 ], [ -86.007187, 32.754984 ], [ -86.374974, 32.75358 ] ] ] } },
{ "type": "Feature", "properties": { "geo_id": "0101320", "geo_name": "Enterprise City School District", "geo_level": "school_district", "year": 2022 }, "geometry": { "type": "Polygon", "coordinates": [ [ [ -85.789963, 31.341922 ], [ -85.815656, 31.346097 ], [ -85.815285, 31.371112 ], [ -85.888582, 31.371525 ], [ -85.888102, 31.284679 ], [ -85.808237, 31.284778 ], [ -85.790354, 31.322656 ], [ -85.790314, 31.323851 ], [ -85.790116, 31.330082 ], [ -85.789963, 31.341922 ] ] ] } },
{ "type": "Feature", "properties": { "geo_id": "0101350", "geo_name": "Escambia County School District", "geo_level": "school_district", "year": 2022 }, "geometry": { "type": "Polygon", "coordinates": [ [ [ -87.61589, 31.244458 ], [ -87.615431, 30.997361 ], [ -87.598829, 30.997455 ], [ -87.311949, 30.998435 ], [ -87.237685, 30.996393 ], [ -87.140755, 30.999532 ], [ -86.723585, 30.996569 ], [ -86.688317, 30.994507 ], [ -86.70022, 31.000418 ], [ -86.700282, 31.192217 ], [ -86.725985, 31.183825 ], [ -86.768632, 31.19733 ], [ -86.763961, 31.261293 ], [ -86.99997, 31.261038 ], [ -87.427455, 31.260386 ], [ -87.489206, 31.260076 ], [ -87.548993, 31.230041 ], [ -87.61589, 31.244458 ] ], [ [ -87.124211, 31.085794 ], [ -87.089874, 31.096727 ], [ -87.069332, 31.162308 ], [ -87.056151, 31.162195 ], [ -87.05158, 31.108301 ], [ -87.084546, 31.078213 ], [ -87.124211, 31.085794 ] ] ] } },
{ "type": "Feature", "properties": { "geo_id": "0101380", "geo_name": "Etowah County School District", "geo_level": "school_district", "year": 2022 }, "geometry": { "type": "MultiPolygon", "coordinates": [ [ [ [ -86.169355, 34.18654 ], [ -86.169826, 34.176246 ], [ -86.167161, 34.187466 ], [ -86.169355, 34.18654 ] ] ], [ [ [ -86.303516, 34.099073 ], [ -86.332388, 34.04648 ], [ -86.332723, 33.986109 ], [ -86.349493, 33.957253 ], [ -86.325622, 33.940147 ], [ -86.290127, 33.983719 ], [ -86.246658, 33.971544 ], [ -86.215525, 33.987421 ], [ -86.168141, 33.965181 ], [ -86.166708, 33.9282 ], [ -86.141963, 33.903981 ], [ -86.119099, 33.900145 ], [ -86.096668, 33.861365 ], [ -86.065272, 33.842198 ], [ -85.995169, 33.864897 ], [ -85.96917, 33.914598 ], [ -85.899568, 33.906399 ], [ -85.899668, 33.942999 ], [ -85.881768, 33.950299 ], [ -85.811032, 33.947067 ], [ -85.740968, 33.935301 ], [ -85.738975, 33.96846 ], [ -85.737137, 33.989203 ], [ -85.811967, 34.125096 ], [ -85.841468, 34.111096 ], [ -85.843617, 34.200006 ], [ -86.106086, 34.200756 ], [ -86.105861, 34.193429 ], [ -86.105744, 34.190066 ], [ -86.114953, 34.186428 ], [ -86.118803, 34.186525 ], [ -86.13224, 34.186851 ], [ -86.140785, 34.187013 ], [ -86.169823, 34.172629 ], [ -86.169826, 34.176246 ], [ -86.178815, 34.18396 ], [ -86.193649, 34.181575 ], [ -86.303516, 34.099073 ] ], [ [ -86.0925, 33.990102 ], [ -86.128068, 33.989608 ], [ -86.127963, 33.990934 ], [ -86.099574, 34.033196 ], [ -86.068337, 34.039982 ], [ -86.027944, 34.061118 ], [ -86.004128, 34.057828 ], [ -86.000961, 34.028303 ], [ -85.953479, 34.060869 ], [ -85.956891, 34.024607 ], [ -85.939312, 33.964876 ], [ -85.982769, 33.971898 ], [ -86.034108, 33.957195 ], [ -86.03375, 33.9572 ], [ -86.017069, 33.988571 ], [ -86.01881, 33.988541 ], [ -86.058933, 33.997126 ], [ -86.078531, 33.984441 ], [ -86.076208, 33.982701 ], [ -86.081819, 33.960819 ], [ -86.081852, 33.962658 ], [ -86.0925, 33.990102 ] ] ] ] } },
{ "type": "Feature", "properties": { "geo_id": "0101410", "geo_name": "Eufaula City School District", "geo_level": "school_district", "year": 2022 }, "geometry": { "type": "Polygon", "coordinates": [ [ [ -85.054242, 32.026654 ], [ -85.09628, 32.02629 ], [ -85.096212, 32.004748 ], [ -85.139001, 32.003903 ], [ -85.156435, 31.974942 ], [ -85.1568, 31.945814 ], [ -85.17405, 31.931084 ], [ -85.209275, 31.930711 ], [ -85.210194, 31.887009 ], [ -85.279757, 31.885769 ], [ -85.27987, 31.871591 ], [ -85.228562, 31.871468 ], [ -85.230052, 31.842721 ], [ -85.179834, 31.836161 ], [ -85.188707, 31.799463 ], [ -85.141876, 31.782181 ], [ -85.132514, 31.800376 ], [ -85.131624, 31.818516 ], [ -85.140731, 31.857461 ], [ -85.08213, 31.944658 ], [ -85.054242, 32.026654 ] ] ] } },
{ "type": "Feature", "properties": { "geo_id": "0101440", "geo_name": "Fairfield City School District", "geo_level": "school_district", "year": 2022 }, "geometry": { "type": "Polygon", "coordinates": [ [ [ -86.938966, 33.460976 ], [ -86.90482, 33.471732 ], [ -86.91181, 33.500891 ], [ -86.917986, 33.493902 ], [ -86.918722, 33.49393 ], [ -86.927926, 33.494002 ], [ -86.927912, 33.49387 ], [ -86.927587, 33.493436 ], [ -86.920589, 33.49214 ], [ -86.920635, 33.492663 ], [ -86.918528, 33.493738 ], [ -86.918334, 33.493437 ], [ -86.939138, 33.464674 ], [ -86.94056, 33.463545 ], [ -86.939915, 33.462723 ], [ -86.93913, 33.460978 ], [ -86.938966, 33.460976 ] ] ] } },
{ "type": "Feature", "properties": { "geo_id": "0101470", "geo_name": "Fayette County School District", "geo_level": "school_district", "year": 2022 }, "geometry": { "type": "Polygon", "coordinates": [ [ [ -87.951785, 33.91993 ], [ -87.947203, 33.700439 ], [ -87.946519, 33.524065 ], [ -87.840683, 33.524839 ], [ -87.736652, 33.519568 ], [ -87.666661, 33.521667 ], [ -87.666633, 33.579807 ], [ -87.63161, 33.580669 ], [ -87.631718, 33.609833 ], [ -87.423701, 33.602096 ], [ -87.423843, 33.689112 ], [ -87.528338, 33.692049 ], [ -87.531602, 33.867618 ], [ -87.63604, 33.871999 ], [ -87.635932, 33.915251 ], [ -87.73602, 33.91476 ], [ -87.792491, 33.916614 ], [ -87.806406, 33.899511 ], [ -87.795617, 33.869742 ], [ -87.803982, 33.841034 ], [ -87.841284, 33.859497 ], [ -87.896421, 33.853062 ], [ -87.892882, 33.878607 ], [ -87.914675, 33.919445 ], [ -87.951785, 33.91993 ] ] ] } },
{ "type": "Feature", "properties": { "geo_id": "0101530", "geo_name": "Florence City School District", "geo_level": "school_district", "year": 2022 }, "geometry": { "type": "Polygon", "coordinates": [ [ [ -87.666649, 34.885299 ], [ -87.716659, 34.82831 ], [ -87.711775, 34.783069 ], [ -87.668594, 34.789638 ], [ -87.669484, 34.790558 ], [ -87.669262, 34.790837 ], [ -87.668397, 34.790009 ], [ -87.618034, 34.808301 ], [ -87.625499, 34.849376 ], [ -87.664819, 34.885298 ], [ -87.666649, 34.885299 ] ] ] } },
{ "type": "Feature", "properties": { "geo_id": "0101560", "geo_name": "Fort Payne City School District", "geo_level": "school_district", "year": 2022 }, "geometry": { "type": "Polygon", "coordinates": [ [ [ -85.627545, 34.396074 ], [ -85.66193, 34.428152 ], [ -85.622145, 34.450389 ], [ -85.608845, 34.471798 ], [ -85.612935, 34.504007 ], [ -85.634949, 34.50755 ], [ -85.667125, 34.53917 ], [ -85.714538, 34.499651 ], [ -85.775553, 34.43448 ], [ -85.775189, 34.390683 ], [ -85.705502, 34.391322 ], [ -85.672384, 34.424634 ], [ -85.627425, 34.395519 ], [ -85.627545, 34.396074 ] ] ] } },
{ "type": "Feature", "properties": { "geo_id": "0101590", "geo_name": "Franklin County School District", "geo_level": "school_district", "year": 2022 }, "geometry": { "type": "Polygon", "coordinates": [ [ [ -88.156292, 34.463214 ], [ -88.173632, 34.321054 ], [ -87.939933, 34.313196 ], [ -87.634725, 34.306997 ], [ -87.573279, 34.305341 ], [ -87.529722, 34.304598 ], [ -87.529667, 34.567081 ], [ -87.952122, 34.575114 ], [ -88.139988, 34.581703 ], [ -88.156292, 34.463214 ] ], [ [ -87.712534, 34.461841 ], [ -87.733257, 34.460378 ], [ -87.75889, 34.484606 ], [ -87.75089, 34.530998 ], [ -87.740219, 34.54243 ], [ -87.706175, 34.537595 ], [ -87.706591, 34.538171 ], [ -87.715969, 34.533606 ], [ -87.714679, 34.531006 ], [ -87.708702, 34.483403 ], [ -87.736243, 34.476874 ], [ -87.736661, 34.476877 ], [ -87.741779, 34.473003 ], [ -87.737297, 34.472902 ], [ -87.712534, 34.461841 ] ] ] } },
{ "type": "Feature", "properties": { "geo_id": "0101620", "geo_name": "Gadsden City School District", "geo_level": "school_district", "year": 2022 }, "geometry": { "type": "Polygon", "coordinates": [ [ [ -86.0925, 33.990102 ], [ -86.081852, 33.962658 ], [ -86.081819, 33.960819 ], [ -86.076208, 33.982701 ], [ -86.078531, 33.984441 ], [ -86.058933, 33.997126 ], [ -86.01881, 33.988541 ], [ -86.017069, 33.988571 ], [ -86.03375, 33.9572 ], [ -86.034108, 33.957195 ], [ -85.982769, 33.971898 ], [ -85.939312, 33.964876 ], [ -85.956891, 34.024607 ], [ -85.953479, 34.060869 ], [ -86.000961, 34.028303 ], [ -86.004128, 34.057828 ], [ -86.027944, 34.061118 ], [ -86.068337, 34.039982 ], [ -86.071852, 34.011352 ], [ -86.100828, 34.00076 ], [ -86.0925, 33.990102 ] ] ] } },
{ "type": "Feature", "properties": { "geo_id": "0101640", "geo_name": "Geneva City School District", "geo_level": "school_district", "year": 2022 }, "geometry": { "type": "Polygon", "coordinates": [ [ [ -85.772672, 30.994634 ], [ -85.789904, 31.06917 ], [ -85.817718, 31.077682 ], [ -85.79617, 31.104986 ], [ -85.899821, 31.11567 ], [ -85.924914, 31.097034 ], [ -85.949187, 31.097517 ], [ -85.957322, 31.037501 ], [ -86.005123, 31.033559 ], [ -85.99729, 30.992877 ], [ -85.772672, 30.994634 ] ] ] } },
{ "type": "Feature", "properties": { "geo_id": "0101660", "geo_name": "Geneva County School District", "geo_level": "school_district", "year": 2022 }, "geometry": { "type": "Polygon", "coordinates": [ [ [ -86.193476, 31.192213 ], [ -86.190355, 31.003061 ], [ -86.187246, 30.994021 ], [ -85.99729, 30.992877 ], [ -86.005123, 31.033559 ], [ -85.957322, 31.037501 ], [ -85.949187, 31.097517 ], [ -85.924914, 31.097034 ], [ -85.899821, 31.11567 ], [ -85.79617, 31.104986 ], [ -85.817718, 31.077682 ], [ -85.789904, 31.06917 ], [ -85.772672, 30.994634 ], [ -85.488298, 30.997064 ], [ -85.48576, 31.199886 ], [ -85.585733, 31.194875 ], [ -85.710333, 31.195173 ], [ -85.791402, 31.196349 ], [ -85.999042, 31.195777 ], [ -86.193476, 31.192213 ] ] ] } },
{ "type": "Feature", "properties": { "geo_id": "0101680", "geo_name": "Greene County School District", "geo_level": "school_district", "year": 2022 }, "geometry": { "type": "Polygon", "coordinates": [ [ [ -88.171852, 32.99586 ], [ -88.165276, 32.954321 ], [ -88.188684, 32.959108 ], [ -88.207316, 32.924782 ], [ -88.189754, 32.910731 ], [ -88.179966, 32.871675 ], [ -88.132685, 32.832853 ], [ -88.079338, 32.772948 ], [ -88.109633, 32.770989 ], [ -88.08538, 32.709054 ], [ -88.116407, 32.697361 ], [ -88.057987, 32.674384 ], [ -88.055004, 32.646482 ], [ -88.079159, 32.619684 ], [ -88.053729, 32.593052 ], [ -87.977005, 32.610781 ], [ -87.928689, 32.632284 ], [ -87.904841, 32.614576 ], [ -87.875014, 32.571824 ], [ -87.873811, 32.544286 ], [ -87.85342, 32.532086 ], [ -87.823576, 32.524377 ], [ -87.812559, 32.52456 ], [ -87.800959, 32.558891 ], [ -87.76159, 32.570861 ], [ -87.736928, 32.589689 ], [ -87.748723, 32.612816 ], [ -87.783271, 32.605231 ], [ -87.813401, 32.633875 ], [ -87.787661, 32.654162 ], [ -87.786571, 32.682481 ], [ -87.804609, 32.714798 ], [ -87.808284, 32.752372 ], [ -87.823176, 32.765895 ], [ -87.813178, 32.810176 ], [ -87.831586, 32.864866 ], [ -87.793758, 32.898441 ], [ -87.768294, 32.898957 ], [ -87.747099, 32.965576 ], [ -87.715709, 33.006824 ], [ -87.710995, 33.017721 ], [ -87.832233, 33.017258 ], [ -87.831459, 33.093857 ], [ -87.837521, 33.153637 ], [ -87.85494, 33.14119 ], [ -87.927146, 33.121104 ], [ -87.968838, 33.077641 ], [ -88.03148, 33.061284 ], [ -88.086075, 33.036247 ], [ -88.135579, 33.03656 ], [ -88.171852, 32.99586 ] ] ] } },
{ "type": "Feature", "properties": { "geo_id": "0101690", "geo_name": "Guntersville City School District", "geo_level": "school_district", "year": 2022 }, "geometry": { "type": "Polygon", "coordinates": [ [ [ -86.266147, 34.301125 ], [ -86.291696, 34.330756 ], [ -86.24221, 34.3309 ], [ -86.266137, 34.371234 ], [ -86.240905, 34.375897 ], [ -86.215301, 34.355019 ], [ -86.191576, 34.375773 ], [ -86.179754, 34.422107 ], [ -86.229185, 34.422044 ], [ -86.235677, 34.39147 ], [ -86.312363, 34.393383 ], [ -86.335852, 34.370404 ], [ -86.335998, 34.330647 ], [ -86.371512, 34.316614 ], [ -86.3716, 34.301977 ], [ -86.266139, 34.297754 ], [ -86.266147, 34.301125 ] ] ] } },
{ "type": "Feature", "properties": { "geo_id": "0101710", "geo_name": "Hale County School District", "geo_level": "school_district", "year": 2022 }, "geometry": { "type": "Polygon", "coordinates": [ [ [ -87.715709, 33.006824 ], [ -87.747099, 32.965576 ], [ -87.768294, 32.898957 ], [ -87.793758, 32.898441 ], [ -87.831586, 32.864866 ], [ -87.813178, 32.810176 ], [ -87.823176, 32.765895 ], [ -87.808284, 32.752372 ], [ -87.804609, 32.714798 ], [ -87.786571, 32.682481 ], [ -87.787661, 32.654162 ], [ -87.813401, 32.633875 ], [ -87.783271, 32.605231 ], [ -87.748723, 32.612816 ], [ -87.736928, 32.589689 ], [ -87.76159, 32.570861 ], [ -87.800959, 32.558891 ], [ -87.812559, 32.52456 ], [ -87.80799, 32.524532 ], [ -87.728521, 32.524532 ], [ -87.728775, 32.499938 ], [ -87.728774, 32.498759 ], [ -87.694239, 32.4807 ], [ -87.674479, 32.480866 ], [ -87.524485, 32.482028 ], [ -87.525198, 32.655713 ], [ -87.473915, 32.655867 ], [ -87.472174, 32.83062 ], [ -87.421387, 32.830829 ], [ -87.4212, 32.874508 ], [ -87.421936, 33.003379 ], [ -87.715709, 33.006824 ] ] ] } },
{ "type": "Feature", "properties": { "geo_id": "0101720", "geo_name": "Haleyville City School District", "geo_level": "school_district", "year": 2022 }, "geometry": { "type": "Polygon", "coordinates": [ [ [ -87.634725, 34.306997 ], [ -87.635898, 34.14242 ], [ -87.583473, 34.149628 ], [ -87.545515, 34.124223 ], [ -87.512007, 34.166732 ], [ -87.516921, 34.260876 ], [ -87.573279, 34.305341 ], [ -87.634725, 34.306997 ] ] ] } },
{ "type": "Feature", "properties": { "geo_id": "0101730", "geo_name": "Hartselle City School District", "geo_level": "school_district", "year": 2022 }, "geometry": { "type": "Polygon", "coordinates": [ [ [ -86.984928, 34.423247 ], [ -86.929728, 34.398342 ], [ -86.899655, 34.431029 ], [ -86.905482, 34.465346 ], [ -86.968683, 34.446378 ], [ -86.984928, 34.423247 ] ] ] } },
{ "type": "Feature", "properties": { "geo_id": "0101740", "geo_name": "Henry County School District", "geo_level": "school_district", "year": 2022 }, "geometry": { "type": "Polygon", "coordinates": [ [ [ -85.416437, 31.619466 ], [ -85.415336, 31.500168 ], [ -85.41751, 31.32951 ], [ -85.417459, 31.325735 ], [ -85.417434, 31.314995 ], [ -85.373496, 31.314519 ], [ -85.179131, 31.307675 ], [ -85.087651, 31.308677 ], [ -85.092167, 31.364576 ], [ -85.065639, 31.439521 ], [ -85.071621, 31.468384 ], [ -85.041428, 31.539293 ], [ -85.05796, 31.57084 ], [ -85.057473, 31.618624 ], [ -85.087029, 31.640966 ], [ -85.092429, 31.659966 ], [ -85.12593, 31.696265 ], [ -85.11913, 31.730964 ], [ -85.127329, 31.762563 ], [ -85.151236, 31.774364 ], [ -85.206034, 31.741813 ], [ -85.216076, 31.702409 ], [ -85.416038, 31.706664 ], [ -85.416437, 31.619466 ] ] ] } },
{ "type": "Feature", "properties": { "geo_id": "0101760", "geo_name": "Homewood City School District", "geo_level": "school_district", "year": 2022 }, "geometry": { "type": "MultiPolygon", "coordinates": [ [ [ [ -86.776547, 33.48312 ], [ -86.778015, 33.482387 ], [ -86.776776, 33.482344 ], [ -86.77673, 33.482344 ], [ -86.776464, 33.48316 ], [ -86.776547, 33.48312 ] ] ], [ [ [ -86.841728, 33.433242 ], [ -86.841724, 33.426575 ], [ -86.838973, 33.426716 ], [ -86.837417, 33.42915 ], [ -86.836041, 33.429266 ], [ -86.834632, 33.430065 ], [ -86.830335, 33.432127 ], [ -86.823596, 33.434767 ], [ -86.822956, 33.436644 ], [ -86.822564, 33.436934 ], [ -86.820326, 33.440008 ], [ -86.811904, 33.443088 ], [ -86.810212, 33.442934 ], [ -86.807791, 33.443901 ], [ -86.806596, 33.445705 ], [ -86.806596, 33.445761 ], [ -86.806599, 33.446193 ], [ -86.805922, 33.44646 ], [ -86.791782, 33.455235 ], [ -86.788817, 33.456103 ], [ -86.788721, 33.456124 ], [ -86.788668, 33.456136 ], [ -86.786706, 33.456499 ], [ -86.78561, 33.45671 ], [ -86.785298, 33.457079 ], [ -86.784922, 33.457463 ], [ -86.783521, 33.458693 ], [ -86.780021, 33.461238 ], [ -86.776557, 33.461163 ], [ -86.770356, 33.461895 ], [ -86.770221, 33.466409 ], [ -86.770694, 33.46834 ], [ -86.770183, 33.469353 ], [ -86.770154, 33.471469 ], [ -86.770168, 33.471545 ], [ -86.770192, 33.471674 ], [ -86.770069, 33.471839 ], [ -86.771907, 33.476832 ], [ -86.772255, 33.477219 ], [ -86.772355, 33.47719 ], [ -86.77679, 33.48158 ], [ -86.778015, 33.482387 ], [ -86.782987, 33.484062 ], [ -86.786761, 33.486838 ], [ -86.827201, 33.473803 ], [ -86.838197, 33.471912 ], [ -86.838479, 33.471666 ], [ -86.835501, 33.46736 ], [ -86.83869, 33.466014 ], [ -86.839377, 33.465563 ], [ -86.841599, 33.461001 ], [ -86.841384, 33.460808 ], [ -86.840219, 33.459783 ], [ -86.838884, 33.444654 ], [ -86.834888, 33.444559 ], [ -86.827448, 33.440152 ], [ -86.835511, 33.437338 ], [ -86.841728, 33.433242 ] ] ] ] } },
{ "type": "Feature", "properties": { "geo_id": "0101770", "geo_name": "Houston County School District", "geo_level": "school_district", "year": 2022 }, "geometry": { "type": "MultiPolygon", "coordinates": [ [ [ [ -85.469122, 31.286886 ], [ -85.485826, 31.265303 ], [ -85.485784, 31.256385 ], [ -85.485677, 31.25295 ], [ -85.469122, 31.286886 ] ] ], [ [ [ -85.675113, 31.255562 ], [ -85.692311, 31.210558 ], [ -85.710333, 31.195173 ], [ -85.585733, 31.194875 ], [ -85.48576, 31.199886 ], [ -85.488298, 30.997064 ], [ -85.243632, 31.000884 ], [ -85.002499, 31.000685 ], [ -85.011391, 31.053547 ], [ -85.028573, 31.074583 ], [ -85.037062, 31.109753 ], [ -85.077801, 31.157889 ], [ -85.099647, 31.164942 ], [ -85.106963, 31.202693 ], [ -85.096843, 31.225239 ], [ -85.113261, 31.264343 ], [ -85.087651, 31.308677 ], [ -85.179131, 31.307675 ], [ -85.373496, 31.314519 ], [ -85.365397, 31.270676 ], [ -85.331462, 31.269437 ], [ -85.323116, 31.247095 ], [ -85.333235, 31.178285 ], [ -85.345956, 31.168259 ], [ -85.447361, 31.166891 ], [ -85.458321, 31.197648 ], [ -85.506954, 31.209648 ], [ -85.51128, 31.25062 ], [ -85.546113, 31.253868 ], [ -85.602956, 31.272378 ], [ -85.635307, 31.275555 ], [ -85.675113, 31.255562 ] ] ] ] } },
{ "type": "Feature", "properties": { "geo_id": "0101800", "geo_name": "Huntsville City School District", "geo_level": "school_district", "year": 2022 }, "geometry": { "type": "MultiPolygon", "coordinates": [ [ [ [ -86.491447, 34.605542 ], [ -86.492393, 34.602238 ], [ -86.490335, 34.605527 ], [ -86.491447, 34.605542 ] ] ], [ [ [ -86.714554, 34.74288 ], [ -86.71456, 34.741635 ], [ -86.711331, 34.741593 ], [ -86.708859, 34.741566 ], [ -86.705643, 34.74278 ], [ -86.714482, 34.747604 ], [ -86.714494, 34.746685 ], [ -86.714554, 34.74288 ] ] ], [ [ [ -86.931127, 34.714943 ], [ -86.93116, 34.712522 ], [ -86.868828, 34.700981 ], [ -86.86177, 34.642666 ], [ -86.907163, 34.646044 ], [ -86.905418, 34.642596 ], [ -86.90168, 34.630919 ], [ -86.832018, 34.634239 ], [ -86.845078, 34.566151 ], [ -86.789554, 34.567991 ], [ -86.782364, 34.588051 ], [ -86.749076, 34.593862 ], [ -86.744282, 34.640629 ], [ -86.744334, 34.636494 ], [ -86.717665, 34.64044 ], [ -86.699937, 34.640153 ], [ -86.698486, 34.684052 ], [ -86.667038, 34.709764 ], [ -86.638938, 34.709067 ], [ -86.610014, 34.683412 ], [ -86.610575, 34.661631 ], [ -86.583567, 34.650603 ], [ -86.582999, 34.65059 ], [ -86.581877, 34.649981 ], [ -86.581293, 34.650305 ], [ -86.580755, 34.65055 ], [ -86.580395, 34.650544 ], [ -86.580251, 34.650541 ], [ -86.579983, 34.650536 ], [ -86.582004, 34.649774 ], [ -86.582594, 34.649974 ], [ -86.588427, 34.597423 ], [ -86.535415, 34.549663 ], [ -86.516036, 34.567105 ], [ -86.516078, 34.565834 ], [ -86.499619, 34.586665 ], [ -86.504257, 34.586642 ], [ -86.504098, 34.590325 ], [ -86.502996, 34.603562 ], [ -86.499114, 34.603468 ], [ -86.47629, 34.623163 ], [ -86.444127, 34.623574 ], [ -86.448255, 34.651393 ], [ -86.428192, 34.646895 ], [ -86.426249, 34.646717 ], [ -86.425243, 34.643312 ], [ -86.425223, 34.642731 ], [ -86.443679, 34.66706 ], [ -86.434798, 34.70787 ], [ -86.501491, 34.726395 ], [ -86.514835, 34.755818 ], [ -86.519222, 34.755889 ], [ -86.523964, 34.772497 ], [ -86.521934, 34.772347 ], [ -86.499034, 34.762883 ], [ -86.472874, 34.801975 ], [ -86.49652, 34.81599 ], [ -86.500123, 34.814529 ], [ -86.47408, 34.801231 ], [ -86.520458, 34.773708 ], [ -86.554336, 34.797849 ], [ -86.553717, 34.829163 ], [ -86.624984, 34.829911 ], [ -86.633954, 34.848791 ], [ -86.633975, 34.850524 ], [ -86.633958, 34.85323 ], [ -86.678443, 34.85221 ], [ -86.678299, 34.822772 ], [ -86.651764, 34.800539 ], [ -86.682776, 34.764387 ], [ -86.785868, 34.765512 ], [ -86.785871, 34.763651 ], [ -86.785935, 34.758277 ], [ -86.785868, 34.765589 ], [ -86.785868, 34.766486 ], [ -86.78563, 34.787549 ], [ -86.785389, 34.802152 ], [ -86.795774, 34.800847 ], [ -86.795783, 34.799771 ], [ -86.806382, 34.787924 ], [ -86.785987, 34.754777 ], [ -86.786095, 34.748315 ], [ -86.830277, 34.748678 ], [ -86.831515, 34.748504 ], [ -86.886309, 34.737379 ], [ -86.877782, 34.715427 ], [ -86.92541, 34.71601 ], [ -86.928448, 34.729116 ], [ -86.931116, 34.715274 ], [ -86.931127, 34.714943 ] ], [ [ -86.842188, 34.722105 ], [ -86.848024, 34.722151 ], [ -86.842025, 34.729495 ], [ -86.837466, 34.736934 ], [ -86.835387, 34.736863 ], [ -86.819795, 34.743636 ], [ -86.815493, 34.729212 ], [ -86.815227, 34.739116 ], [ -86.815194, 34.741911 ], [ -86.796078, 34.747506 ], [ -86.794902, 34.747439 ], [ -86.792814, 34.747034 ], [ -86.791707, 34.746925 ], [ -86.786178, 34.743626 ], [ -86.782114, 34.743633 ], [ -86.779327, 34.743626 ], [ -86.771112, 34.743527 ], [ -86.766017, 34.743479 ], [ -86.765296, 34.743472 ], [ -86.763247, 34.743452 ], [ -86.766052, 34.749027 ], [ -86.747394, 34.75797 ], [ -86.740632, 34.754249 ], [ -86.728429, 34.756144 ], [ -86.725167, 34.752494 ], [ -86.716663, 34.75302 ], [ -86.71438, 34.752951 ], [ -86.705643, 34.74278 ], [ -86.707476, 34.731452 ], [ -86.706277, 34.721713 ], [ -86.709552, 34.71603 ], [ -86.708952, 34.716001 ], [ -86.70722, 34.709026 ], [ -86.708096, 34.708425 ], [ -86.708869, 34.708274 ], [ -86.711097, 34.699262 ], [ -86.712941, 34.699134 ], [ -86.738263, 34.669925 ], [ -86.740899, 34.669972 ], [ -86.786881, 34.664246 ], [ -86.786859, 34.66522 ], [ -86.78684, 34.666357 ], [ -86.786835, 34.666792 ], [ -86.786672, 34.676775 ], [ -86.786666, 34.677815 ], [ -86.800721, 34.67373 ], [ -86.80698, 34.675683 ], [ -86.806863, 34.681487 ], [ -86.815659, 34.696917 ], [ -86.815657, 34.697203 ], [ -86.815656, 34.697392 ], [ -86.842188, 34.722105 ] ], [ [ -86.791972, 34.670498 ], [ -86.791888, 34.672216 ], [ -86.790681, 34.671611 ], [ -86.789398, 34.671598 ], [ -86.789417, 34.670476 ], [ -86.791972, 34.670498 ] ], [ [ -86.567942, 34.770701 ], [ -86.563446, 34.772858 ], [ -86.562916, 34.77287 ], [ -86.564611, 34.770604 ], [ -86.567942, 34.770701 ] ], [ [ -86.490513, 34.648287 ], [ -86.49532, 34.662687 ], [ -86.490529, 34.64851 ], [ -86.490513, 34.648287 ] ], [ [ -86.498572, 34.632923 ], [ -86.498985, 34.634042 ], [ -86.498511, 34.633904 ], [ -86.498566, 34.63336 ], [ -86.498572, 34.632923 ] ], [ [ -86.506923, 34.67502 ], [ -86.505959, 34.675928 ], [ -86.505325, 34.675927 ], [ -86.505203, 34.67498 ], [ -86.506923, 34.67502 ] ], [ [ -86.483586, 34.714062 ], [ -86.488393, 34.715191 ], [ -86.488395, 34.715279 ], [ -86.487636, 34.715733 ], [ -86.487635, 34.715159 ], [ -86.483575, 34.71504 ], [ -86.483586, 34.714062 ] ], [ [ -86.475119, 34.652761 ], [ -86.482934, 34.655579 ], [ -86.48288, 34.656419 ], [ -86.484096, 34.657062 ], [ -86.476762, 34.660022 ], [ -86.476291, 34.660024 ], [ -86.475119, 34.652761 ] ], [ [ -86.448032, 34.693081 ], [ -86.445946, 34.687355 ], [ -86.446666, 34.68769 ], [ -86.448032, 34.693081 ] ] ] ] } },
{ "type": "Feature", "properties": { "geo_id": "0101830", "geo_name": "Jackson County School District", "geo_level": "school_district", "year": 2022 }, "geometry": { "type": "Polygon", "coordinates": [ [ [ -86.311274, 34.991098 ], [ -86.293259, 34.945045 ], [ -86.322361, 34.925827 ], [ -86.318819, 34.902131 ], [ -86.351123, 34.873265 ], [ -86.326546, 34.831325 ], [ -86.343541, 34.81706 ], [ -86.339709, 34.7532 ], [ -86.358121, 34.735034 ], [ -86.359034, 34.63261 ], [ -86.326853, 34.599403 ], [ -86.148464, 34.599069 ], [ -86.149806, 34.533633 ], [ -86.104417, 34.506579 ], [ -86.082763, 34.464473 ], [ -86.057712, 34.475994 ], [ -86.00384, 34.480031 ], [ -85.961177, 34.500587 ], [ -85.938544, 34.525354 ], [ -85.785471, 34.624584 ], [ -85.693037, 34.74425 ], [ -85.660198, 34.754963 ], [ -85.634268, 34.798978 ], [ -85.627068, 34.831879 ], [ -85.583145, 34.860371 ], [ -85.605165, 34.984678 ], [ -85.828767, 34.988069 ], [ -86.311274, 34.991098 ] ], [ [ -86.028074, 34.711468 ], [ -85.99072, 34.711575 ], [ -85.982767, 34.677245 ], [ -85.957067, 34.660911 ], [ -86.065774, 34.569107 ], [ -86.099958, 34.573474 ], [ -86.112626, 34.6132 ], [ -86.112389, 34.683042 ], [ -86.051195, 34.69381 ], [ -86.028074, 34.711468 ] ] ] } },
{ "type": "Feature", "properties": { "geo_id": "0101860", "geo_name": "Jacksonville City School District", "geo_level": "school_district", "year": 2022 }, "geometry": { "type": "Polygon", "coordinates": [ [ [ -85.786585, 33.775631 ], [ -85.75578, 33.78182 ], [ -85.737069, 33.799989 ], [ -85.728874, 33.836682 ], [ -85.760601, 33.84043 ], [ -85.780876, 33.825048 ], [ -85.786585, 33.775631 ] ] ] } },
{ "type": "Feature", "properties": { "geo_id": "0101890", "geo_name": "Jasper City School District", "geo_level": "school_district", "year": 2022 }, "geometry": { "type": "Polygon", "coordinates": [ [ [ -87.32727, 33.869654 ], [ -87.30462, 33.851053 ], [ -87.303821, 33.816828 ], [ -87.268837, 33.815419 ], [ -87.248644, 33.799558 ], [ -87.224407, 33.794379 ], [ -87.236572, 33.877131 ], [ -87.258317, 33.889141 ], [ -87.278009, 33.896584 ], [ -87.313433, 33.882386 ], [ -87.320174, 33.855404 ], [ -87.330941, 33.854801 ], [ -87.32727, 33.869654 ] ] ] } },
{ "type": "Feature", "properties": { "geo_id": "0101920", "geo_name": "Jefferson County School District", "geo_level": "school_district", "year": 2022 }, "geometry": { "type": "MultiPolygon", "coordinates": [ [ [ [ -86.551544, 33.594428 ], [ -86.560869, 33.59047 ], [ -86.551581, 33.590319 ], [ -86.551544, 33.594428 ] ] ], [ [ [ -86.567778, 33.523802 ], [ -86.569772, 33.519799 ], [ -86.569254, 33.519474 ], [ -86.56926, 33.517659 ], [ -86.566683, 33.521233 ], [ -86.56662, 33.521232 ], [ -86.565552, 33.521991 ], [ -86.565614, 33.52423 ], [ -86.567778, 33.523802 ] ] ], [ [ [ -86.586986, 33.497323 ], [ -86.587012, 33.496073 ], [ -86.574112, 33.503256 ], [ -86.578309, 33.503287 ], [ -86.584379, 33.498787 ], [ -86.586986, 33.497323 ] ] ], [ [ [ -86.582156, 33.660351 ], [ -86.582883, 33.660462 ], [ -86.58277, 33.659705 ], [ -86.582725, 33.659476 ], [ -86.583594, 33.659306 ], [ -86.583368, 33.659838 ], [ -86.584148, 33.659561 ], [ -86.584266, 33.659416 ], [ -86.582738, 33.658964 ], [ -86.58219, 33.659324 ], [ -86.582156, 33.660351 ] ] ], [ [ [ -86.608674, 33.561624 ], [ -86.608708, 33.558008 ], [ -86.604289, 33.565266 ], [ -86.608674, 33.561624 ] ] ], [ [ [ -86.610773, 33.579761 ], [ -86.615273, 33.561584 ], [ -86.608674, 33.561624 ], [ -86.608667, 33.565251 ], [ -86.586602, 33.576181 ], [ -86.582123, 33.576144 ], [ -86.569223, 33.586154 ], [ -86.582123, 33.576752 ], [ -86.58659, 33.576797 ], [ -86.591547, 33.583396 ], [ -86.595481, 33.583359 ], [ -86.604208, 33.583333 ], [ -86.613013, 33.583458 ], [ -86.613018, 33.583441 ], [ -86.610773, 33.579761 ] ] ], [ [ [ -86.604485, 33.51235 ], [ -86.616222, 33.506977 ], [ -86.616218, 33.50696 ], [ -86.605134, 33.51131 ], [ -86.604485, 33.51235 ] ] ], [ [ [ -86.617812, 33.544584 ], [ -86.608785, 33.543425 ], [ -86.608711, 33.557502 ], [ -86.612402, 33.5582 ], [ -86.612067, 33.557563 ], [ -86.613896, 33.554389 ], [ -86.617812, 33.544584 ] ] ], [ [ [ -86.608509, 33.656378 ], [ -86.604253, 33.660109 ], [ -86.607236, 33.66014 ], [ -86.608509, 33.656378 ] ] ], [ [ [ -86.615617, 33.616425 ], [ -86.619509, 33.612592 ], [ -86.613624, 33.614526 ], [ -86.613576, 33.614454 ], [ -86.6041, 33.617122 ], [ -86.598518, 33.621801 ], [ -86.588257, 33.629977 ], [ -86.587131, 33.631059 ], [ -86.567836, 33.64614 ], [ -86.564858, 33.647856 ], [ -86.540415, 33.665394 ], [ -86.534031, 33.66329 ], [ -86.527481, 33.663457 ], [ -86.525393, 33.670261 ], [ -86.525273, 33.702743 ], [ -86.54206, 33.692365 ], [ -86.542779, 33.691582 ], [ -86.553606, 33.681391 ], [ -86.55074, 33.681854 ], [ -86.55211, 33.677944 ], [ -86.550458, 33.677685 ], [ -86.569358, 33.664348 ], [ -86.569351, 33.662936 ], [ -86.569358, 33.661241 ], [ -86.539345, 33.668196 ], [ -86.580201, 33.639292 ], [ -86.580773, 33.638612 ], [ -86.58259, 33.637636 ], [ -86.584917, 33.649525 ], [ -86.584625, 33.635975 ], [ -86.584574, 33.634451 ], [ -86.586315, 33.63414 ], [ -86.587473, 33.632591 ], [ -86.587476, 33.63166 ], [ -86.588096, 33.631747 ], [ -86.588554, 33.631303 ], [ -86.598913, 33.62234 ], [ -86.599659, 33.622109 ], [ -86.60405, 33.619638 ], [ -86.611701, 33.616023 ], [ -86.611752, 33.61604 ], [ -86.612398, 33.615482 ], [ -86.613764, 33.616005 ], [ -86.615617, 33.616425 ] ] ], [ [ [ -86.621726, 33.555605 ], [ -86.621749, 33.550069 ], [ -86.614667, 33.554344 ], [ -86.61602, 33.554333 ], [ -86.616334, 33.554333 ], [ -86.617807, 33.554318 ], [ -86.621726, 33.555605 ] ] ], [ [ [ -86.625977, 33.637542 ], [ -86.627773, 33.634051 ], [ -86.626706, 33.63387 ], [ -86.62611, 33.634597 ], [ -86.625977, 33.637542 ] ] ], [ [ [ -86.624005, 33.466856 ], [ -86.630448, 33.466808 ], [ -86.626359, 33.466809 ], [ -86.624005, 33.466856 ] ] ], [ [ [ -86.631293, 33.63206 ], [ -86.621403, 33.631413 ], [ -86.620485, 33.631413 ], [ -86.621656, 33.636112 ], [ -86.620598, 33.637121 ], [ -86.621565, 33.638444 ], [ -86.621816, 33.638042 ], [ -86.622303, 33.637288 ], [ -86.622789, 33.637544 ], [ -86.622741, 33.636631 ], [ -86.623011, 33.636311 ], [ -86.623628, 33.63574 ], [ -86.628045, 33.633493 ], [ -86.628852, 33.633927 ], [ -86.630117, 33.632487 ], [ -86.631293, 33.63206 ] ] ], [ [ [ -86.628231, 33.594366 ], [ -86.630446, 33.578866 ], [ -86.6055, 33.590596 ], [ -86.604371, 33.59059 ], [ -86.595916, 33.594257 ], [ -86.597711, 33.597026 ], [ -86.59544, 33.598989 ], [ -86.591168, 33.60195 ], [ -86.586613, 33.606071 ], [ -86.582756, 33.608286 ], [ -86.576398, 33.606869 ], [ -86.573568, 33.605628 ], [ -86.56841, 33.60183 ], [ -86.564117, 33.607047 ], [ -86.560689, 33.609803 ], [ -86.551473, 33.60776 ], [ -86.533686, 33.634382 ], [ -86.533633, 33.637194 ], [ -86.538317, 33.639872 ], [ -86.55516, 33.626564 ], [ -86.560219, 33.620137 ], [ -86.569379, 33.620324 ], [ -86.577407, 33.620311 ], [ -86.560764, 33.613254 ], [ -86.568507, 33.607498 ], [ -86.575566, 33.60769 ], [ -86.582877, 33.608618 ], [ -86.583867, 33.608072 ], [ -86.585292, 33.608546 ], [ -86.586144, 33.608143 ], [ -86.596466, 33.59988 ], [ -86.604338, 33.597639 ], [ -86.606033, 33.590599 ], [ -86.628231, 33.594366 ] ] ], [ [ [ -86.602325, 33.532542 ], [ -86.617635, 33.505239 ], [ -86.617667, 33.506956 ], [ -86.604487, 33.517732 ], [ -86.604487, 33.517906 ], [ -86.591391, 33.528865 ], [ -86.594506, 33.532552 ], [ -86.602325, 33.532542 ] ] ], [ [ [ -86.647681, 33.612677 ], [ -86.651878, 33.598104 ], [ -86.648498, 33.598771 ], [ -86.64809, 33.59804 ], [ -86.647681, 33.612677 ] ] ], [ [ [ -86.690496, 33.495657 ], [ -86.696065, 33.492298 ], [ -86.696065, 33.492247 ], [ -86.690414, 33.49566 ], [ -86.690496, 33.495657 ] ] ], [ [ [ -86.696065, 33.492247 ], [ -86.698211, 33.491896 ], [ -86.697072, 33.490658 ], [ -86.695438, 33.490923 ], [ -86.696065, 33.492247 ] ] ], [ [ [ -86.700123, 33.488806 ], [ -86.696563, 33.487881 ], [ -86.697815, 33.488913 ], [ -86.698166, 33.488949 ], [ -86.700123, 33.488806 ] ] ], [ [ [ -86.707258, 33.452741 ], [ -86.707586, 33.452392 ], [ -86.677875, 33.459098 ], [ -86.665551, 33.477422 ], [ -86.707258, 33.452741 ] ] ], [ [ [ -86.725616, 33.515372 ], [ -86.726036, 33.514943 ], [ -86.721571, 33.514831 ], [ -86.70068, 33.517951 ], [ -86.692613, 33.519452 ], [ -86.693708, 33.522203 ], [ -86.691711, 33.520974 ], [ -86.691693, 33.51046 ], [ -86.700427, 33.507336 ], [ -86.698832, 33.507724 ], [ -86.703274, 33.510717 ], [ -86.703287, 33.510236 ], [ -86.712876, 33.507058 ], [ -86.71319, 33.506878 ], [ -86.713829, 33.506483 ], [ -86.718629, 33.503534 ], [ -86.718275, 33.503757 ], [ -86.70298, 33.503408 ], [ -86.701344, 33.500271 ], [ -86.701382, 33.499926 ], [ -86.701405, 33.499703 ], [ -86.701302, 33.499634 ], [ -86.701491, 33.49935 ], [ -86.701517, 33.499311 ], [ -86.703617, 33.496165 ], [ -86.67544, 33.502542 ], [ -86.661326, 33.501019 ], [ -86.661339, 33.49949 ], [ -86.656792, 33.499526 ], [ -86.65679, 33.499577 ], [ -86.656774, 33.500109 ], [ -86.63053, 33.532345 ], [ -86.63561, 33.580052 ], [ -86.656592, 33.554205 ], [ -86.704848, 33.554629 ], [ -86.725616, 33.515372 ] ] ], [ [ [ -86.674142, 33.510744 ], [ -86.674161, 33.516664 ], [ -86.67416, 33.514984 ], [ -86.67416, 33.514641 ], [ -86.674142, 33.510744 ] ] ], [ [ [ -86.730669, 33.428849 ], [ -86.730264, 33.428139 ], [ -86.730092, 33.427504 ], [ -86.730013, 33.427483 ], [ -86.72978, 33.428382 ], [ -86.730669, 33.428849 ] ] ], [ [ [ -86.741807, 33.459518 ], [ -86.742392, 33.459044 ], [ -86.741299, 33.45865 ], [ -86.741145, 33.458673 ], [ -86.741807, 33.459518 ] ] ], [ [ [ -86.749255, 33.460649 ], [ -86.748681, 33.457992 ], [ -86.747499, 33.456106 ], [ -86.746742, 33.457763 ], [ -86.747165, 33.460127 ], [ -86.749255, 33.460649 ] ] ], [ [ [ -86.748995, 33.419161 ], [ -86.749878, 33.417145 ], [ -86.749206, 33.417122 ], [ -86.749009, 33.417115 ], [ -86.749138, 33.417283 ], [ -86.749284, 33.417399 ], [ -86.749091, 33.417884 ], [ -86.748995, 33.419161 ] ] ], [ [ [ -86.752007, 33.435133 ], [ -86.754053, 33.43462 ], [ -86.753519, 33.434259 ], [ -86.752923, 33.434394 ], [ -86.752689, 33.434448 ], [ -86.752007, 33.435133 ] ] ], [ [ [ -86.755408, 33.462797 ], [ -86.753745, 33.462815 ], [ -86.752688, 33.464248 ], [ -86.753161, 33.464265 ], [ -86.754105, 33.463186 ], [ -86.754644, 33.46341 ], [ -86.754565, 33.462995 ], [ -86.754882, 33.463276 ], [ -86.755408, 33.462797 ] ] ], [ [ [ -86.757386, 33.432859 ], [ -86.756701, 33.431985 ], [ -86.756144, 33.432428 ], [ -86.756691, 33.432807 ], [ -86.757386, 33.432859 ] ] ], [ [ [ -86.761759, 33.461275 ], [ -86.758616, 33.460811 ], [ -86.757946, 33.461481 ], [ -86.759701, 33.469689 ], [ -86.761685, 33.468173 ], [ -86.761691, 33.467565 ], [ -86.761759, 33.461275 ] ] ], [ [ [ -86.762496, 33.424121 ], [ -86.76258, 33.423603 ], [ -86.762582, 33.423292 ], [ -86.761902, 33.422448 ], [ -86.761295, 33.422125 ], [ -86.761554, 33.423556 ], [ -86.762496, 33.424121 ] ] ], [ [ [ -86.762335, 33.419451 ], [ -86.76288, 33.419056 ], [ -86.762355, 33.419048 ], [ -86.762335, 33.419451 ] ] ], [ [ [ -86.757342, 33.442496 ], [ -86.761629, 33.438322 ], [ -86.761394, 33.438239 ], [ -86.761377, 33.438956 ], [ -86.759512, 33.439773 ], [ -86.754734, 33.435108 ], [ -86.754673, 33.43522 ], [ -86.755165, 33.435733 ], [ -86.755142, 33.436117 ], [ -86.755141, 33.43627 ], [ -86.755141, 33.436352 ], [ -86.756375, 33.436423 ], [ -86.754253, 33.438802 ], [ -86.754143, 33.440488 ], [ -86.754132, 33.440488 ], [ -86.753017, 33.4424 ], [ -86.756022, 33.442149 ], [ -86.756455, 33.442408 ], [ -86.756719, 33.44262 ], [ -86.757068, 33.442627 ], [ -86.757342, 33.442496 ] ], [ [ -86.754381, 33.440494 ], [ -86.754736, 33.441349 ], [ -86.754277, 33.441339 ], [ -86.754381, 33.440494 ] ] ], [ [ [ -86.764531, 33.42325 ], [ -86.764527, 33.422926 ], [ -86.763261, 33.423144 ], [ -86.764531, 33.42325 ] ] ], [ [ [ -86.764587, 33.418479 ], [ -86.764639, 33.417575 ], [ -86.764063, 33.41838 ], [ -86.764587, 33.418479 ] ] ], [ [ [ -86.7655, 33.420437 ], [ -86.765478, 33.419975 ], [ -86.764911, 33.41998 ], [ -86.7655, 33.420437 ] ] ], [ [ [ -86.764983, 33.466198 ], [ -86.765569, 33.465657 ], [ -86.765179, 33.465598 ], [ -86.764983, 33.466198 ] ] ], [ [ [ -86.768479, 33.436856 ], [ -86.768306, 33.435925 ], [ -86.768025, 33.436369 ], [ -86.768479, 33.436856 ] ] ], [ [ [ -86.764271, 33.423444 ], [ -86.768691, 33.422402 ], [ -86.768088, 33.422067 ], [ -86.767581, 33.41934 ], [ -86.765756, 33.419993 ], [ -86.764638, 33.423923 ], [ -86.764531, 33.42325 ], [ -86.764271, 33.423444 ] ] ], [ [ [ -86.769836, 33.433857 ], [ -86.770109, 33.432439 ], [ -86.770083, 33.431908 ], [ -86.769509, 33.433614 ], [ -86.769836, 33.433857 ] ] ], [ [ [ -86.770503, 33.416216 ], [ -86.771287, 33.41571 ], [ -86.769801, 33.416052 ], [ -86.770503, 33.416216 ] ] ], [ [ [ -86.771287, 33.41571 ], [ -86.77209, 33.415299 ], [ -86.771391, 33.415228 ], [ -86.771287, 33.41571 ] ] ], [ [ [ -86.767601, 33.477867 ], [ -86.772255, 33.477219 ], [ -86.771907, 33.476832 ], [ -86.770069, 33.471839 ], [ -86.770192, 33.471674 ], [ -86.770168, 33.471545 ], [ -86.765683, 33.472045 ], [ -86.765275, 33.471975 ], [ -86.764383, 33.473022 ], [ -86.764115, 33.47579 ], [ -86.766299, 33.477497 ], [ -86.767601, 33.477867 ] ] ], [ [ [ -86.772509, 33.423885 ], [ -86.773003, 33.423553 ], [ -86.772448, 33.423545 ], [ -86.772509, 33.423885 ] ] ], [ [ [ -86.77209, 33.415299 ], [ -86.774027, 33.416835 ], [ -86.773293, 33.417167 ], [ -86.774088, 33.413831 ], [ -86.765073, 33.409798 ], [ -86.763693, 33.410645 ], [ -86.764499, 33.410804 ], [ -86.764257, 33.411577 ], [ -86.765012, 33.411699 ], [ -86.765037, 33.411681 ], [ -86.763924, 33.413929 ], [ -86.763933, 33.414542 ], [ -86.767245, 33.413011 ], [ -86.769441, 33.412138 ], [ -86.770367, 33.413259 ], [ -86.772562, 33.413594 ], [ -86.77209, 33.415299 ] ] ], [ [ [ -86.774594, 33.429194 ], [ -86.777115, 33.426344 ], [ -86.776648, 33.424778 ], [ -86.774066, 33.427998 ], [ -86.772498, 33.428034 ], [ -86.772839, 33.426965 ], [ -86.770298, 33.429864 ], [ -86.774594, 33.429194 ] ] ], [ [ [ -86.778015, 33.482387 ], [ -86.77679, 33.48158 ], [ -86.776776, 33.482344 ], [ -86.778015, 33.482387 ] ] ], [ [ [ -86.77666, 33.420015 ], [ -86.777425, 33.418708 ], [ -86.777477, 33.417886 ], [ -86.77657, 33.418068 ], [ -86.77422, 33.417961 ], [ -86.775097, 33.418344 ], [ -86.77666, 33.420015 ] ] ], [ [ [ -86.778526, 33.41571 ], [ -86.77847, 33.41407 ], [ -86.7781, 33.413976 ], [ -86.778449, 33.413124 ], [ -86.777656, 33.413871 ], [ -86.778526, 33.41571 ] ] ], [ [ [ -86.77467, 33.388649 ], [ -86.779288, 33.388801 ], [ -86.778388, 33.386924 ], [ -86.77467, 33.388649 ] ] ], [ [ [ -86.782188, 33.407009 ], [ -86.782994, 33.405972 ], [ -86.782459, 33.405928 ], [ -86.782571, 33.405608 ], [ -86.782515, 33.405586 ], [ -86.782188, 33.407009 ] ] ], [ [ [ -86.782889, 33.404984 ], [ -86.783082, 33.404688 ], [ -86.782778, 33.404905 ], [ -86.782889, 33.404984 ] ] ], [ [ [ -86.783462, 33.458464 ], [ -86.783821, 33.457728 ], [ -86.780021, 33.461238 ], [ -86.783521, 33.458693 ], [ -86.783462, 33.458464 ] ] ], [ [ [ -86.785082, 33.447904 ], [ -86.779362, 33.446893 ], [ -86.769643, 33.455792 ], [ -86.771545, 33.45561 ], [ -86.772696, 33.45545 ], [ -86.779055, 33.455714 ], [ -86.785082, 33.447904 ] ] ], [ [ [ -86.786706, 33.456499 ], [ -86.786627, 33.455756 ], [ -86.786123, 33.456049 ], [ -86.78561, 33.45671 ], [ -86.786706, 33.456499 ] ] ], [ [ [ -86.791782, 33.455235 ], [ -86.788924, 33.455437 ], [ -86.788721, 33.456124 ], [ -86.788817, 33.456103 ], [ -86.791782, 33.455235 ] ] ], [ [ [ -86.805922, 33.44646 ], [ -86.806599, 33.446193 ], [ -86.806596, 33.445761 ], [ -86.80591, 33.445767 ], [ -86.805922, 33.44646 ] ] ], [ [ [ -86.808611, 33.422892 ], [ -86.807538, 33.418498 ], [ -86.806888, 33.418489 ], [ -86.806499, 33.418483 ], [ -86.808611, 33.422892 ] ] ], [ [ [ -86.807791, 33.443901 ], [ -86.810212, 33.442934 ], [ -86.808165, 33.441615 ], [ -86.808569, 33.44262 ], [ -86.807791, 33.443901 ] ] ], [ [ [ -86.811904, 33.443088 ], [ -86.820326, 33.440008 ], [ -86.813586, 33.440298 ], [ -86.812552, 33.442152 ], [ -86.812462, 33.440287 ], [ -86.811904, 33.443088 ] ] ], [ [ [ -86.824447, 33.417362 ], [ -86.82518, 33.416757 ], [ -86.82381, 33.417349 ], [ -86.824447, 33.417362 ] ] ], [ [ [ -86.823596, 33.434767 ], [ -86.830335, 33.432127 ], [ -86.815834, 33.423035 ], [ -86.815294, 33.422517 ], [ -86.814947, 33.420995 ], [ -86.814942, 33.42094 ], [ -86.816827, 33.416184 ], [ -86.813571, 33.415683 ], [ -86.812895, 33.41494 ], [ -86.811097, 33.41481 ], [ -86.808581, 33.414844 ], [ -86.80866, 33.416705 ], [ -86.80988, 33.416896 ], [ -86.81015, 33.417631 ], [ -86.812298, 33.417413 ], [ -86.812705, 33.418557 ], [ -86.812747, 33.420359 ], [ -86.81291, 33.420612 ], [ -86.813423, 33.422161 ], [ -86.814075, 33.422475 ], [ -86.813067, 33.433537 ], [ -86.823596, 33.434767 ] ] ], [ [ [ -86.830632, 33.338407 ], [ -86.83065, 33.336219 ], [ -86.830642, 33.337113 ], [ -86.830641, 33.337341 ], [ -86.830632, 33.338407 ] ] ], [ [ [ -86.808693, 33.411499 ], [ -86.786981, 33.398665 ], [ -86.778543, 33.37114 ], [ -86.778388, 33.386316 ], [ -86.77289, 33.388607 ], [ -86.769863, 33.388533 ], [ -86.761023, 33.388321 ], [ -86.762923, 33.396786 ], [ -86.76095, 33.404119 ], [ -86.752344, 33.416031 ], [ -86.752343, 33.416469 ], [ -86.750028, 33.420692 ], [ -86.748414, 33.420954 ], [ -86.742182, 33.416886 ], [ -86.727722, 33.416432 ], [ -86.719755, 33.423533 ], [ -86.730275, 33.434664 ], [ -86.731054, 33.434677 ], [ -86.729571, 33.431035 ], [ -86.727608, 33.428182 ], [ -86.72884, 33.427388 ], [ -86.734064, 33.426015 ], [ -86.733806, 33.426617 ], [ -86.733918, 33.426649 ], [ -86.735413, 33.427109 ], [ -86.735703, 33.426335 ], [ -86.737764, 33.425542 ], [ -86.737162, 33.425243 ], [ -86.737255, 33.425227 ], [ -86.738594, 33.424848 ], [ -86.73866, 33.42483 ], [ -86.739188, 33.424161 ], [ -86.736402, 33.425137 ], [ -86.73614, 33.422924 ], [ -86.737975, 33.422608 ], [ -86.735913, 33.422556 ], [ -86.737209, 33.421994 ], [ -86.736396, 33.421779 ], [ -86.735439, 33.421574 ], [ -86.73703, 33.420743 ], [ -86.738232, 33.421729 ], [ -86.739721, 33.421141 ], [ -86.741778, 33.424053 ], [ -86.741767, 33.424711 ], [ -86.740354, 33.424478 ], [ -86.740258, 33.424194 ], [ -86.740828, 33.426566 ], [ -86.741403, 33.427469 ], [ -86.740876, 33.428832 ], [ -86.739666, 33.427724 ], [ -86.738577, 33.429253 ], [ -86.73914, 33.429968 ], [ -86.739173, 33.430033 ], [ -86.740023, 33.430363 ], [ -86.739919, 33.430539 ], [ -86.739325, 33.43413 ], [ -86.741897, 33.434683 ], [ -86.742375, 33.434918 ], [ -86.742568, 33.435278 ], [ -86.741718, 33.436407 ], [ -86.7412, 33.436408 ], [ -86.745919, 33.439596 ], [ -86.750378, 33.438576 ], [ -86.75011, 33.437207 ], [ -86.75008, 33.437157 ], [ -86.752096, 33.433642 ], [ -86.752926, 33.433963 ], [ -86.751323, 33.431468 ], [ -86.752569, 33.429557 ], [ -86.755013, 33.430633 ], [ -86.755613, 33.430037 ], [ -86.758293, 33.431305 ], [ -86.761477, 33.428176 ], [ -86.758378, 33.427153 ], [ -86.75802, 33.427094 ], [ -86.758216, 33.426322 ], [ -86.754717, 33.426395 ], [ -86.755903, 33.42704 ], [ -86.752551, 33.42627 ], [ -86.752029, 33.426468 ], [ -86.750932, 33.425877 ], [ -86.751166, 33.42552 ], [ -86.751541, 33.425027 ], [ -86.752418, 33.42386 ], [ -86.754615, 33.421821 ], [ -86.757934, 33.422208 ], [ -86.752783, 33.420731 ], [ -86.761111, 33.420281 ], [ -86.761706, 33.419786 ], [ -86.761678, 33.419056 ], [ -86.760911, 33.418439 ], [ -86.764321, 33.41512 ], [ -86.762079, 33.415077 ], [ -86.762019, 33.415076 ], [ -86.761934, 33.41449 ], [ -86.762038, 33.414379 ], [ -86.76223, 33.414499 ], [ -86.764326, 33.41225 ], [ -86.764419, 33.412075 ], [ -86.763214, 33.410863 ], [ -86.762019, 33.410282 ], [ -86.763218, 33.409955 ], [ -86.764515, 33.409208 ], [ -86.78848, 33.404512 ], [ -86.788651, 33.405024 ], [ -86.78867, 33.405071 ], [ -86.791394, 33.406751 ], [ -86.792334, 33.407579 ], [ -86.792667, 33.407701 ], [ -86.795597, 33.40834 ], [ -86.795722, 33.408999 ], [ -86.798534, 33.410616 ], [ -86.800014, 33.410657 ], [ -86.800011, 33.410714 ], [ -86.802518, 33.411259 ], [ -86.808693, 33.411499 ] ], [ [ -86.763273, 33.410925 ], [ -86.763721, 33.411361 ], [ -86.763314, 33.410968 ], [ -86.763273, 33.410925 ] ], [ [ -86.748537, 33.431393 ], [ -86.748183, 33.432094 ], [ -86.746766, 33.43224 ], [ -86.748387, 33.425091 ], [ -86.748537, 33.431393 ] ] ], [ [ [ -86.899748, 33.313113 ], [ -86.900911, 33.307755 ], [ -86.900071, 33.307763 ], [ -86.899743, 33.311498 ], [ -86.899748, 33.313113 ] ] ], [ [ [ -86.917371, 33.386511 ], [ -86.888412, 33.369537 ], [ -86.886805, 33.369499 ], [ -86.878058, 33.369302 ], [ -86.874534, 33.368891 ], [ -86.87843, 33.361351 ], [ -86.87822, 33.360711 ], [ -86.882471, 33.358776 ], [ -86.876942, 33.354827 ], [ -86.87621, 33.355595 ], [ -86.876117, 33.355632 ], [ -86.87583, 33.355692 ], [ -86.871575, 33.363349 ], [ -86.868867, 33.368944 ], [ -86.868542, 33.369581 ], [ -86.868245, 33.370164 ], [ -86.867745, 33.371147 ], [ -86.865249, 33.375701 ], [ -86.86029, 33.376196 ], [ -86.885671, 33.383477 ], [ -86.892508, 33.383663 ], [ -86.896814, 33.38378 ], [ -86.897164, 33.38379 ], [ -86.89416, 33.398964 ], [ -86.908738, 33.384226 ], [ -86.910411, 33.384208 ], [ -86.917371, 33.386511 ] ] ], [ [ [ -87.266923, 33.512929 ], [ -87.285024, 33.485785 ], [ -87.330816, 33.491501 ], [ -87.335577, 33.456251 ], [ -87.284363, 33.440578 ], [ -87.232045, 33.395137 ], [ -87.231999, 33.365851 ], [ -87.197584, 33.358134 ], [ -87.179638, 33.321112 ], [ -87.126756, 33.290844 ], [ -87.087497, 33.290675 ], [ -87.065754, 33.275937 ], [ -87.065738, 33.246907 ], [ -87.026846, 33.246459 ], [ -86.982887, 33.246007 ], [ -86.969575, 33.267474 ], [ -86.926151, 33.289397 ], [ -86.926137, 33.294223 ], [ -86.926135, 33.295098 ], [ -86.923761, 33.29656 ], [ -86.923348, 33.296553 ], [ -86.921959, 33.296529 ], [ -86.903439, 33.307732 ], [ -86.908618, 33.333177 ], [ -86.912974, 33.325928 ], [ -86.961221, 33.337002 ], [ -86.987523, 33.354695 ], [ -86.987529, 33.355215 ], [ -86.991975, 33.351997 ], [ -86.991976, 33.350332 ], [ -86.995939, 33.334439 ], [ -87.014162, 33.361535 ], [ -87.057519, 33.341831 ], [ -87.058137, 33.378086 ], [ -87.038386, 33.3929 ], [ -86.996501, 33.398702 ], [ -86.996541, 33.40412 ], [ -86.968521, 33.418361 ], [ -86.967816, 33.418384 ], [ -86.96794, 33.419519 ], [ -86.966402, 33.440689 ], [ -86.965997, 33.441733 ], [ -86.935322, 33.435246 ], [ -86.922555, 33.447912 ], [ -86.939138, 33.464674 ], [ -86.918334, 33.493437 ], [ -86.918528, 33.493738 ], [ -86.920635, 33.492663 ], [ -86.920589, 33.49214 ], [ -86.927587, 33.493436 ], [ -86.927912, 33.49387 ], [ -86.930951, 33.496773 ], [ -86.932992, 33.495255 ], [ -86.9347, 33.494945 ], [ -86.938995, 33.491813 ], [ -86.939749, 33.490893 ], [ -86.941175, 33.492855 ], [ -86.940813, 33.493992 ], [ -86.92926, 33.522742 ], [ -86.870084, 33.562406 ], [ -86.883126, 33.624204 ], [ -86.848479, 33.627287 ], [ -86.852298, 33.587401 ], [ -86.839541, 33.568891 ], [ -86.788217, 33.574856 ], [ -86.778363, 33.622019 ], [ -86.749943, 33.611963 ], [ -86.74575, 33.603111 ], [ -86.72638, 33.638991 ], [ -86.704515, 33.633138 ], [ -86.699335, 33.625602 ], [ -86.701796, 33.621752 ], [ -86.654318, 33.627485 ], [ -86.653085, 33.628164 ], [ -86.653805, 33.627124 ], [ -86.648583, 33.622693 ], [ -86.630509, 33.644163 ], [ -86.627207, 33.649819 ], [ -86.626496, 33.6565 ], [ -86.622437, 33.660001 ], [ -86.620941, 33.667308 ], [ -86.600359, 33.687269 ], [ -86.597898, 33.685841 ], [ -86.587409, 33.68726 ], [ -86.588235, 33.687265 ], [ -86.552, 33.699752 ], [ -86.55165, 33.696421 ], [ -86.542435, 33.695987 ], [ -86.544007, 33.698908 ], [ -86.539433, 33.707471 ], [ -86.539354, 33.711198 ], [ -86.536672, 33.711204 ], [ -86.535439, 33.71126 ], [ -86.525794, 33.711322 ], [ -86.52503, 33.71131 ], [ -86.542642, 33.735636 ], [ -86.542758, 33.765154 ], [ -86.577799, 33.765316 ], [ -86.64529, 33.773012 ], [ -86.759144, 33.840617 ], [ -86.883947, 33.843237 ], [ -86.936537, 33.81531 ], [ -86.953664, 33.815297 ], [ -86.970928, 33.786462 ], [ -87.005965, 33.787237 ], [ -87.023286, 33.772727 ], [ -87.023355, 33.743576 ], [ -87.040638, 33.728969 ], [ -87.039793, 33.685356 ], [ -87.057757, 33.656363 ], [ -87.0927, 33.656873 ], [ -87.092734, 33.635133 ], [ -87.092733, 33.62785 ], [ -87.144473, 33.628198 ], [ -87.17943, 33.613794 ], [ -87.204577, 33.578835 ], [ -87.210029, 33.538732 ], [ -87.232599, 33.539383 ], [ -87.266923, 33.512929 ] ], [ [ -86.7624, 33.468189 ], [ -86.765907, 33.467893 ], [ -86.765526, 33.467933 ], [ -86.7624, 33.468189 ] ], [ [ -86.909168, 33.445928 ], [ -86.920636, 33.4499 ], [ -86.907788, 33.446796 ], [ -86.907863, 33.446827 ], [ -86.909168, 33.445928 ] ] ] ] } },
{ "type": "Feature", "properties": { "geo_id": "0101950", "geo_name": "Lamar County School District", "geo_level": "school_district", "year": 2022 }, "geometry": { "type": "Polygon", "coordinates": [ [ [ -88.248916, 33.744977 ], [ -88.274619, 33.534008 ], [ -87.946519, 33.524065 ], [ -87.947203, 33.700439 ], [ -87.951785, 33.91993 ], [ -87.951929, 34.022202 ], [ -87.98743, 34.022903 ], [ -87.98693, 34.052102 ], [ -88.207229, 34.058333 ], [ -88.248916, 33.744977 ] ] ] } },
{ "type": "Feature", "properties": { "geo_id": "0101980", "geo_name": "Lanett City School District", "geo_level": "school_district", "year": 2022 }, "geometry": { "type": "Polygon", "coordinates": [ [ [ -85.2147, 32.868191 ], [ -85.215311, 32.838821 ], [ -85.178508, 32.854664 ], [ -85.184887, 32.863446 ], [ -85.185349, 32.873323 ], [ -85.186989, 32.881642 ], [ -85.205794, 32.886125 ], [ -85.214635, 32.872677 ], [ -85.214607, 32.871782 ], [ -85.2147, 32.868191 ] ] ] } },
{ "type": "Feature", "properties": { "geo_id": "0102010", "geo_name": "Lauderdale County School District", "geo_level": "school_district", "year": 2022 }, "geometry": { "type": "Polygon", "coordinates": [ [ [ -87.210759, 34.999024 ], [ -87.429968, 35.002791 ], [ -87.662256, 35.003537 ], [ -88.000032, 35.005942 ], [ -88.202959, 35.008028 ], [ -88.200064, 34.995634 ], [ -88.152413, 34.919741 ], [ -88.097888, 34.892202 ], [ -88.050792, 34.90618 ], [ -87.973222, 34.88255 ], [ -87.937212, 34.847365 ], [ -87.92029, 34.804468 ], [ -87.835833, 34.741239 ], [ -87.806963, 34.732061 ], [ -87.7603, 34.735578 ], [ -87.72836, 34.749309 ], [ -87.707572, 34.772919 ], [ -87.613694, 34.79903 ], [ -87.580637, 34.821802 ], [ -87.524363, 34.832384 ], [ -87.479966, 34.812626 ], [ -87.42651, 34.800022 ], [ -87.370249, 34.804992 ], [ -87.344224, 34.796493 ], [ -87.297905, 34.750812 ], [ -87.260676, 34.758626 ], [ -87.278302, 34.773563 ], [ -87.214914, 34.816011 ], [ -87.210759, 34.999024 ] ], [ [ -87.668594, 34.789638 ], [ -87.711775, 34.783069 ], [ -87.716659, 34.82831 ], [ -87.666649, 34.885299 ], [ -87.664819, 34.885298 ], [ -87.625499, 34.849376 ], [ -87.618034, 34.808301 ], [ -87.668397, 34.790009 ], [ -87.669262, 34.790837 ], [ -87.669484, 34.790558 ], [ -87.668594, 34.789638 ] ] ] } },
{ "type": "Feature", "properties": { "geo_id": "0102040", "geo_name": "Lawrence County School District", "geo_level": "school_district", "year": 2022 }, "geometry": { "type": "Polygon", "coordinates": [ [ [ -87.529667, 34.567081 ], [ -87.529722, 34.304598 ], [ -87.302487, 34.299401 ], [ -87.109911, 34.299299 ], [ -87.110111, 34.313799 ], [ -87.105499, 34.635693 ], [ -87.105455, 34.649417 ], [ -87.105073, 34.686037 ], [ -87.138858, 34.724101 ], [ -87.229721, 34.764031 ], [ -87.260676, 34.758626 ], [ -87.297905, 34.750812 ], [ -87.344224, 34.796493 ], [ -87.370249, 34.804992 ], [ -87.42651, 34.800022 ], [ -87.43306, 34.717485 ], [ -87.451922, 34.695082 ], [ -87.449765, 34.64891 ], [ -87.476249, 34.65131 ], [ -87.504258, 34.616616 ], [ -87.507342, 34.586491 ], [ -87.529667, 34.567081 ] ] ] } },
{ "type": "Feature", "properties": { "geo_id": "0102070", "geo_name": "Lee County School District", "geo_level": "school_district", "year": 2022 }, "geometry": { "type": "MultiPolygon", "coordinates": [ [ [ [ -85.432333, 32.595273 ], [ -85.422359, 32.593978 ], [ -85.422525, 32.593881 ], [ -85.424621, 32.59446 ], [ -85.424963, 32.595584 ], [ -85.425324, 32.595509 ], [ -85.432126, 32.595218 ], [ -85.432226, 32.59527 ], [ -85.432333, 32.595273 ] ] ], [ [ [ -85.456219, 32.657025 ], [ -85.460817, 32.638702 ], [ -85.458032, 32.638715 ], [ -85.45656, 32.635974 ], [ -85.451803, 32.639369 ], [ -85.445304, 32.640904 ], [ -85.443888, 32.643115 ], [ -85.439458, 32.643115 ], [ -85.45178, 32.65347 ], [ -85.454848, 32.650805 ], [ -85.456219, 32.657025 ] ] ], [ [ [ -85.490662, 32.730629 ], [ -85.48735, 32.685876 ], [ -85.487314, 32.685517 ], [ -85.489784, 32.680748 ], [ -85.490151, 32.680695 ], [ -85.491062, 32.679103 ], [ -85.487525, 32.672732 ], [ -85.472691, 32.664879 ], [ -85.456981, 32.668421 ], [ -85.456847, 32.711505 ], [ -85.417804, 32.722145 ], [ -85.417806, 32.722008 ], [ -85.391097, 32.727644 ], [ -85.379005, 32.716364 ], [ -85.319763, 32.716153 ], [ -85.30918, 32.730731 ], [ -85.456265, 32.730341 ], [ -85.473596, 32.730477 ], [ -85.490662, 32.730629 ] ] ], [ [ [ -85.481742, 32.636637 ], [ -85.500138, 32.642891 ], [ -85.492258, 32.63593 ], [ -85.491883, 32.635978 ], [ -85.481742, 32.636637 ] ] ], [ [ [ -85.513027, 32.651358 ], [ -85.507815, 32.642133 ], [ -85.509545, 32.645133 ], [ -85.509363, 32.652118 ], [ -85.513027, 32.651358 ] ] ], [ [ [ -85.593151, 32.72853 ], [ -85.610253, 32.713929 ], [ -85.679854, 32.71253 ], [ -85.696755, 32.697429 ], [ -85.695854, 32.595933 ], [ -85.661053, 32.567935 ], [ -85.489348, 32.496937 ], [ -85.438575, 32.49709 ], [ -85.434045, 32.40984 ], [ -85.330143, 32.410842 ], [ -85.333843, 32.468639 ], [ -85.093812, 32.472056 ], [ -85.08908, 32.47217 ], [ -85.086953, 32.472278 ], [ -85.060203, 32.491822 ], [ -85.06032, 32.494903 ], [ -85.060508, 32.498722 ], [ -85.051146, 32.509346 ], [ -85.068188, 32.520687 ], [ -85.071216, 32.521186 ], [ -85.075902, 32.523496 ], [ -85.07732, 32.523464 ], [ -85.077648, 32.523877 ], [ -85.077335, 32.525206 ], [ -85.070452, 32.530298 ], [ -85.062627, 32.530452 ], [ -85.046622, 32.514167 ], [ -85.046236, 32.512884 ], [ -85.026531, 32.524166 ], [ -85.026572, 32.529809 ], [ -85.001532, 32.514741 ], [ -85.023645, 32.542955 ], [ -85.067199, 32.579306 ], [ -85.08224, 32.616264 ], [ -85.105432, 32.644934 ], [ -85.088483, 32.657758 ], [ -85.112337, 32.683234 ], [ -85.135038, 32.74653 ], [ -85.284843, 32.745131 ], [ -85.285002, 32.739164 ], [ -85.315972, 32.695942 ], [ -85.30707, 32.661737 ], [ -85.311384, 32.665677 ], [ -85.32424, 32.636637 ], [ -85.324472, 32.600236 ], [ -85.360299, 32.595592 ], [ -85.39674, 32.611583 ], [ -85.413367, 32.596605 ], [ -85.427325, 32.568657 ], [ -85.428196, 32.569034 ], [ -85.423756, 32.545079 ], [ -85.462053, 32.547495 ], [ -85.484344, 32.535609 ], [ -85.484702, 32.535559 ], [ -85.486572, 32.536089 ], [ -85.486576, 32.536193 ], [ -85.522247, 32.530187 ], [ -85.523965, 32.55081 ], [ -85.528588, 32.553142 ], [ -85.539371, 32.568849 ], [ -85.540563, 32.569012 ], [ -85.542074, 32.576843 ], [ -85.542217, 32.576998 ], [ -85.554498, 32.58832 ], [ -85.55532, 32.589397 ], [ -85.54158, 32.595761 ], [ -85.544802, 32.579192 ], [ -85.540786, 32.579626 ], [ -85.54184, 32.613298 ], [ -85.538334, 32.656897 ], [ -85.562969, 32.656675 ], [ -85.545598, 32.67196 ], [ -85.525392, 32.672258 ], [ -85.507064, 32.723356 ], [ -85.491067, 32.730613 ], [ -85.593151, 32.72853 ] ], [ [ -85.018388, 32.509834 ], [ -85.020139, 32.509822 ], [ -85.019265, 32.509831 ], [ -85.018683, 32.509831 ], [ -85.018388, 32.509834 ] ], [ [ -85.530049, 32.54951 ], [ -85.557824, 32.554388 ], [ -85.557084, 32.556147 ], [ -85.541205, 32.55639 ], [ -85.540918, 32.554145 ], [ -85.534192, 32.548978 ], [ -85.530049, 32.54951 ] ], [ [ -85.545598, 32.67196 ], [ -85.547324, 32.672812 ], [ -85.544779, 32.672551 ], [ -85.545598, 32.67196 ] ] ] ] } },
{ "type": "Feature", "properties": { "geo_id": "0102100", "geo_name": "Limestone County School District", "geo_level": "school_district", "year": 2022 }, "geometry": { "type": "MultiPolygon", "coordinates": [ [ [ [ -86.785868, 34.765589 ], [ -86.785935, 34.758277 ], [ -86.785871, 34.763651 ], [ -86.785868, 34.765512 ], [ -86.785868, 34.765589 ] ] ], [ [ [ -86.791888, 34.672216 ], [ -86.791972, 34.670498 ], [ -86.789417, 34.670476 ], [ -86.789398, 34.671598 ], [ -86.790681, 34.671611 ], [ -86.791888, 34.672216 ] ] ], [ [ [ -86.803253, 34.718993 ], [ -86.805828, 34.719234 ], [ -86.804978, 34.718448 ], [ -86.803255, 34.717772 ], [ -86.803253, 34.718993 ] ] ], [ [ [ -86.796078, 34.747506 ], [ -86.815194, 34.741911 ], [ -86.786178, 34.743626 ], [ -86.791707, 34.746925 ], [ -86.792814, 34.747034 ], [ -86.794902, 34.747439 ], [ -86.796078, 34.747506 ] ] ], [ [ [ -86.906675, 34.579758 ], [ -86.838554, 34.556632 ], [ -86.790056, 34.55079 ], [ -86.789554, 34.567991 ], [ -86.845078, 34.566151 ], [ -86.832018, 34.634239 ], [ -86.90168, 34.630919 ], [ -86.906675, 34.579758 ] ] ], [ [ [ -86.895085, 34.744795 ], [ -86.928448, 34.729116 ], [ -86.92541, 34.71601 ], [ -86.877782, 34.715427 ], [ -86.886309, 34.737379 ], [ -86.895085, 34.744795 ] ] ], [ [ [ -86.970591, 34.614554 ], [ -86.972312, 34.612944 ], [ -86.907679, 34.579995 ], [ -86.899726, 34.601072 ], [ -86.91574, 34.627797 ], [ -86.955577, 34.627238 ], [ -86.965927, 34.619109 ], [ -86.970591, 34.614554 ] ] ], [ [ [ -87.210759, 34.999024 ], [ -87.214914, 34.816011 ], [ -87.278302, 34.773563 ], [ -87.260676, 34.758626 ], [ -87.229721, 34.764031 ], [ -87.138858, 34.724101 ], [ -87.105073, 34.686037 ], [ -87.087361, 34.670864 ], [ -87.035323, 34.652042 ], [ -86.9715, 34.614737 ], [ -86.97107, 34.615404 ], [ -86.971045, 34.615935 ], [ -86.969096, 34.617526 ], [ -86.958636, 34.626216 ], [ -86.956082, 34.627919 ], [ -86.957875, 34.627542 ], [ -86.95582, 34.628093 ], [ -86.954048, 34.62873 ], [ -86.91576, 34.642787 ], [ -86.915317, 34.642778 ], [ -86.912671, 34.642736 ], [ -86.905958, 34.642619 ], [ -86.905418, 34.642596 ], [ -86.907163, 34.646044 ], [ -86.86177, 34.642666 ], [ -86.868828, 34.700981 ], [ -86.93116, 34.712522 ], [ -86.931127, 34.714943 ], [ -86.931116, 34.715274 ], [ -86.938899, 34.748692 ], [ -87.001613, 34.747011 ], [ -87.013982, 34.816705 ], [ -87.001898, 34.835986 ], [ -86.919537, 34.82901 ], [ -86.903659, 34.777577 ], [ -86.877295, 34.754131 ], [ -86.886309, 34.737379 ], [ -86.831515, 34.748504 ], [ -86.830277, 34.748678 ], [ -86.786095, 34.748315 ], [ -86.785987, 34.754777 ], [ -86.806382, 34.787924 ], [ -86.795783, 34.799771 ], [ -86.795774, 34.800847 ], [ -86.785389, 34.802152 ], [ -86.783628, 34.991948 ], [ -87.210759, 34.999024 ] ] ] ] } },
{ "type": "Feature", "properties": { "geo_id": "0102130", "geo_name": "Linden City School District", "geo_level": "school_district", "year": 2022 }, "geometry": { "type": "Polygon", "coordinates": [ [ [ -87.9297, 32.292516 ], [ -87.948354, 32.30409 ], [ -88.019145, 32.28524 ], [ -88.009453, 32.261704 ], [ -88.009564, 32.195452 ], [ -87.973335, 32.219915 ], [ -87.941354, 32.215221 ], [ -87.902825, 32.188963 ], [ -87.880148, 32.190489 ], [ -87.832094, 32.169123 ], [ -87.81325, 32.139001 ], [ -87.790512, 32.137921 ], [ -87.782361, 32.171843 ], [ -87.747221, 32.235512 ], [ -87.732345, 32.245074 ], [ -87.738455, 32.277315 ], [ -87.703972, 32.342281 ], [ -87.694208, 32.396006 ], [ -87.713224, 32.44455 ], [ -87.813072, 32.440734 ], [ -87.862338, 32.418543 ], [ -87.895473, 32.387009 ], [ -87.868833, 32.313791 ], [ -87.890552, 32.289232 ], [ -87.9297, 32.292516 ] ] ] } },
{ "type": "Feature", "properties": { "geo_id": "0102160", "geo_name": "Lowndes County School District", "geo_level": "school_district", "year": 2022 }, "geometry": { "type": "Polygon", "coordinates": [ [ [ -86.814912, 32.340803 ], [ -86.850412, 32.328947 ], [ -86.82606, 32.305957 ], [ -86.864563, 32.274704 ], [ -86.839758, 32.24121 ], [ -86.810313, 32.224747 ], [ -86.908302, 32.225028 ], [ -86.906956, 32.04797 ], [ -86.856576, 32.048352 ], [ -86.857583, 31.962167 ], [ -86.448198, 31.964629 ], [ -86.405005, 31.963775 ], [ -86.406276, 32.050731 ], [ -86.408771, 32.244309 ], [ -86.48965, 32.293353 ], [ -86.473415, 32.324126 ], [ -86.496774, 32.344437 ], [ -86.532531, 32.338775 ], [ -86.542537, 32.363517 ], [ -86.581873, 32.375019 ], [ -86.614841, 32.374266 ], [ -86.618, 32.405717 ], [ -86.653419, 32.397247 ], [ -86.655597, 32.376147 ], [ -86.678795, 32.355359 ], [ -86.711337, 32.360767 ], [ -86.717897, 32.402814 ], [ -86.749981, 32.389105 ], [ -86.781354, 32.392494 ], [ -86.773163, 32.340728 ], [ -86.791073, 32.314611 ], [ -86.820273, 32.315007 ], [ -86.814912, 32.340803 ] ] ] } },
{ "type": "Feature", "properties": { "geo_id": "0102190", "geo_name": "Macon County School District", "geo_level": "school_district", "year": 2022 }, "geometry": { "type": "Polygon", "coordinates": [ [ [ -86.023012, 32.419978 ], [ -86.014579, 32.38429 ], [ -85.989088, 32.33482 ], [ -85.959387, 32.324026 ], [ -85.954133, 32.301847 ], [ -85.919293, 32.274382 ], [ -85.877868, 32.291528 ], [ -85.876061, 32.246344 ], [ -85.856218, 32.231975 ], [ -85.433543, 32.234648 ], [ -85.434045, 32.40984 ], [ -85.438575, 32.49709 ], [ -85.489348, 32.496937 ], [ -85.661053, 32.567935 ], [ -85.695854, 32.595933 ], [ -85.712654, 32.581834 ], [ -85.798585, 32.581089 ], [ -85.797156, 32.494236 ], [ -85.886148, 32.493053 ], [ -85.870305, 32.481474 ], [ -85.89442, 32.447578 ], [ -85.931776, 32.453528 ], [ -85.995397, 32.428058 ], [ -86.023012, 32.419978 ] ] ] } },
{ "type": "Feature", "properties": { "geo_id": "0102220", "geo_name": "Madison County School District", "geo_level": "school_district", "year": 2022 }, "geometry": { "type": "MultiPolygon", "coordinates": [ [ [ [ -86.448032, 34.693081 ], [ -86.446666, 34.68769 ], [ -86.445946, 34.687355 ], [ -86.448032, 34.693081 ] ] ], [ [ [ -86.484096, 34.657062 ], [ -86.48288, 34.656419 ], [ -86.482934, 34.655579 ], [ -86.475119, 34.652761 ], [ -86.476291, 34.660024 ], [ -86.476762, 34.660022 ], [ -86.484096, 34.657062 ] ] ], [ [ [ -86.488393, 34.715191 ], [ -86.483586, 34.714062 ], [ -86.483575, 34.71504 ], [ -86.487635, 34.715159 ], [ -86.487636, 34.715733 ], [ -86.488395, 34.715279 ], [ -86.488393, 34.715191 ] ] ], [ [ [ -86.505959, 34.675928 ], [ -86.506923, 34.67502 ], [ -86.505203, 34.67498 ], [ -86.505325, 34.675927 ], [ -86.505959, 34.675928 ] ] ], [ [ [ -86.498985, 34.634042 ], [ -86.498572, 34.632923 ], [ -86.498566, 34.63336 ], [ -86.498511, 34.633904 ], [ -86.498985, 34.634042 ] ] ], [ [ [ -86.49532, 34.662687 ], [ -86.490513, 34.648287 ], [ -86.490529, 34.64851 ], [ -86.49532, 34.662687 ] ] ], [ [ [ -86.563446, 34.772858 ], [ -86.567942, 34.770701 ], [ -86.564611, 34.770604 ], [ -86.562916, 34.77287 ], [ -86.563446, 34.772858 ] ] ], [ [ [ -86.707721, 34.737402 ], [ -86.707476, 34.731452 ], [ -86.705643, 34.74278 ], [ -86.708859, 34.741566 ], [ -86.707713, 34.738408 ], [ -86.707721, 34.737402 ] ] ], [ [ [ -86.711072, 34.713928 ], [ -86.710363, 34.712619 ], [ -86.709735, 34.712608 ], [ -86.707259, 34.713353 ], [ -86.707277, 34.712415 ], [ -86.70722, 34.709026 ], [ -86.708952, 34.716001 ], [ -86.708449, 34.714953 ], [ -86.708456, 34.714688 ], [ -86.711072, 34.713928 ] ] ], [ [ [ -86.71438, 34.752951 ], [ -86.714482, 34.747604 ], [ -86.705643, 34.74278 ], [ -86.71438, 34.752951 ] ] ], [ [ [ -86.71782, 34.71974 ], [ -86.709552, 34.71603 ], [ -86.706277, 34.721713 ], [ -86.71782, 34.71974 ] ] ], [ [ [ -86.740632, 34.754249 ], [ -86.736863, 34.753353 ], [ -86.732845, 34.752594 ], [ -86.728429, 34.756144 ], [ -86.740632, 34.754249 ] ] ], [ [ [ -86.789554, 34.567991 ], [ -86.790056, 34.55079 ], [ -86.753138, 34.555672 ], [ -86.721721, 34.582709 ], [ -86.689353, 34.586425 ], [ -86.66514, 34.552092 ], [ -86.646393, 34.548921 ], [ -86.614169, 34.577227 ], [ -86.577047, 34.580603 ], [ -86.550166, 34.545963 ], [ -86.533445, 34.502795 ], [ -86.499988, 34.482292 ], [ -86.425482, 34.479277 ], [ -86.412446, 34.494155 ], [ -86.353745, 34.521589 ], [ -86.33496, 34.509309 ], [ -86.311187, 34.539277 ], [ -86.307275, 34.582514 ], [ -86.326853, 34.599403 ], [ -86.359034, 34.63261 ], [ -86.358121, 34.735034 ], [ -86.339709, 34.7532 ], [ -86.343541, 34.81706 ], [ -86.326546, 34.831325 ], [ -86.351123, 34.873265 ], [ -86.318819, 34.902131 ], [ -86.322361, 34.925827 ], [ -86.293259, 34.945045 ], [ -86.311274, 34.991098 ], [ -86.467941, 34.990486 ], [ -86.783628, 34.991948 ], [ -86.785389, 34.802152 ], [ -86.78563, 34.787549 ], [ -86.785868, 34.766486 ], [ -86.785868, 34.765589 ], [ -86.785868, 34.765512 ], [ -86.682776, 34.764387 ], [ -86.651764, 34.800539 ], [ -86.678299, 34.822772 ], [ -86.678443, 34.85221 ], [ -86.633958, 34.85323 ], [ -86.633975, 34.850524 ], [ -86.633954, 34.848791 ], [ -86.624984, 34.829911 ], [ -86.553717, 34.829163 ], [ -86.554336, 34.797849 ], [ -86.520458, 34.773708 ], [ -86.47408, 34.801231 ], [ -86.500123, 34.814529 ], [ -86.49652, 34.81599 ], [ -86.472874, 34.801975 ], [ -86.499034, 34.762883 ], [ -86.521934, 34.772347 ], [ -86.523964, 34.772497 ], [ -86.519222, 34.755889 ], [ -86.514835, 34.755818 ], [ -86.501491, 34.726395 ], [ -86.434798, 34.70787 ], [ -86.443679, 34.66706 ], [ -86.425223, 34.642731 ], [ -86.425243, 34.643312 ], [ -86.426249, 34.646717 ], [ -86.428192, 34.646895 ], [ -86.448255, 34.651393 ], [ -86.444127, 34.623574 ], [ -86.47629, 34.623163 ], [ -86.499114, 34.603468 ], [ -86.502996, 34.603562 ], [ -86.504098, 34.590325 ], [ -86.504257, 34.586642 ], [ -86.499619, 34.586665 ], [ -86.516078, 34.565834 ], [ -86.516036, 34.567105 ], [ -86.535415, 34.549663 ], [ -86.588427, 34.597423 ], [ -86.582594, 34.649974 ], [ -86.582004, 34.649774 ], [ -86.579983, 34.650536 ], [ -86.580251, 34.650541 ], [ -86.580395, 34.650544 ], [ -86.580755, 34.65055 ], [ -86.581293, 34.650305 ], [ -86.581877, 34.649981 ], [ -86.582999, 34.65059 ], [ -86.583567, 34.650603 ], [ -86.610575, 34.661631 ], [ -86.610014, 34.683412 ], [ -86.638938, 34.709067 ], [ -86.667038, 34.709764 ], [ -86.698486, 34.684052 ], [ -86.699937, 34.640153 ], [ -86.717665, 34.64044 ], [ -86.744334, 34.636494 ], [ -86.744282, 34.640629 ], [ -86.749076, 34.593862 ], [ -86.782364, 34.588051 ], [ -86.789554, 34.567991 ] ], [ [ -86.492393, 34.602238 ], [ -86.491447, 34.605542 ], [ -86.490335, 34.605527 ], [ -86.492393, 34.602238 ] ] ] ] } },
{ "type": "Feature", "properties": { "geo_id": "0102250", "geo_name": "Marengo County School District", "geo_level": "school_district", "year": 2022 }, "geometry": { "type": "Polygon", "coordinates": [ [ [ -88.009564, 32.195452 ], [ -88.021369, 32.14495 ], [ -88.035812, 32.14501 ], [ -88.052203, 32.10177 ], [ -88.044715, 32.082256 ], [ -88.070615, 32.0617 ], [ -88.114087, 32.058056 ], [ -88.117433, 32.01682 ], [ -88.095071, 31.993078 ], [ -88.07349, 31.990182 ], [ -87.816852, 31.990526 ], [ -87.667769, 31.991355 ], [ -87.622756, 32.005482 ], [ -87.624005, 32.132345 ], [ -87.521946, 32.132816 ], [ -87.523405, 32.25483 ], [ -87.472206, 32.264919 ], [ -87.47308, 32.307614 ], [ -87.52429, 32.307293 ], [ -87.524485, 32.482028 ], [ -87.674479, 32.480866 ], [ -87.694239, 32.4807 ], [ -87.728774, 32.498759 ], [ -87.728775, 32.499938 ], [ -87.728521, 32.524532 ], [ -87.80799, 32.524532 ], [ -87.764745, 32.510278 ], [ -87.780322, 32.483102 ], [ -87.881425, 32.481923 ], [ -87.879942, 32.519748 ], [ -87.823576, 32.524377 ], [ -87.85342, 32.532086 ], [ -87.85268, 32.515203 ], [ -87.901264, 32.523172 ], [ -87.945065, 32.491251 ], [ -87.956211, 32.470405 ], [ -88.031623, 32.43361 ], [ -88.046335, 32.377087 ], [ -88.019476, 32.370461 ], [ -87.993862, 32.34723 ], [ -87.970943, 32.344347 ], [ -87.930661, 32.310574 ], [ -87.9297, 32.292516 ], [ -87.890552, 32.289232 ], [ -87.868833, 32.313791 ], [ -87.895473, 32.387009 ], [ -87.862338, 32.418543 ], [ -87.813072, 32.440734 ], [ -87.713224, 32.44455 ], [ -87.694208, 32.396006 ], [ -87.703972, 32.342281 ], [ -87.738455, 32.277315 ], [ -87.732345, 32.245074 ], [ -87.747221, 32.235512 ], [ -87.782361, 32.171843 ], [ -87.790512, 32.137921 ], [ -87.81325, 32.139001 ], [ -87.832094, 32.169123 ], [ -87.880148, 32.190489 ], [ -87.902825, 32.188963 ], [ -87.941354, 32.215221 ], [ -87.973335, 32.219915 ], [ -88.009564, 32.195452 ] ] ] } },
{ "type": "Feature", "properties": { "geo_id": "0102310", "geo_name": "Marion County School District", "geo_level": "school_district", "year": 2022 }, "geometry": { "type": "MultiPolygon", "coordinates": [ [ [ [ -87.635949, 33.929429 ], [ -87.715118, 33.927162 ], [ -87.73602, 33.91476 ], [ -87.635932, 33.915251 ], [ -87.635949, 33.929429 ] ] ], [ [ [ -88.203864, 34.086564 ], [ -88.207229, 34.058333 ], [ -87.98693, 34.052102 ], [ -87.98743, 34.022903 ], [ -87.951929, 34.022202 ], [ -87.951785, 33.91993 ], [ -87.914675, 33.919445 ], [ -87.871386, 33.922143 ], [ -87.854662, 33.948084 ], [ -87.852563, 33.979377 ], [ -87.790246, 33.9629 ], [ -87.722523, 33.970256 ], [ -87.688745, 33.93178 ], [ -87.635952, 33.932248 ], [ -87.636118, 34.002203 ], [ -87.635898, 34.14242 ], [ -87.634725, 34.306997 ], [ -87.939933, 34.313196 ], [ -88.173632, 34.321054 ], [ -88.203864, 34.086564 ] ] ] ] } },
{ "type": "Feature", "properties": { "geo_id": "0102350", "geo_name": "Midfield City School District", "geo_level": "school_district", "year": 2022 }, "geometry": { "type": "Polygon", "coordinates": [ [ [ -86.939138, 33.464674 ], [ -86.922555, 33.447912 ], [ -86.920636, 33.4499 ], [ -86.909168, 33.445928 ], [ -86.907863, 33.446827 ], [ -86.907788, 33.446796 ], [ -86.901001, 33.450438 ], [ -86.900896, 33.450519 ], [ -86.90482, 33.471732 ], [ -86.938966, 33.460976 ], [ -86.93913, 33.460978 ], [ -86.939915, 33.462723 ], [ -86.94056, 33.463545 ], [ -86.939138, 33.464674 ] ] ] } },
{ "type": "Feature", "properties": { "geo_id": "0102370", "geo_name": "Mobile County School District", "geo_level": "school_district", "year": 2022 }, "geometry": { "type": "MultiPolygon", "coordinates": [ [ [ [ -88.077355, 30.890955 ], [ -88.107209, 30.888034 ], [ -88.089883, 30.847753 ], [ -88.079361, 30.887811 ], [ -88.078622, 30.889631 ], [ -88.077355, 30.890955 ] ] ], [ [ [ -88.432007, 31.114298 ], [ -88.425432, 30.998323 ], [ -88.412612, 30.73559 ], [ -88.403656, 30.544933 ], [ -88.384431, 30.158543 ], [ -88.347719, 30.190088 ], [ -88.310302, 30.177816 ], [ -88.277939, 30.180071 ], [ -88.162022, 30.200093 ], [ -88.13161, 30.173621 ], [ -88.060689, 30.144425 ], [ -88.037309, 30.146561 ], [ -88.037112, 30.222433 ], [ -88.000842, 30.53108 ], [ -87.990765, 30.544737 ], [ -87.987839, 30.637149 ], [ -88.000997, 30.698289 ], [ -88.026319, 30.753358 ], [ -88.022198, 30.774487 ], [ -87.990601, 30.794155 ], [ -87.987065, 30.811445 ], [ -87.944546, 30.827046 ], [ -87.954476, 30.849408 ], [ -87.980971, 30.86187 ], [ -87.979688, 30.888993 ], [ -87.949901, 30.926652 ], [ -87.92429, 30.935405 ], [ -87.943552, 30.961773 ], [ -87.963265, 30.966051 ], [ -87.957352, 31.029368 ], [ -87.941561, 31.061342 ], [ -87.975851, 31.082422 ], [ -87.946577, 31.121685 ], [ -87.939696, 31.145805 ], [ -87.972869, 31.162694 ], [ -87.98882, 31.173306 ], [ -88.022649, 31.144267 ], [ -88.329782, 31.143821 ], [ -88.329927, 31.114357 ], [ -88.432007, 31.114298 ] ], [ [ -88.090306, 30.790347 ], [ -88.114509, 30.792627 ], [ -88.123097, 30.822064 ], [ -88.149318, 30.840549 ], [ -88.128793, 30.887479 ], [ -88.136931, 30.920286 ], [ -88.090274, 30.909822 ], [ -88.079986, 30.880513 ], [ -88.039408, 30.847564 ], [ -88.055735, 30.837107 ], [ -88.056596, 30.801312 ], [ -88.072273, 30.782199 ], [ -88.075832, 30.756424 ], [ -88.100229, 30.761733 ], [ -88.090306, 30.790347 ] ] ] ] } },
{ "type": "Feature", "properties": { "geo_id": "0102400", "geo_name": "Monroe County School District", "geo_level": "school_district", "year": 2022 }, "geometry": { "type": "Polygon", "coordinates": [ [ [ -87.50093, 31.829251 ], [ -87.518363, 31.814386 ], [ -87.516131, 31.697824 ], [ -87.566841, 31.697115 ], [ -87.565413, 31.553573 ], [ -87.619844, 31.519049 ], [ -87.605064, 31.500162 ], [ -87.565708, 31.481683 ], [ -87.574727, 31.433827 ], [ -87.603137, 31.409556 ], [ -87.639649, 31.424768 ], [ -87.665572, 31.423166 ], [ -87.706045, 31.400957 ], [ -87.725837, 31.373741 ], [ -87.722758, 31.343621 ], [ -87.781681, 31.33333 ], [ -87.765152, 31.297346 ], [ -87.712365, 31.301132 ], [ -87.676419, 31.261992 ], [ -87.61589, 31.244458 ], [ -87.548993, 31.230041 ], [ -87.489206, 31.260076 ], [ -87.427455, 31.260386 ], [ -87.393206, 31.300853 ], [ -87.359763, 31.317747 ], [ -87.296721, 31.401278 ], [ -87.227797, 31.454363 ], [ -87.208551, 31.457285 ], [ -87.166581, 31.519561 ], [ -87.158925, 31.56614 ], [ -87.145126, 31.587168 ], [ -87.135051, 31.642417 ], [ -87.091352, 31.652263 ], [ -87.055967, 31.677381 ], [ -87.052284, 31.716761 ], [ -86.98932, 31.718562 ], [ -86.905899, 31.753035 ], [ -86.906899, 31.830628 ], [ -87.214084, 31.828498 ], [ -87.228283, 31.831418 ], [ -87.50093, 31.829251 ] ] ] } },
{ "type": "Feature", "properties": { "geo_id": "0102430", "geo_name": "Montgomery County School District", "geo_level": "school_district", "year": 2022 }, "geometry": { "type": "MultiPolygon", "coordinates": [ [ [ [ -85.963264, 32.273053 ], [ -85.961414, 32.273111 ], [ -85.96228, 32.275059 ], [ -85.963264, 32.273053 ] ] ], [ [ [ -86.496774, 32.344437 ], [ -86.473415, 32.324126 ], [ -86.48965, 32.293353 ], [ -86.408771, 32.244309 ], [ -86.406276, 32.050731 ], [ -86.303616, 32.051664 ], [ -86.302217, 31.965065 ], [ -86.191379, 31.966453 ], [ -85.995563, 31.967554 ], [ -85.996853, 32.051049 ], [ -85.999157, 32.250543 ], [ -85.964621, 32.27301 ], [ -85.96228, 32.275059 ], [ -85.959393, 32.273174 ], [ -85.919293, 32.274382 ], [ -85.954133, 32.301847 ], [ -85.959387, 32.324026 ], [ -85.989088, 32.33482 ], [ -86.014579, 32.38429 ], [ -86.023012, 32.419978 ], [ -86.046402, 32.406146 ], [ -86.086279, 32.42165 ], [ -86.116329, 32.417026 ], [ -86.198075, 32.45138 ], [ -86.237068, 32.49498 ], [ -86.307984, 32.467008 ], [ -86.319779, 32.419822 ], [ -86.34447, 32.432636 ], [ -86.398398, 32.426941 ], [ -86.411172, 32.409937 ], [ -86.444721, 32.399841 ], [ -86.496774, 32.344437 ] ], [ [ -86.376555, 32.393576 ], [ -86.352748, 32.396704 ], [ -86.333484, 32.376668 ], [ -86.371403, 32.368871 ], [ -86.376555, 32.393576 ] ], [ [ -86.121727, 32.352962 ], [ -86.091559, 32.352952 ], [ -86.084854, 32.328168 ], [ -86.123481, 32.321033 ], [ -86.114004, 32.32904 ], [ -86.116371, 32.341929 ], [ -86.121727, 32.352962 ] ], [ [ -86.128067, 32.340289 ], [ -86.128095, 32.342819 ], [ -86.12302, 32.346001 ], [ -86.128067, 32.340289 ] ], [ [ -86.051205, 32.302852 ], [ -86.063656, 32.275637 ], [ -86.085237, 32.279237 ], [ -86.081262, 32.310185 ], [ -86.046995, 32.340141 ], [ -86.025199, 32.318376 ], [ -86.051205, 32.302852 ] ] ] ] } },
{ "type": "Feature", "properties": { "geo_id": "0102480", "geo_name": "Morgan County School District", "geo_level": "school_district", "year": 2022 }, "geometry": { "type": "MultiPolygon", "coordinates": [ [ [ [ -86.972312, 34.612944 ], [ -86.956018, 34.600819 ], [ -86.956066, 34.599836 ], [ -86.957812, 34.599031 ], [ -86.958136, 34.598875 ], [ -86.95141, 34.592921 ], [ -86.950742, 34.593648 ], [ -86.907679, 34.579995 ], [ -86.972312, 34.612944 ] ] ], [ [ [ -86.982835, 34.535326 ], [ -86.982868, 34.534102 ], [ -86.980456, 34.535449 ], [ -86.982835, 34.535326 ] ] ], [ [ [ -87.105073, 34.686037 ], [ -87.105455, 34.649417 ], [ -87.087361, 34.670864 ], [ -87.105073, 34.686037 ] ] ], [ [ [ -87.105499, 34.635693 ], [ -87.110111, 34.313799 ], [ -86.854887, 34.308362 ], [ -86.581936, 34.304694 ], [ -86.58132, 34.371094 ], [ -86.550166, 34.545963 ], [ -86.577047, 34.580603 ], [ -86.614169, 34.577227 ], [ -86.646393, 34.548921 ], [ -86.66514, 34.552092 ], [ -86.689353, 34.586425 ], [ -86.721721, 34.582709 ], [ -86.753138, 34.555672 ], [ -86.790056, 34.55079 ], [ -86.838554, 34.556632 ], [ -86.906675, 34.579758 ], [ -86.916629, 34.551721 ], [ -86.915289, 34.545913 ], [ -86.904464, 34.50027 ], [ -86.927438, 34.494534 ], [ -86.947926, 34.515663 ], [ -87.054208, 34.517288 ], [ -87.053064, 34.565286 ], [ -87.070712, 34.583631 ], [ -87.03197, 34.602069 ], [ -87.038291, 34.637909 ], [ -87.036214, 34.637894 ], [ -87.069916, 34.637205 ], [ -87.069914, 34.634456 ], [ -87.074013, 34.634515 ], [ -87.105499, 34.635693 ] ], [ [ -87.034145, 34.632399 ], [ -87.034506, 34.63352 ], [ -87.034186, 34.633031 ], [ -87.034148, 34.632597 ], [ -87.034145, 34.632399 ] ], [ [ -86.984928, 34.423247 ], [ -86.968683, 34.446378 ], [ -86.905482, 34.465346 ], [ -86.899655, 34.431029 ], [ -86.929728, 34.398342 ], [ -86.984928, 34.423247 ] ] ], [ [ [ -86.992412, 34.442453 ], [ -86.998251, 34.440483 ], [ -86.993913, 34.441856 ], [ -86.992986, 34.441978 ], [ -86.992955, 34.442359 ], [ -86.992412, 34.442453 ] ] ] ] } },
{ "type": "Feature", "properties": { "geo_id": "0102490", "geo_name": "Mountain Brook City School District", "geo_level": "school_district", "year": 2022 }, "geometry": { "type": "MultiPolygon", "coordinates": [ [ [ [ -86.697182, 33.519562 ], [ -86.69666, 33.518174 ], [ -86.696176, 33.518603 ], [ -86.696088, 33.520743 ], [ -86.697182, 33.519562 ] ] ], [ [ [ -86.781364, 33.495971 ], [ -86.776405, 33.483189 ], [ -86.776464, 33.48316 ], [ -86.77673, 33.482344 ], [ -86.776776, 33.482344 ], [ -86.77679, 33.48158 ], [ -86.772355, 33.47719 ], [ -86.772255, 33.477219 ], [ -86.767601, 33.477867 ], [ -86.766299, 33.477497 ], [ -86.764115, 33.47579 ], [ -86.764383, 33.473022 ], [ -86.765275, 33.471975 ], [ -86.765683, 33.472045 ], [ -86.770168, 33.471545 ], [ -86.770154, 33.471469 ], [ -86.770183, 33.469353 ], [ -86.770694, 33.46834 ], [ -86.770221, 33.466409 ], [ -86.76901, 33.466084 ], [ -86.765896, 33.467766 ], [ -86.765907, 33.467893 ], [ -86.7624, 33.468189 ], [ -86.761685, 33.468173 ], [ -86.759701, 33.469689 ], [ -86.757946, 33.461481 ], [ -86.758616, 33.460811 ], [ -86.759425, 33.459629 ], [ -86.76184, 33.457225 ], [ -86.762336, 33.456595 ], [ -86.754958, 33.449752 ], [ -86.75682, 33.449042 ], [ -86.75729, 33.447219 ], [ -86.756002, 33.446107 ], [ -86.755452, 33.444934 ], [ -86.752746, 33.44605 ], [ -86.75006, 33.443817 ], [ -86.750654, 33.443571 ], [ -86.750653, 33.443318 ], [ -86.750648, 33.442271 ], [ -86.748318, 33.440841 ], [ -86.746543, 33.442228 ], [ -86.748427, 33.44572 ], [ -86.740858, 33.444753 ], [ -86.740358, 33.445329 ], [ -86.74055, 33.445772 ], [ -86.736898, 33.446594 ], [ -86.739344, 33.448839 ], [ -86.740458, 33.448909 ], [ -86.740228, 33.448394 ], [ -86.741267, 33.447361 ], [ -86.741085, 33.450186 ], [ -86.743935, 33.456478 ], [ -86.734006, 33.464005 ], [ -86.732272, 33.465361 ], [ -86.732333, 33.468534 ], [ -86.733414, 33.467555 ], [ -86.733922, 33.467416 ], [ -86.734059, 33.467912 ], [ -86.734493, 33.467848 ], [ -86.73558, 33.467554 ], [ -86.734494, 33.468176 ], [ -86.734494, 33.468333 ], [ -86.735586, 33.469572 ], [ -86.735587, 33.471299 ], [ -86.731225, 33.471261 ], [ -86.731221, 33.471137 ], [ -86.730662, 33.470953 ], [ -86.726673, 33.468082 ], [ -86.709619, 33.467068 ], [ -86.71336, 33.467698 ], [ -86.716767, 33.474464 ], [ -86.718064, 33.475072 ], [ -86.716894, 33.476749 ], [ -86.710279, 33.482219 ], [ -86.712603, 33.481845 ], [ -86.712726, 33.481797 ], [ -86.713739, 33.482028 ], [ -86.714504, 33.483632 ], [ -86.715515, 33.485684 ], [ -86.708988, 33.489483 ], [ -86.709007, 33.492699 ], [ -86.703617, 33.496165 ], [ -86.701517, 33.499311 ], [ -86.701491, 33.49935 ], [ -86.701405, 33.499703 ], [ -86.701382, 33.499926 ], [ -86.701344, 33.500271 ], [ -86.70298, 33.503408 ], [ -86.718275, 33.503757 ], [ -86.718629, 33.503534 ], [ -86.713829, 33.506483 ], [ -86.71319, 33.506878 ], [ -86.712876, 33.507058 ], [ -86.703287, 33.510236 ], [ -86.703274, 33.510717 ], [ -86.698832, 33.507724 ], [ -86.700427, 33.507336 ], [ -86.691693, 33.51046 ], [ -86.691711, 33.520974 ], [ -86.693708, 33.522203 ], [ -86.692613, 33.519452 ], [ -86.70068, 33.517951 ], [ -86.721571, 33.514831 ], [ -86.726036, 33.514943 ], [ -86.726081, 33.514945 ], [ -86.726499, 33.514423 ], [ -86.73117, 33.510431 ], [ -86.731657, 33.508382 ], [ -86.739273, 33.5043 ], [ -86.739203, 33.504642 ], [ -86.739449, 33.507441 ], [ -86.739448, 33.508495 ], [ -86.748923, 33.511624 ], [ -86.749006, 33.51175 ], [ -86.749278, 33.512169 ], [ -86.749915, 33.511802 ], [ -86.759574, 33.50834 ], [ -86.76144, 33.50723 ], [ -86.761458, 33.507215 ], [ -86.763206, 33.506107 ], [ -86.763272, 33.506066 ], [ -86.765332, 33.50496 ], [ -86.766359, 33.504417 ], [ -86.770152, 33.501302 ], [ -86.780763, 33.496091 ], [ -86.781364, 33.495971 ] ], [ [ -86.753745, 33.462815 ], [ -86.755408, 33.462797 ], [ -86.754882, 33.463276 ], [ -86.754565, 33.462995 ], [ -86.754644, 33.46341 ], [ -86.754105, 33.463186 ], [ -86.753161, 33.464265 ], [ -86.752688, 33.464248 ], [ -86.753745, 33.462815 ] ], [ [ -86.748681, 33.457992 ], [ -86.749255, 33.460649 ], [ -86.747165, 33.460127 ], [ -86.746742, 33.457763 ], [ -86.747499, 33.456106 ], [ -86.748681, 33.457992 ] ] ] ] } },
{ "type": "Feature", "properties": { "geo_id": "0102520", "geo_name": "Muscle Shoals City School District", "geo_level": "school_district", "year": 2022 }, "geometry": { "type": "Polygon", "coordinates": [ [ [ -87.674642, 34.759536 ], [ -87.679157, 34.745026 ], [ -87.678496, 34.722747 ], [ -87.676591, 34.720745 ], [ -87.674755, 34.718816 ], [ -87.668008, 34.718163 ], [ -87.667983, 34.716742 ], [ -87.66782, 34.713936 ], [ -87.667794, 34.713281 ], [ -87.666995, 34.71164 ], [ -87.667725, 34.711338 ], [ -87.6666, 34.705251 ], [ -87.664692, 34.705776 ], [ -87.625884, 34.709585 ], [ -87.610103, 34.729374 ], [ -87.616963, 34.772981 ], [ -87.607673, 34.791604 ], [ -87.667504, 34.760732 ], [ -87.66753, 34.760391 ], [ -87.674642, 34.759536 ] ] ] } },
{ "type": "Feature", "properties": { "geo_id": "0102550", "geo_name": "Oneonta City School District", "geo_level": "school_district", "year": 2022 }, "geometry": { "type": "Polygon", "coordinates": [ [ [ -86.582702, 33.882215 ], [ -86.542597, 33.910586 ], [ -86.502404, 33.924491 ], [ -86.446514, 33.925137 ], [ -86.446376, 33.974669 ], [ -86.498475, 33.97659 ], [ -86.498725, 33.925081 ], [ -86.551121, 33.925294 ], [ -86.582702, 33.882215 ] ] ] } },
{ "type": "Feature", "properties": { "geo_id": "0102580", "geo_name": "Opelika City School District", "geo_level": "school_district", "year": 2022 }, "geometry": { "type": "Polygon", "coordinates": [ [ [ -85.417804, 32.722145 ], [ -85.456847, 32.711505 ], [ -85.456981, 32.668421 ], [ -85.472691, 32.664879 ], [ -85.457164, 32.659415 ], [ -85.451787, 32.660269 ], [ -85.45178, 32.65347 ], [ -85.439458, 32.643115 ], [ -85.443888, 32.643115 ], [ -85.445304, 32.640904 ], [ -85.438953, 32.614378 ], [ -85.413367, 32.596605 ], [ -85.39674, 32.611583 ], [ -85.360299, 32.595592 ], [ -85.324472, 32.600236 ], [ -85.32424, 32.636637 ], [ -85.311384, 32.665677 ], [ -85.30707, 32.661737 ], [ -85.315972, 32.695942 ], [ -85.285002, 32.739164 ], [ -85.30918, 32.730731 ], [ -85.319763, 32.716153 ], [ -85.379005, 32.716364 ], [ -85.391097, 32.727644 ], [ -85.417806, 32.722008 ], [ -85.417804, 32.722145 ] ] ] } },
{ "type": "Feature", "properties": { "geo_id": "0102610", "geo_name": "Opp City School District", "geo_level": "school_district", "year": 2022 }, "geometry": { "type": "Polygon", "coordinates": [ [ [ -86.313948, 31.270309 ], [ -86.271312, 31.244724 ], [ -86.234692, 31.244783 ], [ -86.210724, 31.261807 ], [ -86.211305, 31.301478 ], [ -86.252172, 31.311509 ], [ -86.270388, 31.326564 ], [ -86.313948, 31.270309 ] ] ] } },
{ "type": "Feature", "properties": { "geo_id": "0102635", "geo_name": "Oxford City School District", "geo_level": "school_district", "year": 2022 }, "geometry": { "type": "Polygon", "coordinates": [ [ [ -86.021587, 33.601163 ], [ -86.021549, 33.599721 ], [ -86.020558, 33.598068 ], [ -85.994935, 33.586475 ], [ -85.951822, 33.585831 ], [ -85.948416, 33.5858 ], [ -85.847705, 33.586 ], [ -85.855547, 33.568714 ], [ -85.796054, 33.55622 ], [ -85.744118, 33.556075 ], [ -85.7423, 33.600006 ], [ -85.759959, 33.632322 ], [ -85.786196, 33.622039 ], [ -85.790541, 33.622079 ], [ -85.803587, 33.616192 ], [ -85.807064, 33.616099 ], [ -85.807679, 33.61618 ], [ -85.807564, 33.617915 ], [ -85.80754, 33.618287 ], [ -85.808372, 33.618284 ], [ -85.819682, 33.62434 ], [ -85.825347, 33.625588 ], [ -85.84742, 33.622495 ], [ -85.850378, 33.622533 ], [ -85.851959, 33.622556 ], [ -85.855989, 33.62255 ], [ -85.859521, 33.620258 ], [ -85.864787, 33.616949 ], [ -85.864984, 33.615178 ], [ -85.881918, 33.603839 ], [ -85.885998, 33.601711 ], [ -85.886923, 33.600423 ], [ -85.912402, 33.600471 ], [ -85.91696, 33.600443 ], [ -85.929241, 33.608254 ], [ -85.929058, 33.608241 ], [ -85.913469, 33.62125 ], [ -85.925151, 33.625877 ], [ -86.021587, 33.601163 ] ] ] } },
{ "type": "Feature", "properties": { "geo_id": "0102640", "geo_name": "Ozark City School District", "geo_level": "school_district", "year": 2022 }, "geometry": { "type": "Polygon", "coordinates": [ [ [ -85.759103, 31.48379 ], [ -85.759878, 31.469358 ], [ -85.713572, 31.458233 ], [ -85.705264, 31.429154 ], [ -85.679211, 31.415838 ], [ -85.700783, 31.384907 ], [ -85.662703, 31.38464 ], [ -85.61573, 31.3624 ], [ -85.613796, 31.384311 ], [ -85.564838, 31.378915 ], [ -85.543273, 31.392393 ], [ -85.546849, 31.420148 ], [ -85.573938, 31.428977 ], [ -85.605495, 31.461411 ], [ -85.601054, 31.502607 ], [ -85.639953, 31.502771 ], [ -85.659143, 31.517284 ], [ -85.711026, 31.49262 ], [ -85.759103, 31.48379 ] ] ] } },
{ "type": "Feature", "properties": { "geo_id": "0102650", "geo_name": "Pell City City School District", "geo_level": "school_district", "year": 2022 }, "geometry": { "type": "Polygon", "coordinates": [ [ [ -86.481551, 33.545808 ], [ -86.481939, 33.502544 ], [ -86.378222, 33.502411 ], [ -86.378665, 33.390983 ], [ -86.347802, 33.409686 ], [ -86.307327, 33.454532 ], [ -86.286344, 33.504489 ], [ -86.253259, 33.488844 ], [ -86.226579, 33.52055 ], [ -86.189812, 33.547238 ], [ -86.221017, 33.587919 ], [ -86.16948, 33.619236 ], [ -86.172437, 33.659831 ], [ -86.204983, 33.682694 ], [ -86.21819, 33.643734 ], [ -86.238794, 33.643501 ], [ -86.278241, 33.670202 ], [ -86.304761, 33.653819 ], [ -86.368561, 33.653624 ], [ -86.367284, 33.61536 ], [ -86.383841, 33.599119 ], [ -86.447435, 33.589453 ], [ -86.453424, 33.546312 ], [ -86.481551, 33.545808 ] ] ] } },
{ "type": "Feature", "properties": { "geo_id": "0102670", "geo_name": "Perry County School District", "geo_level": "school_district", "year": 2022 }, "geometry": { "type": "Polygon", "coordinates": [ [ [ -87.524485, 32.482028 ], [ -87.52429, 32.307293 ], [ -87.47308, 32.307614 ], [ -87.421744, 32.308101 ], [ -87.423153, 32.482965 ], [ -87.233798, 32.484372 ], [ -87.112362, 32.48865 ], [ -87.089967, 32.534416 ], [ -87.081298, 32.570475 ], [ -87.041158, 32.597892 ], [ -87.047873, 32.620776 ], [ -87.030762, 32.674554 ], [ -87.033255, 32.695844 ], [ -87.017762, 32.729532 ], [ -87.019157, 32.837034 ], [ -87.223663, 32.835149 ], [ -87.319184, 32.831522 ], [ -87.319473, 32.875124 ], [ -87.4212, 32.874508 ], [ -87.421387, 32.830829 ], [ -87.472174, 32.83062 ], [ -87.473915, 32.655867 ], [ -87.525198, 32.655713 ], [ -87.524485, 32.482028 ] ] ] } },
{ "type": "Feature", "properties": { "geo_id": "0102700", "geo_name": "Phenix City City School District", "geo_level": "school_district", "year": 2022 }, "geometry": { "type": "MultiPolygon", "coordinates": [ [ [ [ -85.086953, 32.472278 ], [ -85.072099, 32.472641 ], [ -85.060013, 32.487987 ], [ -85.047381, 32.477751 ], [ -85.0502, 32.432989 ], [ -85.038862, 32.4242 ], [ -85.067801, 32.388244 ], [ -85.040709, 32.420607 ], [ -84.963222, 32.423428 ], [ -84.99353, 32.450743 ], [ -85.00102, 32.510157 ], [ -85.00131, 32.512845 ], [ -85.001324, 32.512973 ], [ -85.001532, 32.514741 ], [ -85.026572, 32.529809 ], [ -85.026531, 32.524166 ], [ -85.046236, 32.512884 ], [ -85.046622, 32.514167 ], [ -85.062627, 32.530452 ], [ -85.070452, 32.530298 ], [ -85.077335, 32.525206 ], [ -85.077648, 32.523877 ], [ -85.07732, 32.523464 ], [ -85.075902, 32.523496 ], [ -85.071216, 32.521186 ], [ -85.068188, 32.520687 ], [ -85.051146, 32.509346 ], [ -85.048513, 32.487969 ], [ -85.048551, 32.48954 ], [ -85.051534, 32.493129 ], [ -85.052631, 32.487378 ], [ -85.060203, 32.491822 ], [ -85.086953, 32.472278 ] ] ], [ [ [ -85.020139, 32.509822 ], [ -85.018388, 32.509834 ], [ -85.018683, 32.509831 ], [ -85.019265, 32.509831 ], [ -85.020139, 32.509822 ] ] ] ] } },
{ "type": "Feature", "properties": { "geo_id": "0102730", "geo_name": "Pickens County School District", "geo_level": "school_district", "year": 2022 }, "geometry": { "type": "Polygon", "coordinates": [ [ [ -88.304434, 33.28832 ], [ -88.340432, 32.991199 ], [ -88.171852, 32.99586 ], [ -88.135579, 33.03656 ], [ -88.086075, 33.036247 ], [ -88.03148, 33.061284 ], [ -87.968838, 33.077641 ], [ -87.927146, 33.121104 ], [ -87.85494, 33.14119 ], [ -87.837521, 33.153637 ], [ -87.838228, 33.409267 ], [ -87.840683, 33.524839 ], [ -87.946519, 33.524065 ], [ -88.274619, 33.534008 ], [ -88.304434, 33.28832 ] ] ] } },
{ "type": "Feature", "properties": { "geo_id": "0102760", "geo_name": "Piedmont City School District", "geo_level": "school_district", "year": 2022 }, "geometry": { "type": "Polygon", "coordinates": [ [ [ -85.654015, 33.963442 ], [ -85.664725, 33.912483 ], [ -85.660928, 33.877588 ], [ -85.637012, 33.875273 ], [ -85.381041, 33.873477 ], [ -85.398837, 33.964129 ], [ -85.425627, 33.957069 ], [ -85.529432, 33.95598 ], [ -85.654015, 33.963442 ] ] ] } },
{ "type": "Feature", "properties": { "geo_id": "0102790", "geo_name": "Pike County School District", "geo_level": "school_district", "year": 2022 }, "geometry": { "type": "Polygon", "coordinates": [ [ [ -86.191379, 31.966453 ], [ -86.174969, 31.930597 ], [ -86.173145, 31.891814 ], [ -86.182949, 31.83239 ], [ -86.199378, 31.79045 ], [ -86.148339, 31.790951 ], [ -86.147147, 31.66315 ], [ -86.179697, 31.627382 ], [ -86.145895, 31.617741 ], [ -85.999948, 31.619311 ], [ -85.789142, 31.617964 ], [ -85.748251, 31.618048 ], [ -85.716961, 31.655071 ], [ -85.717383, 31.690818 ], [ -85.700723, 31.742387 ], [ -85.671247, 31.76094 ], [ -85.662692, 31.783319 ], [ -85.677672, 31.852244 ], [ -85.657668, 31.880275 ], [ -85.791047, 31.880357 ], [ -85.790048, 31.967254 ], [ -85.88435, 31.967253 ], [ -85.892651, 31.989053 ], [ -85.893652, 32.047351 ], [ -85.911755, 32.054752 ], [ -85.996853, 32.051049 ], [ -85.995563, 31.967554 ], [ -86.191379, 31.966453 ] ], [ [ -85.956494, 31.764209 ], [ -86.020046, 31.763893 ], [ -85.998602, 31.797777 ], [ -86.010686, 31.833012 ], [ -85.978523, 31.826897 ], [ -85.960395, 31.843584 ], [ -85.922462, 31.843727 ], [ -85.900419, 31.789317 ], [ -85.934683, 31.785724 ], [ -85.956494, 31.764209 ] ] ] } },
{ "type": "Feature", "properties": { "geo_id": "0102820", "geo_name": "Randolph County School District", "geo_level": "school_district", "year": 2022 }, "geometry": { "type": "Polygon", "coordinates": [ [ [ -85.643482, 33.495885 ], [ -85.65308, 33.212117 ], [ -85.653654, 33.106634 ], [ -85.593177, 33.10734 ], [ -85.411829, 33.108717 ], [ -85.403488, 33.118378 ], [ -85.403151, 33.178451 ], [ -85.345243, 33.182361 ], [ -85.333069, 33.178388 ], [ -85.333972, 33.112586 ], [ -85.394605, 33.108598 ], [ -85.232378, 33.108077 ], [ -85.304439, 33.482884 ], [ -85.331061, 33.491014 ], [ -85.468442, 33.494543 ], [ -85.643482, 33.495885 ] ] ] } },
{ "type": "Feature", "properties": { "geo_id": "0102850", "geo_name": "Roanoke City School District", "geo_level": "school_district", "year": 2022 }, "geometry": { "type": "Polygon", "coordinates": [ [ [ -85.403488, 33.118378 ], [ -85.411829, 33.108717 ], [ -85.402678, 33.108617 ], [ -85.398389, 33.108598 ], [ -85.394605, 33.108598 ], [ -85.333972, 33.112586 ], [ -85.333069, 33.178388 ], [ -85.345243, 33.182361 ], [ -85.403151, 33.178451 ], [ -85.403488, 33.118378 ] ] ] } },
{ "type": "Feature", "properties": { "geo_id": "0102880", "geo_name": "Russell County School District", "geo_level": "school_district", "year": 2022 }, "geometry": { "type": "MultiPolygon", "coordinates": [ [ [ [ -85.051146, 32.509346 ], [ -85.060508, 32.498722 ], [ -85.06032, 32.494903 ], [ -85.060203, 32.491822 ], [ -85.052631, 32.487378 ], [ -85.051534, 32.493129 ], [ -85.048551, 32.48954 ], [ -85.048513, 32.487969 ], [ -85.051146, 32.509346 ] ] ], [ [ [ -85.434045, 32.40984 ], [ -85.433543, 32.234648 ], [ -85.427441, 32.146551 ], [ -85.410241, 32.146651 ], [ -85.257747, 32.148251 ], [ -85.245495, 32.119143 ], [ -85.208799, 32.092815 ], [ -85.185067, 32.061708 ], [ -85.056029, 32.063055 ], [ -85.045063, 32.088063 ], [ -85.06206, 32.132486 ], [ -85.009224, 32.181646 ], [ -84.963728, 32.195852 ], [ -84.973328, 32.21765 ], [ -84.930727, 32.21895 ], [ -84.901191, 32.258374 ], [ -84.9338, 32.29826 ], [ -85.002791, 32.322428 ], [ -85.004582, 32.345196 ], [ -84.983866, 32.362386 ], [ -84.979431, 32.412244 ], [ -84.963222, 32.423428 ], [ -85.040709, 32.420607 ], [ -85.067801, 32.388244 ], [ -85.038862, 32.4242 ], [ -85.0502, 32.432989 ], [ -85.047381, 32.477751 ], [ -85.060013, 32.487987 ], [ -85.072099, 32.472641 ], [ -85.086953, 32.472278 ], [ -85.08908, 32.47217 ], [ -85.093812, 32.472056 ], [ -85.333843, 32.468639 ], [ -85.330143, 32.410842 ], [ -85.434045, 32.40984 ] ] ] ] } },
{ "type": "Feature", "properties": { "geo_id": "0102910", "geo_name": "Russellville City School District", "geo_level": "school_district", "year": 2022 }, "geometry": { "type": "Polygon", "coordinates": [ [ [ -87.75089, 34.530998 ], [ -87.75889, 34.484606 ], [ -87.733257, 34.460378 ], [ -87.712534, 34.461841 ], [ -87.737297, 34.472902 ], [ -87.741779, 34.473003 ], [ -87.736661, 34.476877 ], [ -87.736243, 34.476874 ], [ -87.708702, 34.483403 ], [ -87.714679, 34.531006 ], [ -87.715969, 34.533606 ], [ -87.706591, 34.538171 ], [ -87.706175, 34.537595 ], [ -87.740219, 34.54243 ], [ -87.75089, 34.530998 ] ] ] } },
{ "type": "Feature", "properties": { "geo_id": "0102940", "geo_name": "Scottsboro City School District", "geo_level": "school_district", "year": 2022 }, "geometry": { "type": "Polygon", "coordinates": [ [ [ -86.028074, 34.711468 ], [ -86.051195, 34.69381 ], [ -86.112389, 34.683042 ], [ -86.112626, 34.6132 ], [ -86.099958, 34.573474 ], [ -86.065774, 34.569107 ], [ -85.957067, 34.660911 ], [ -85.982767, 34.677245 ], [ -85.99072, 34.711575 ], [ -86.028074, 34.711468 ] ] ] } },
{ "type": "Feature", "properties": { "geo_id": "0102970", "geo_name": "Selma City School District", "geo_level": "school_district", "year": 2022 }, "geometry": { "type": "Polygon", "coordinates": [ [ [ -87.011352, 32.402946 ], [ -87.017932, 32.444148 ], [ -87.049726, 32.443814 ], [ -87.06476, 32.390177 ], [ -87.011805, 32.403263 ], [ -87.011352, 32.402946 ] ] ] } },
{ "type": "Feature", "properties": { "geo_id": "0103000", "geo_name": "Sheffield City School District", "geo_level": "school_district", "year": 2022 }, "geometry": { "type": "Polygon", "coordinates": [ [ [ -87.741104, 34.735044 ], [ -87.679157, 34.745026 ], [ -87.674642, 34.759536 ], [ -87.66753, 34.760391 ], [ -87.667504, 34.760732 ], [ -87.673331, 34.780517 ], [ -87.712129, 34.766817 ], [ -87.741104, 34.735044 ] ] ] } },
{ "type": "Feature", "properties": { "geo_id": "0103030", "geo_name": "Shelby County School District", "geo_level": "school_district", "year": 2022 }, "geometry": { "type": "MultiPolygon", "coordinates": [ [ [ [ -86.830632, 33.338407 ], [ -86.830641, 33.337341 ], [ -86.825776, 33.348205 ], [ -86.830595, 33.342803 ], [ -86.830596, 33.342702 ], [ -86.830632, 33.338407 ] ] ], [ [ [ -86.862665, 33.228239 ], [ -86.862839, 33.225734 ], [ -86.862265, 33.228327 ], [ -86.862576, 33.228343 ], [ -86.862665, 33.228239 ] ] ], [ [ [ -86.882531, 33.328043 ], [ -86.870712, 33.332758 ], [ -86.875087, 33.332839 ], [ -86.882525, 33.328415 ], [ -86.882531, 33.328043 ] ] ], [ [ [ -86.896485, 33.315052 ], [ -86.899748, 33.313113 ], [ -86.899743, 33.311498 ], [ -86.895563, 33.316434 ], [ -86.896485, 33.315052 ] ] ], [ [ [ -87.026846, 33.246459 ], [ -87.025596, 33.165795 ], [ -86.969563, 33.158135 ], [ -86.969291, 33.098397 ], [ -86.933972, 33.064059 ], [ -86.881182, 33.049901 ], [ -86.881638, 33.071861 ], [ -86.791075, 33.069027 ], [ -86.610003, 33.070003 ], [ -86.604032, 33.055086 ], [ -86.552759, 33.018664 ], [ -86.517344, 33.020566 ], [ -86.512106, 33.085876 ], [ -86.491029, 33.102944 ], [ -86.459926, 33.125117 ], [ -86.503127, 33.179144 ], [ -86.486144, 33.201867 ], [ -86.460978, 33.20293 ], [ -86.458026, 33.241434 ], [ -86.35734, 33.296917 ], [ -86.368108, 33.34167 ], [ -86.352857, 33.372537 ], [ -86.378665, 33.390983 ], [ -86.378222, 33.502411 ], [ -86.481939, 33.502544 ], [ -86.481551, 33.545808 ], [ -86.507977, 33.546058 ], [ -86.517199, 33.524136 ], [ -86.543279, 33.521113 ], [ -86.551793, 33.51745 ], [ -86.560624, 33.517512 ], [ -86.565013, 33.510616 ], [ -86.574112, 33.503256 ], [ -86.587012, 33.496073 ], [ -86.587065, 33.492352 ], [ -86.595701, 33.481482 ], [ -86.59581, 33.481482 ], [ -86.604585, 33.474179 ], [ -86.604626, 33.467127 ], [ -86.630617, 33.415862 ], [ -86.660612, 33.409137 ], [ -86.677639, 33.422728 ], [ -86.704581, 33.43044 ], [ -86.705919, 33.430469 ], [ -86.704712, 33.425666 ], [ -86.721953, 33.387257 ], [ -86.769863, 33.388533 ], [ -86.77289, 33.388607 ], [ -86.77467, 33.388649 ], [ -86.778388, 33.386924 ], [ -86.778388, 33.386316 ], [ -86.778543, 33.37114 ], [ -86.782857, 33.345143 ], [ -86.752518, 33.337024 ], [ -86.722146, 33.358081 ], [ -86.714873, 33.364309 ], [ -86.691607, 33.342625 ], [ -86.722329, 33.325135 ], [ -86.713698, 33.292316 ], [ -86.713957, 33.292218 ], [ -86.714651, 33.292076 ], [ -86.716832, 33.292108 ], [ -86.744359, 33.263761 ], [ -86.787495, 33.243158 ], [ -86.761654, 33.227766 ], [ -86.770179, 33.228961 ], [ -86.782148, 33.20755 ], [ -86.761466, 33.190859 ], [ -86.752557, 33.186856 ], [ -86.805907, 33.171222 ], [ -86.807168, 33.17 ], [ -86.807476, 33.170295 ], [ -86.866175, 33.190499 ], [ -86.87439, 33.230697 ], [ -86.823965, 33.271757 ], [ -86.83069, 33.331798 ], [ -86.835121, 33.332082 ], [ -86.839232, 33.332158 ], [ -86.876974, 33.30127 ], [ -86.900071, 33.307763 ], [ -86.900911, 33.307755 ], [ -86.903439, 33.307732 ], [ -86.921959, 33.296529 ], [ -86.926151, 33.289397 ], [ -86.969575, 33.267474 ], [ -86.982887, 33.246007 ], [ -87.026846, 33.246459 ] ], [ [ -86.862023, 33.228565 ], [ -86.87439, 33.230697 ], [ -86.862226, 33.228711 ], [ -86.862152, 33.228638 ], [ -86.862136, 33.228607 ], [ -86.862131, 33.228585 ], [ -86.862138, 33.228547 ], [ -86.862017, 33.228539 ], [ -86.862023, 33.228565 ] ] ], [ [ [ -86.630448, 33.466808 ], [ -86.626361, 33.463155 ], [ -86.626359, 33.466809 ], [ -86.630448, 33.466808 ] ] ], [ [ [ -86.749878, 33.417145 ], [ -86.749985, 33.416886 ], [ -86.749009, 33.417115 ], [ -86.749206, 33.417122 ], [ -86.749878, 33.417145 ] ] ], [ [ [ -86.750202, 33.416601 ], [ -86.750717, 33.416083 ], [ -86.750113, 33.4166 ], [ -86.750164, 33.416637 ], [ -86.750202, 33.416601 ] ] ], [ [ [ -86.75118, 33.41279 ], [ -86.727722, 33.416432 ], [ -86.742182, 33.416886 ], [ -86.75118, 33.41279 ] ] ], [ [ [ -86.752348, 33.41542 ], [ -86.752348, 33.41528 ], [ -86.751501, 33.415429 ], [ -86.752347, 33.415509 ], [ -86.752348, 33.41542 ] ] ], [ [ [ -86.812743, 33.363615 ], [ -86.813342, 33.363464 ], [ -86.813339, 33.363073 ], [ -86.797824, 33.36731 ], [ -86.812743, 33.363615 ] ] ], [ [ [ -86.805167, 33.195542 ], [ -86.817896, 33.199555 ], [ -86.817598, 33.199488 ], [ -86.817527, 33.198176 ], [ -86.818226, 33.197532 ], [ -86.818171, 33.193029 ], [ -86.805167, 33.195542 ] ] ] ] } },
{ "type": "Feature", "properties": { "geo_id": "0103062", "geo_name": "St. Clair County School District", "geo_level": "school_district", "year": 2022 }, "geometry": { "type": "Polygon", "coordinates": [ [ [ -86.325622, 33.940147 ], [ -86.346233, 33.915573 ], [ -86.339338, 33.894843 ], [ -86.405981, 33.835896 ], [ -86.521771, 33.801901 ], [ -86.577528, 33.801977 ], [ -86.577799, 33.765316 ], [ -86.542758, 33.765154 ], [ -86.542642, 33.735636 ], [ -86.52503, 33.71131 ], [ -86.525273, 33.702743 ], [ -86.525393, 33.670261 ], [ -86.516189, 33.640711 ], [ -86.520934, 33.640937 ], [ -86.521417, 33.63739 ], [ -86.519896, 33.637352 ], [ -86.520356, 33.631273 ], [ -86.521861, 33.628248 ], [ -86.533686, 33.634382 ], [ -86.551473, 33.60776 ], [ -86.551544, 33.594428 ], [ -86.551581, 33.590319 ], [ -86.551917, 33.566247 ], [ -86.512622, 33.557639 ], [ -86.507977, 33.546058 ], [ -86.481551, 33.545808 ], [ -86.453424, 33.546312 ], [ -86.447435, 33.589453 ], [ -86.383841, 33.599119 ], [ -86.367284, 33.61536 ], [ -86.368561, 33.653624 ], [ -86.304761, 33.653819 ], [ -86.278241, 33.670202 ], [ -86.238794, 33.643501 ], [ -86.21819, 33.643734 ], [ -86.204983, 33.682694 ], [ -86.145562, 33.679098 ], [ -86.137396, 33.715351 ], [ -86.043993, 33.763595 ], [ -86.064364, 33.797775 ], [ -86.051439, 33.824134 ], [ -86.065272, 33.842198 ], [ -86.096668, 33.861365 ], [ -86.119099, 33.900145 ], [ -86.141963, 33.903981 ], [ -86.166708, 33.9282 ], [ -86.168141, 33.965181 ], [ -86.215525, 33.987421 ], [ -86.246658, 33.971544 ], [ -86.290127, 33.983719 ], [ -86.325622, 33.940147 ] ] ] } },
{ "type": "Feature", "properties": { "geo_id": "0103090", "geo_name": "Sumter County School District", "geo_level": "school_district", "year": 2022 }, "geometry": { "type": "Polygon", "coordinates": [ [ [ -88.388797, 32.578123 ], [ -88.421453, 32.30868 ], [ -88.209112, 32.307574 ], [ -87.930661, 32.310574 ], [ -87.970943, 32.344347 ], [ -87.993862, 32.34723 ], [ -88.019476, 32.370461 ], [ -88.046335, 32.377087 ], [ -88.031623, 32.43361 ], [ -87.956211, 32.470405 ], [ -87.945065, 32.491251 ], [ -87.901264, 32.523172 ], [ -87.85268, 32.515203 ], [ -87.85342, 32.532086 ], [ -87.873811, 32.544286 ], [ -87.875014, 32.571824 ], [ -87.904841, 32.614576 ], [ -87.928689, 32.632284 ], [ -87.977005, 32.610781 ], [ -88.053729, 32.593052 ], [ -88.079159, 32.619684 ], [ -88.055004, 32.646482 ], [ -88.057987, 32.674384 ], [ -88.116407, 32.697361 ], [ -88.08538, 32.709054 ], [ -88.109633, 32.770989 ], [ -88.079338, 32.772948 ], [ -88.132685, 32.832853 ], [ -88.179966, 32.871675 ], [ -88.189754, 32.910731 ], [ -88.207316, 32.924782 ], [ -88.188684, 32.959108 ], [ -88.165276, 32.954321 ], [ -88.171852, 32.99586 ], [ -88.340432, 32.991199 ], [ -88.347887, 32.929082 ], [ -88.388797, 32.578123 ] ] ] } },
{ "type": "Feature", "properties": { "geo_id": "0103120", "geo_name": "Sylacauga City School District", "geo_level": "school_district", "year": 2022 }, "geometry": { "type": "MultiPolygon", "coordinates": [ [ [ [ -86.263796, 33.186077 ], [ -86.264951, 33.186389 ], [ -86.264664, 33.186321 ], [ -86.264407, 33.186222 ], [ -86.263859, 33.185911 ], [ -86.263796, 33.186077 ] ] ], [ [ [ -86.259411, 33.196469 ], [ -86.289644, 33.167637 ], [ -86.288187, 33.163984 ], [ -86.260132, 33.123741 ], [ -86.240356, 33.142549 ], [ -86.233686, 33.196332 ], [ -86.259122, 33.210988 ], [ -86.259411, 33.196469 ] ] ] ] } },
{ "type": "Feature", "properties": { "geo_id": "0103150", "geo_name": "Talladega City School District", "geo_level": "school_district", "year": 2022 }, "geometry": { "type": "Polygon", "coordinates": [ [ [ -86.157971, 33.417849 ], [ -86.146141, 33.398066 ], [ -86.064423, 33.39709 ], [ -86.053417, 33.404792 ], [ -86.052875, 33.447944 ], [ -86.076293, 33.473174 ], [ -86.148592, 33.458486 ], [ -86.140915, 33.431088 ], [ -86.157971, 33.417849 ] ] ] } },
{ "type": "Feature", "properties": { "geo_id": "0103180", "geo_name": "Talladega County School District", "geo_level": "school_district", "year": 2022 }, "geometry": { "type": "Polygon", "coordinates": [ [ [ -86.378665, 33.390983 ], [ -86.352857, 33.372537 ], [ -86.368108, 33.34167 ], [ -86.35734, 33.296917 ], [ -86.458026, 33.241434 ], [ -86.460978, 33.20293 ], [ -86.486144, 33.201867 ], [ -86.503127, 33.179144 ], [ -86.459926, 33.125117 ], [ -86.491029, 33.102944 ], [ -86.17437, 33.104394 ], [ -86.17283, 33.195681 ], [ -86.120567, 33.194511 ], [ -86.118198, 33.29632 ], [ -85.980293, 33.29419 ], [ -85.976525, 33.38187 ], [ -85.941262, 33.381749 ], [ -85.923762, 33.396206 ], [ -85.922817, 33.454576 ], [ -85.905338, 33.45471 ], [ -85.904909, 33.498655 ], [ -85.85189, 33.498742 ], [ -85.796852, 33.541849 ], [ -85.796054, 33.55622 ], [ -85.855547, 33.568714 ], [ -85.847705, 33.586 ], [ -85.948416, 33.5858 ], [ -85.951822, 33.585831 ], [ -85.994935, 33.586475 ], [ -86.020558, 33.598068 ], [ -86.021549, 33.599721 ], [ -86.021587, 33.601163 ], [ -86.026401, 33.647197 ], [ -86.050669, 33.67459 ], [ -86.145562, 33.679098 ], [ -86.204983, 33.682694 ], [ -86.172437, 33.659831 ], [ -86.16948, 33.619236 ], [ -86.221017, 33.587919 ], [ -86.189812, 33.547238 ], [ -86.226579, 33.52055 ], [ -86.253259, 33.488844 ], [ -86.286344, 33.504489 ], [ -86.307327, 33.454532 ], [ -86.347802, 33.409686 ], [ -86.378665, 33.390983 ] ], [ [ -86.289644, 33.167637 ], [ -86.259411, 33.196469 ], [ -86.259122, 33.210988 ], [ -86.233686, 33.196332 ], [ -86.240356, 33.142549 ], [ -86.260132, 33.123741 ], [ -86.288187, 33.163984 ], [ -86.289644, 33.167637 ] ], [ [ -86.264951, 33.186389 ], [ -86.263796, 33.186077 ], [ -86.263859, 33.185911 ], [ -86.264407, 33.186222 ], [ -86.264664, 33.186321 ], [ -86.264951, 33.186389 ] ], [ [ -86.157971, 33.417849 ], [ -86.140915, 33.431088 ], [ -86.148592, 33.458486 ], [ -86.076293, 33.473174 ], [ -86.052875, 33.447944 ], [ -86.053417, 33.404792 ], [ -86.064423, 33.39709 ], [ -86.146141, 33.398066 ], [ -86.157971, 33.417849 ] ] ] } },
{ "type": "Feature", "properties": { "geo_id": "0103210", "geo_name": "Tallapoosa County School District", "geo_level": "school_district", "year": 2022 }, "geometry": { "type": "Polygon", "coordinates": [ [ [ -86.00917, 33.09026 ], [ -86.008263, 32.966054 ], [ -85.947826, 32.965837 ], [ -85.943452, 32.984026 ], [ -85.855926, 32.978386 ], [ -85.871488, 32.924448 ], [ -85.870731, 32.871065 ], [ -85.90442, 32.870054 ], [ -85.878698, 32.828501 ], [ -85.891616, 32.813355 ], [ -85.895368, 32.754581 ], [ -85.881859, 32.737558 ], [ -85.907668, 32.698717 ], [ -85.911714, 32.67784 ], [ -85.887747, 32.64761 ], [ -85.894559, 32.603132 ], [ -85.886148, 32.493053 ], [ -85.797156, 32.494236 ], [ -85.798585, 32.581089 ], [ -85.712654, 32.581834 ], [ -85.695854, 32.595933 ], [ -85.696755, 32.697429 ], [ -85.679854, 32.71253 ], [ -85.610253, 32.713929 ], [ -85.593151, 32.72853 ], [ -85.593177, 33.10734 ], [ -85.653654, 33.106634 ], [ -85.801694, 33.104298 ], [ -85.974715, 33.105286 ], [ -86.00917, 33.09026 ] ] ] } },
{ "type": "Feature", "properties": { "geo_id": "0103240", "geo_name": "Tallassee City School District", "geo_level": "school_district", "year": 2022 }, "geometry": { "type": "Polygon", "coordinates": [ [ [ -85.907668, 32.698717 ], [ -85.941932, 32.70731 ], [ -85.953821, 32.63302 ], [ -85.946345, 32.61119 ], [ -85.970637, 32.577309 ], [ -85.989993, 32.580137 ], [ -85.990208, 32.537238 ], [ -86.03102, 32.516869 ], [ -86.057631, 32.491275 ], [ -86.05475, 32.473049 ], [ -86.012853, 32.470632 ], [ -85.995397, 32.428058 ], [ -85.931776, 32.453528 ], [ -85.89442, 32.447578 ], [ -85.870305, 32.481474 ], [ -85.886148, 32.493053 ], [ -85.894559, 32.603132 ], [ -85.887747, 32.64761 ], [ -85.911714, 32.67784 ], [ -85.907668, 32.698717 ] ] ] } },
{ "type": "Feature", "properties": { "geo_id": "0103270", "geo_name": "Tarrant City School District", "geo_level": "school_district", "year": 2022 }, "geometry": { "type": "Polygon", "coordinates": [ [ [ -86.749943, 33.611963 ], [ -86.778363, 33.622019 ], [ -86.788217, 33.574856 ], [ -86.751137, 33.577526 ], [ -86.748472, 33.579644 ], [ -86.74575, 33.603111 ], [ -86.749943, 33.611963 ] ] ] } },
{ "type": "Feature", "properties": { "geo_id": "0103300", "geo_name": "Thomasville City School District", "geo_level": "school_district", "year": 2022 }, "geometry": { "type": "Polygon", "coordinates": [ [ [ -87.816852, 31.990526 ], [ -87.817279, 31.82496 ], [ -87.737068, 31.833984 ], [ -87.620193, 31.833342 ], [ -87.620951, 31.870395 ], [ -87.666836, 31.875747 ], [ -87.667769, 31.991355 ], [ -87.816852, 31.990526 ] ] ] } },
{ "type": "Feature", "properties": { "geo_id": "0103330", "geo_name": "Troy City School District", "geo_level": "school_district", "year": 2022 }, "geometry": { "type": "Polygon", "coordinates": [ [ [ -85.978523, 31.826897 ], [ -86.010686, 31.833012 ], [ -85.998602, 31.797777 ], [ -86.020046, 31.763893 ], [ -85.956494, 31.764209 ], [ -85.934683, 31.785724 ], [ -85.900419, 31.789317 ], [ -85.922462, 31.843727 ], [ -85.960395, 31.843584 ], [ -85.978523, 31.826897 ] ] ] } },
{ "type": "Feature", "properties": { "geo_id": "0103360", "geo_name": "Tuscaloosa City School District", "geo_level": "school_district", "year": 2022 }, "geometry": { "type": "Polygon", "coordinates": [ [ [ -87.630738, 33.23106 ], [ -87.595752, 33.197369 ], [ -87.615725, 33.173355 ], [ -87.567074, 33.167821 ], [ -87.539368, 33.153317 ], [ -87.518203, 33.164543 ], [ -87.481496, 33.148958 ], [ -87.45147, 33.170015 ], [ -87.403853, 33.171232 ], [ -87.404789, 33.190666 ], [ -87.45536, 33.189542 ], [ -87.48474, 33.20554 ], [ -87.502065, 33.243798 ], [ -87.474246, 33.254434 ], [ -87.478547, 33.309589 ], [ -87.504828, 33.309224 ], [ -87.529811, 33.328767 ], [ -87.528927, 33.329496 ], [ -87.527878, 33.330512 ], [ -87.527842, 33.330569 ], [ -87.587302, 33.35513 ], [ -87.58642, 33.380265 ], [ -87.611809, 33.387128 ], [ -87.612021, 33.386838 ], [ -87.613243, 33.386774 ], [ -87.613325, 33.386601 ], [ -87.5674, 33.352514 ], [ -87.567266, 33.352461 ], [ -87.567174, 33.352812 ], [ -87.567117, 33.352964 ], [ -87.535468, 33.318031 ], [ -87.556963, 33.305785 ], [ -87.556709, 33.305737 ], [ -87.55886, 33.311788 ], [ -87.55949, 33.312672 ], [ -87.559589, 33.312861 ], [ -87.559937, 33.313418 ], [ -87.521674, 33.308158 ], [ -87.540405, 33.268213 ], [ -87.542159, 33.263732 ], [ -87.544058, 33.256386 ], [ -87.547317, 33.249873 ], [ -87.546995, 33.249773 ], [ -87.540988, 33.249245 ], [ -87.541018, 33.246273 ], [ -87.543331, 33.245957 ], [ -87.544171, 33.24629 ], [ -87.544734, 33.246051 ], [ -87.544998, 33.246033 ], [ -87.545122, 33.24627 ], [ -87.546286, 33.246124 ], [ -87.547498, 33.246332 ], [ -87.556057, 33.234664 ], [ -87.556048, 33.23448 ], [ -87.577672, 33.213155 ], [ -87.623831, 33.216387 ], [ -87.625961, 33.228447 ], [ -87.625917, 33.228047 ], [ -87.624584, 33.228366 ], [ -87.625026, 33.228542 ], [ -87.6252, 33.228624 ], [ -87.625396, 33.228731 ], [ -87.625441, 33.228758 ], [ -87.630097, 33.23071 ], [ -87.630738, 33.23106 ] ] ] } },
{ "type": "Feature", "properties": { "geo_id": "0103390", "geo_name": "Tuscaloosa County School District", "geo_level": "school_district", "year": 2022 }, "geometry": { "type": "Polygon", "coordinates": [ [ [ -87.840683, 33.524839 ], [ -87.838228, 33.409267 ], [ -87.837521, 33.153637 ], [ -87.831459, 33.093857 ], [ -87.832233, 33.017258 ], [ -87.710995, 33.017721 ], [ -87.715709, 33.006824 ], [ -87.421936, 33.003379 ], [ -87.318539, 33.006179 ], [ -87.311577, 33.093933 ], [ -87.281945, 33.13306 ], [ -87.199317, 33.130657 ], [ -87.199153, 33.196554 ], [ -87.152071, 33.232484 ], [ -87.121871, 33.235843 ], [ -87.104101, 33.221457 ], [ -87.065738, 33.246907 ], [ -87.065754, 33.275937 ], [ -87.087497, 33.290675 ], [ -87.126756, 33.290844 ], [ -87.179638, 33.321112 ], [ -87.197584, 33.358134 ], [ -87.231999, 33.365851 ], [ -87.232045, 33.395137 ], [ -87.284363, 33.440578 ], [ -87.335577, 33.456251 ], [ -87.330816, 33.491501 ], [ -87.285024, 33.485785 ], [ -87.266923, 33.512929 ], [ -87.318237, 33.514166 ], [ -87.318532, 33.587393 ], [ -87.37104, 33.587065 ], [ -87.371118, 33.601697 ], [ -87.423701, 33.602096 ], [ -87.631718, 33.609833 ], [ -87.63161, 33.580669 ], [ -87.666633, 33.579807 ], [ -87.666661, 33.521667 ], [ -87.736652, 33.519568 ], [ -87.840683, 33.524839 ] ], [ [ -87.481496, 33.148958 ], [ -87.518203, 33.164543 ], [ -87.539368, 33.153317 ], [ -87.567074, 33.167821 ], [ -87.615725, 33.173355 ], [ -87.595752, 33.197369 ], [ -87.630738, 33.23106 ], [ -87.630097, 33.23071 ], [ -87.625441, 33.228758 ], [ -87.625396, 33.228731 ], [ -87.6252, 33.228624 ], [ -87.625026, 33.228542 ], [ -87.624584, 33.228366 ], [ -87.625917, 33.228047 ], [ -87.625961, 33.228447 ], [ -87.623831, 33.216387 ], [ -87.577672, 33.213155 ], [ -87.556048, 33.23448 ], [ -87.556057, 33.234664 ], [ -87.547498, 33.246332 ], [ -87.546286, 33.246124 ], [ -87.545122, 33.24627 ], [ -87.544998, 33.246033 ], [ -87.544734, 33.246051 ], [ -87.544171, 33.24629 ], [ -87.543331, 33.245957 ], [ -87.541018, 33.246273 ], [ -87.540988, 33.249245 ], [ -87.546995, 33.249773 ], [ -87.547317, 33.249873 ], [ -87.544058, 33.256386 ], [ -87.542159, 33.263732 ], [ -87.540405, 33.268213 ], [ -87.521674, 33.308158 ], [ -87.559937, 33.313418 ], [ -87.559589, 33.312861 ], [ -87.55949, 33.312672 ], [ -87.55886, 33.311788 ], [ -87.556709, 33.305737 ], [ -87.556963, 33.305785 ], [ -87.535468, 33.318031 ], [ -87.567117, 33.352964 ], [ -87.567174, 33.352812 ], [ -87.567266, 33.352461 ], [ -87.5674, 33.352514 ], [ -87.613325, 33.386601 ], [ -87.613243, 33.386774 ], [ -87.612021, 33.386838 ], [ -87.611809, 33.387128 ], [ -87.58642, 33.380265 ], [ -87.587302, 33.35513 ], [ -87.527842, 33.330569 ], [ -87.527878, 33.330512 ], [ -87.528927, 33.329496 ], [ -87.529811, 33.328767 ], [ -87.504828, 33.309224 ], [ -87.478547, 33.309589 ], [ -87.474246, 33.254434 ], [ -87.502065, 33.243798 ], [ -87.48474, 33.20554 ], [ -87.45536, 33.189542 ], [ -87.404789, 33.190666 ], [ -87.403853, 33.171232 ], [ -87.45147, 33.170015 ], [ -87.481496, 33.148958 ] ] ] } },
{ "type": "Feature", "properties": { "geo_id": "0103420", "geo_name": "Tuscumbia City School District", "geo_level": "school_district", "year": 2022 }, "geometry": { "type": "Polygon", "coordinates": [ [ [ -87.741104, 34.735044 ], [ -87.74235, 34.709619 ], [ -87.711123, 34.712598 ], [ -87.702294, 34.690154 ], [ -87.664692, 34.705776 ], [ -87.6666, 34.705251 ], [ -87.667725, 34.711338 ], [ -87.666995, 34.71164 ], [ -87.667794, 34.713281 ], [ -87.66782, 34.713936 ], [ -87.667983, 34.716742 ], [ -87.668008, 34.718163 ], [ -87.674755, 34.718816 ], [ -87.676591, 34.720745 ], [ -87.678496, 34.722747 ], [ -87.679157, 34.745026 ], [ -87.741104, 34.735044 ] ] ] } },
{ "type": "Feature", "properties": { "geo_id": "0103430", "geo_name": "Vestavia Hills City School District", "geo_level": "school_district", "year": 2022 }, "geometry": { "type": "MultiPolygon", "coordinates": [ [ [ [ -86.741767, 33.424711 ], [ -86.741778, 33.424053 ], [ -86.739721, 33.421141 ], [ -86.738232, 33.421729 ], [ -86.73703, 33.420743 ], [ -86.735439, 33.421574 ], [ -86.736396, 33.421779 ], [ -86.737209, 33.421994 ], [ -86.735913, 33.422556 ], [ -86.737975, 33.422608 ], [ -86.73614, 33.422924 ], [ -86.736402, 33.425137 ], [ -86.739188, 33.424161 ], [ -86.73866, 33.42483 ], [ -86.738594, 33.424848 ], [ -86.737255, 33.425227 ], [ -86.737162, 33.425243 ], [ -86.737764, 33.425542 ], [ -86.735703, 33.426335 ], [ -86.735413, 33.427109 ], [ -86.733918, 33.426649 ], [ -86.733806, 33.426617 ], [ -86.734064, 33.426015 ], [ -86.72884, 33.427388 ], [ -86.727608, 33.428182 ], [ -86.729571, 33.431035 ], [ -86.731054, 33.434677 ], [ -86.732413, 33.434697 ], [ -86.738577, 33.429253 ], [ -86.739666, 33.427724 ], [ -86.740876, 33.428832 ], [ -86.741403, 33.427469 ], [ -86.740828, 33.426566 ], [ -86.740258, 33.424194 ], [ -86.740354, 33.424478 ], [ -86.741767, 33.424711 ] ], [ [ -86.730264, 33.428139 ], [ -86.730669, 33.428849 ], [ -86.72978, 33.428382 ], [ -86.730013, 33.427483 ], [ -86.730092, 33.427504 ], [ -86.730264, 33.428139 ] ] ], [ [ [ -86.740023, 33.430363 ], [ -86.739173, 33.430033 ], [ -86.7392, 33.430087 ], [ -86.739919, 33.430539 ], [ -86.740023, 33.430363 ] ] ], [ [ [ -86.743935, 33.456478 ], [ -86.741085, 33.450186 ], [ -86.741267, 33.447361 ], [ -86.740228, 33.448394 ], [ -86.740458, 33.448909 ], [ -86.739344, 33.448839 ], [ -86.736898, 33.446594 ], [ -86.726548, 33.451826 ], [ -86.726487, 33.448065 ], [ -86.725123, 33.445452 ], [ -86.725616, 33.443244 ], [ -86.726494, 33.441894 ], [ -86.717784, 33.451329 ], [ -86.716528, 33.45262 ], [ -86.709035, 33.453678 ], [ -86.707258, 33.452741 ], [ -86.665551, 33.477422 ], [ -86.664409, 33.482127 ], [ -86.655128, 33.486547 ], [ -86.651554, 33.48485 ], [ -86.648197, 33.485052 ], [ -86.64822, 33.489347 ], [ -86.648735, 33.490087 ], [ -86.656688, 33.499489 ], [ -86.656792, 33.499526 ], [ -86.661339, 33.49949 ], [ -86.661326, 33.501019 ], [ -86.67544, 33.502542 ], [ -86.677364, 33.501913 ], [ -86.678074, 33.501968 ], [ -86.679235, 33.501311 ], [ -86.67938, 33.500909 ], [ -86.679429, 33.500625 ], [ -86.678551, 33.499399 ], [ -86.686794, 33.499414 ], [ -86.687306, 33.498943 ], [ -86.687306, 33.495814 ], [ -86.690414, 33.49566 ], [ -86.696065, 33.492247 ], [ -86.695438, 33.490923 ], [ -86.697072, 33.490658 ], [ -86.698211, 33.491896 ], [ -86.698166, 33.488949 ], [ -86.697815, 33.488913 ], [ -86.696563, 33.487881 ], [ -86.700123, 33.488806 ], [ -86.708986, 33.489076 ], [ -86.708986, 33.489216 ], [ -86.708988, 33.489483 ], [ -86.715515, 33.485684 ], [ -86.714504, 33.483632 ], [ -86.713739, 33.482028 ], [ -86.712726, 33.481797 ], [ -86.712057, 33.483843 ], [ -86.710279, 33.482219 ], [ -86.716894, 33.476749 ], [ -86.718064, 33.475072 ], [ -86.716767, 33.474464 ], [ -86.71336, 33.467698 ], [ -86.709619, 33.467068 ], [ -86.726673, 33.468082 ], [ -86.730662, 33.470953 ], [ -86.731221, 33.471137 ], [ -86.731225, 33.471261 ], [ -86.735587, 33.471299 ], [ -86.735586, 33.469572 ], [ -86.734494, 33.468333 ], [ -86.734494, 33.468176 ], [ -86.73558, 33.467554 ], [ -86.734493, 33.467848 ], [ -86.734059, 33.467912 ], [ -86.733922, 33.467416 ], [ -86.733414, 33.467555 ], [ -86.732333, 33.468534 ], [ -86.732272, 33.465361 ], [ -86.734006, 33.464005 ], [ -86.743935, 33.456478 ] ] ], [ [ [ -86.748183, 33.432094 ], [ -86.748537, 33.431393 ], [ -86.748387, 33.425091 ], [ -86.746766, 33.43224 ], [ -86.748183, 33.432094 ] ] ], [ [ [ -86.750028, 33.420692 ], [ -86.752343, 33.416469 ], [ -86.752344, 33.416031 ], [ -86.752347, 33.415509 ], [ -86.751501, 33.415429 ], [ -86.752348, 33.41528 ], [ -86.75235, 33.414834 ], [ -86.752351, 33.4146 ], [ -86.752358, 33.413006 ], [ -86.75118, 33.41279 ], [ -86.742182, 33.416886 ], [ -86.748414, 33.420954 ], [ -86.750028, 33.420692 ] ], [ [ -86.750717, 33.416083 ], [ -86.750202, 33.416601 ], [ -86.750164, 33.416637 ], [ -86.750113, 33.4166 ], [ -86.750717, 33.416083 ] ], [ [ -86.749878, 33.417145 ], [ -86.748995, 33.419161 ], [ -86.749091, 33.417884 ], [ -86.749284, 33.417399 ], [ -86.749138, 33.417283 ], [ -86.749009, 33.417115 ], [ -86.749985, 33.416886 ], [ -86.749878, 33.417145 ] ] ], [ [ [ -86.754736, 33.441349 ], [ -86.754381, 33.440494 ], [ -86.754277, 33.441339 ], [ -86.754736, 33.441349 ] ] ], [ [ [ -86.816439, 33.422949 ], [ -86.814968, 33.421219 ], [ -86.814947, 33.420995 ], [ -86.815294, 33.422517 ], [ -86.815834, 33.423035 ], [ -86.816439, 33.422949 ] ] ], [ [ [ -86.824934, 33.415258 ], [ -86.830198, 33.412012 ], [ -86.829767, 33.41202 ], [ -86.828292, 33.406609 ], [ -86.828056, 33.406354 ], [ -86.808693, 33.411499 ], [ -86.802518, 33.411259 ], [ -86.800011, 33.410714 ], [ -86.800014, 33.410657 ], [ -86.798534, 33.410616 ], [ -86.795722, 33.408999 ], [ -86.795597, 33.40834 ], [ -86.792667, 33.407701 ], [ -86.792334, 33.407579 ], [ -86.791394, 33.406751 ], [ -86.78867, 33.405071 ], [ -86.786888, 33.404281 ], [ -86.784647, 33.405117 ], [ -86.784611, 33.404849 ], [ -86.784059, 33.404694 ], [ -86.783111, 33.404643 ], [ -86.783082, 33.404688 ], [ -86.782889, 33.404984 ], [ -86.782571, 33.405608 ], [ -86.782459, 33.405928 ], [ -86.782994, 33.405972 ], [ -86.782188, 33.407009 ], [ -86.780116, 33.410589 ], [ -86.778614, 33.411077 ], [ -86.778538, 33.411102 ], [ -86.774238, 33.413724 ], [ -86.774088, 33.413831 ], [ -86.773293, 33.417167 ], [ -86.774027, 33.416835 ], [ -86.77209, 33.415299 ], [ -86.772562, 33.413594 ], [ -86.770367, 33.413259 ], [ -86.769441, 33.412138 ], [ -86.767245, 33.413011 ], [ -86.763933, 33.414542 ], [ -86.763924, 33.413929 ], [ -86.765037, 33.411681 ], [ -86.765012, 33.411699 ], [ -86.764257, 33.411577 ], [ -86.764499, 33.410804 ], [ -86.763693, 33.410645 ], [ -86.765073, 33.409798 ], [ -86.764515, 33.409208 ], [ -86.763218, 33.409955 ], [ -86.762019, 33.410282 ], [ -86.763214, 33.410863 ], [ -86.764419, 33.412075 ], [ -86.764326, 33.41225 ], [ -86.76223, 33.414499 ], [ -86.762038, 33.414379 ], [ -86.761934, 33.41449 ], [ -86.762019, 33.415076 ], [ -86.762079, 33.415077 ], [ -86.764321, 33.41512 ], [ -86.760911, 33.418439 ], [ -86.761678, 33.419056 ], [ -86.761706, 33.419786 ], [ -86.761111, 33.420281 ], [ -86.752783, 33.420731 ], [ -86.757934, 33.422208 ], [ -86.754615, 33.421821 ], [ -86.752418, 33.42386 ], [ -86.751541, 33.425027 ], [ -86.751166, 33.42552 ], [ -86.750932, 33.425877 ], [ -86.752029, 33.426468 ], [ -86.752551, 33.42627 ], [ -86.755903, 33.42704 ], [ -86.754717, 33.426395 ], [ -86.758216, 33.426322 ], [ -86.75802, 33.427094 ], [ -86.758378, 33.427153 ], [ -86.761477, 33.428176 ], [ -86.758293, 33.431305 ], [ -86.755613, 33.430037 ], [ -86.755013, 33.430633 ], [ -86.752569, 33.429557 ], [ -86.751323, 33.431468 ], [ -86.752926, 33.433963 ], [ -86.752096, 33.433642 ], [ -86.75008, 33.437157 ], [ -86.75011, 33.437207 ], [ -86.750378, 33.438576 ], [ -86.745919, 33.439596 ], [ -86.7412, 33.436408 ], [ -86.741718, 33.436407 ], [ -86.742568, 33.435278 ], [ -86.742375, 33.434918 ], [ -86.741897, 33.434683 ], [ -86.739325, 33.43413 ], [ -86.738619, 33.441167 ], [ -86.738761, 33.442417 ], [ -86.74055, 33.445772 ], [ -86.740358, 33.445329 ], [ -86.740858, 33.444753 ], [ -86.748427, 33.44572 ], [ -86.746543, 33.442228 ], [ -86.748318, 33.440841 ], [ -86.750648, 33.442271 ], [ -86.750653, 33.443318 ], [ -86.750654, 33.443571 ], [ -86.75006, 33.443817 ], [ -86.752746, 33.44605 ], [ -86.755452, 33.444934 ], [ -86.756002, 33.446107 ], [ -86.75729, 33.447219 ], [ -86.75682, 33.449042 ], [ -86.754958, 33.449752 ], [ -86.762336, 33.456595 ], [ -86.76184, 33.457225 ], [ -86.759425, 33.459629 ], [ -86.758616, 33.460811 ], [ -86.761759, 33.461275 ], [ -86.761691, 33.467565 ], [ -86.761685, 33.468173 ], [ -86.7624, 33.468189 ], [ -86.765526, 33.467933 ], [ -86.765907, 33.467893 ], [ -86.765896, 33.467766 ], [ -86.76901, 33.466084 ], [ -86.770221, 33.466409 ], [ -86.770356, 33.461895 ], [ -86.776557, 33.461163 ], [ -86.780021, 33.461238 ], [ -86.783821, 33.457728 ], [ -86.783462, 33.458464 ], [ -86.783521, 33.458693 ], [ -86.784922, 33.457463 ], [ -86.785298, 33.457079 ], [ -86.78561, 33.45671 ], [ -86.786123, 33.456049 ], [ -86.786627, 33.455756 ], [ -86.786706, 33.456499 ], [ -86.788668, 33.456136 ], [ -86.788721, 33.456124 ], [ -86.788924, 33.455437 ], [ -86.791782, 33.455235 ], [ -86.805922, 33.44646 ], [ -86.80591, 33.445767 ], [ -86.806596, 33.445761 ], [ -86.806596, 33.445705 ], [ -86.807791, 33.443901 ], [ -86.808569, 33.44262 ], [ -86.808165, 33.441615 ], [ -86.810212, 33.442934 ], [ -86.811904, 33.443088 ], [ -86.812462, 33.440287 ], [ -86.812552, 33.442152 ], [ -86.813586, 33.440298 ], [ -86.813067, 33.433537 ], [ -86.814075, 33.422475 ], [ -86.813423, 33.422161 ], [ -86.81291, 33.420612 ], [ -86.812747, 33.420359 ], [ -86.812705, 33.418557 ], [ -86.812298, 33.417413 ], [ -86.81015, 33.417631 ], [ -86.80988, 33.416896 ], [ -86.80866, 33.416705 ], [ -86.808581, 33.414844 ], [ -86.811097, 33.41481 ], [ -86.812895, 33.41494 ], [ -86.813571, 33.415683 ], [ -86.816827, 33.416184 ], [ -86.823822, 33.418773 ], [ -86.824932, 33.418797 ], [ -86.830351, 33.418561 ], [ -86.830355, 33.418523 ], [ -86.829534, 33.418343 ], [ -86.829142, 33.416284 ], [ -86.824934, 33.415258 ] ], [ [ -86.82518, 33.416757 ], [ -86.824447, 33.417362 ], [ -86.82381, 33.417349 ], [ -86.82518, 33.416757 ] ], [ [ -86.807538, 33.418498 ], [ -86.808611, 33.422892 ], [ -86.806499, 33.418483 ], [ -86.806888, 33.418489 ], [ -86.807538, 33.418498 ] ], [ [ -86.779362, 33.446893 ], [ -86.785082, 33.447904 ], [ -86.779055, 33.455714 ], [ -86.772696, 33.45545 ], [ -86.771545, 33.45561 ], [ -86.769643, 33.455792 ], [ -86.779362, 33.446893 ] ], [ [ -86.77847, 33.41407 ], [ -86.778526, 33.41571 ], [ -86.777656, 33.413871 ], [ -86.778449, 33.413124 ], [ -86.7781, 33.413976 ], [ -86.77847, 33.41407 ] ], [ [ -86.777425, 33.418708 ], [ -86.77666, 33.420015 ], [ -86.775097, 33.418344 ], [ -86.77422, 33.417961 ], [ -86.77657, 33.418068 ], [ -86.777477, 33.417886 ], [ -86.777425, 33.418708 ] ], [ [ -86.777115, 33.426344 ], [ -86.774594, 33.429194 ], [ -86.770298, 33.429864 ], [ -86.772839, 33.426965 ], [ -86.772498, 33.428034 ], [ -86.774066, 33.427998 ], [ -86.776648, 33.424778 ], [ -86.777115, 33.426344 ] ], [ [ -86.773003, 33.423553 ], [ -86.772509, 33.423885 ], [ -86.772448, 33.423545 ], [ -86.773003, 33.423553 ] ], [ [ -86.770109, 33.432439 ], [ -86.769836, 33.433857 ], [ -86.769509, 33.433614 ], [ -86.770083, 33.431908 ], [ -86.770109, 33.432439 ] ], [ [ -86.768691, 33.422402 ], [ -86.764271, 33.423444 ], [ -86.764531, 33.42325 ], [ -86.764638, 33.423923 ], [ -86.765756, 33.419993 ], [ -86.767581, 33.41934 ], [ -86.768088, 33.422067 ], [ -86.768691, 33.422402 ] ], [ [ -86.768306, 33.435925 ], [ -86.768479, 33.436856 ], [ -86.768025, 33.436369 ], [ -86.768306, 33.435925 ] ], [ [ -86.765569, 33.465657 ], [ -86.764983, 33.466198 ], [ -86.765179, 33.465598 ], [ -86.765569, 33.465657 ] ], [ [ -86.765478, 33.419975 ], [ -86.7655, 33.420437 ], [ -86.764911, 33.41998 ], [ -86.765478, 33.419975 ] ], [ [ -86.764639, 33.417575 ], [ -86.764587, 33.418479 ], [ -86.764063, 33.41838 ], [ -86.764639, 33.417575 ] ], [ [ -86.761629, 33.438322 ], [ -86.757342, 33.442496 ], [ -86.757068, 33.442627 ], [ -86.756719, 33.44262 ], [ -86.756455, 33.442408 ], [ -86.756022, 33.442149 ], [ -86.753017, 33.4424 ], [ -86.754132, 33.440488 ], [ -86.754143, 33.440488 ], [ -86.754253, 33.438802 ], [ -86.756375, 33.436423 ], [ -86.755141, 33.436352 ], [ -86.755141, 33.43627 ], [ -86.755142, 33.436117 ], [ -86.755165, 33.435733 ], [ -86.754673, 33.43522 ], [ -86.754734, 33.435108 ], [ -86.759512, 33.439773 ], [ -86.761377, 33.438956 ], [ -86.761394, 33.438239 ], [ -86.761629, 33.438322 ] ], [ [ -86.76288, 33.419056 ], [ -86.762335, 33.419451 ], [ -86.762355, 33.419048 ], [ -86.76288, 33.419056 ] ], [ [ -86.76258, 33.423603 ], [ -86.762496, 33.424121 ], [ -86.761554, 33.423556 ], [ -86.761295, 33.422125 ], [ -86.761902, 33.422448 ], [ -86.762582, 33.423292 ], [ -86.76258, 33.423603 ] ], [ [ -86.756701, 33.431985 ], [ -86.757386, 33.432859 ], [ -86.756691, 33.432807 ], [ -86.756144, 33.432428 ], [ -86.756701, 33.431985 ] ], [ [ -86.754053, 33.43462 ], [ -86.752007, 33.435133 ], [ -86.752689, 33.434448 ], [ -86.752923, 33.434394 ], [ -86.753519, 33.434259 ], [ -86.754053, 33.43462 ] ], [ [ -86.771287, 33.41571 ], [ -86.770503, 33.416216 ], [ -86.769801, 33.416052 ], [ -86.771287, 33.41571 ] ], [ [ -86.77209, 33.415299 ], [ -86.771287, 33.41571 ], [ -86.771391, 33.415228 ], [ -86.77209, 33.415299 ] ], [ [ -86.764531, 33.42325 ], [ -86.763261, 33.423144 ], [ -86.764527, 33.422926 ], [ -86.764531, 33.42325 ] ] ], [ [ [ -86.763721, 33.411361 ], [ -86.763273, 33.410925 ], [ -86.763314, 33.410968 ], [ -86.763721, 33.411361 ] ] ] ] } },
{ "type": "Feature", "properties": { "geo_id": "0103450", "geo_name": "Walker County School District", "geo_level": "school_district", "year": 2022 }, "geometry": { "type": "Polygon", "coordinates": [ [ [ -87.636118, 34.002203 ], [ -87.635952, 33.932248 ], [ -87.635949, 33.929429 ], [ -87.635932, 33.915251 ], [ -87.63604, 33.871999 ], [ -87.531602, 33.867618 ], [ -87.528338, 33.692049 ], [ -87.423843, 33.689112 ], [ -87.423701, 33.602096 ], [ -87.371118, 33.601697 ], [ -87.37104, 33.587065 ], [ -87.318532, 33.587393 ], [ -87.318237, 33.514166 ], [ -87.266923, 33.512929 ], [ -87.232599, 33.539383 ], [ -87.210029, 33.538732 ], [ -87.204577, 33.578835 ], [ -87.17943, 33.613794 ], [ -87.144473, 33.628198 ], [ -87.092733, 33.62785 ], [ -87.092734, 33.635133 ], [ -87.0927, 33.656873 ], [ -87.057757, 33.656363 ], [ -87.039793, 33.685356 ], [ -87.040638, 33.728969 ], [ -87.023355, 33.743576 ], [ -87.023286, 33.772727 ], [ -87.005965, 33.787237 ], [ -86.970928, 33.786462 ], [ -86.953664, 33.815297 ], [ -86.963358, 33.858221 ], [ -87.006862, 33.866179 ], [ -87.007077, 33.888927 ], [ -87.091836, 33.890093 ], [ -87.085584, 33.919164 ], [ -87.112377, 33.959487 ], [ -87.13408, 33.965093 ], [ -87.151036, 33.993225 ], [ -87.168907, 34.005104 ], [ -87.216735, 33.993907 ], [ -87.500021, 33.996627 ], [ -87.636118, 34.002203 ] ], [ [ -87.248644, 33.799558 ], [ -87.268837, 33.815419 ], [ -87.303821, 33.816828 ], [ -87.30462, 33.851053 ], [ -87.32727, 33.869654 ], [ -87.330941, 33.854801 ], [ -87.320174, 33.855404 ], [ -87.313433, 33.882386 ], [ -87.278009, 33.896584 ], [ -87.258317, 33.889141 ], [ -87.236572, 33.877131 ], [ -87.224407, 33.794379 ], [ -87.248644, 33.799558 ] ] ] } },
{ "type": "Feature", "properties": { "geo_id": "0103480", "geo_name": "Washington County School District", "geo_level": "school_district", "year": 2022 }, "geometry": { "type": "Polygon", "coordinates": [ [ [ -88.46443, 31.697952 ], [ -88.449438, 31.435837 ], [ -88.432007, 31.114298 ], [ -88.329927, 31.114357 ], [ -88.329782, 31.143821 ], [ -88.022649, 31.144267 ], [ -87.98882, 31.173306 ], [ -87.972869, 31.162694 ], [ -87.943748, 31.161341 ], [ -87.946588, 31.19293 ], [ -87.931333, 31.224554 ], [ -87.963378, 31.250171 ], [ -87.950795, 31.299463 ], [ -87.924525, 31.312907 ], [ -87.888857, 31.364023 ], [ -87.921979, 31.436537 ], [ -87.907399, 31.494438 ], [ -87.942514, 31.526719 ], [ -87.970377, 31.530546 ], [ -88.031277, 31.560494 ], [ -88.027693, 31.584251 ], [ -88.072234, 31.5945 ], [ -88.089388, 31.658747 ], [ -88.088288, 31.699303 ], [ -88.46443, 31.697952 ] ] ] } },
{ "type": "Feature", "properties": { "geo_id": "0103510", "geo_name": "Wilcox County School District", "geo_level": "school_district", "year": 2022 }, "geometry": { "type": "Polygon", "coordinates": [ [ [ -87.472206, 32.264919 ], [ -87.523405, 32.25483 ], [ -87.521946, 32.132816 ], [ -87.624005, 32.132345 ], [ -87.622756, 32.005482 ], [ -87.667769, 31.991355 ], [ -87.666836, 31.875747 ], [ -87.620951, 31.870395 ], [ -87.620193, 31.833342 ], [ -87.620112, 31.827123 ], [ -87.50093, 31.829251 ], [ -87.228283, 31.831418 ], [ -87.214084, 31.828498 ], [ -86.906899, 31.830628 ], [ -86.908939, 31.961673 ], [ -86.857583, 31.962167 ], [ -86.856576, 32.048352 ], [ -86.906956, 32.04797 ], [ -87.17786, 32.047514 ], [ -87.203828, 32.090984 ], [ -87.234028, 32.101694 ], [ -87.262853, 32.147007 ], [ -87.27773, 32.146808 ], [ -87.325644, 32.196272 ], [ -87.362213, 32.196081 ], [ -87.39428, 32.237329 ], [ -87.42275, 32.244118 ], [ -87.444429, 32.268889 ], [ -87.472206, 32.264919 ] ] ] } },
{ "type": "Feature", "properties": { "geo_id": "0103540", "geo_name": "Winfield City School District", "geo_level": "school_district", "year": 2022 }, "geometry": { "type": "Polygon", "coordinates": [ [ [ -87.914675, 33.919445 ], [ -87.892882, 33.878607 ], [ -87.896421, 33.853062 ], [ -87.841284, 33.859497 ], [ -87.803982, 33.841034 ], [ -87.795617, 33.869742 ], [ -87.806406, 33.899511 ], [ -87.792491, 33.916614 ], [ -87.73602, 33.91476 ], [ -87.715118, 33.927162 ], [ -87.635949, 33.929429 ], [ -87.635952, 33.932248 ], [ -87.688745, 33.93178 ], [ -87.722523, 33.970256 ], [ -87.790246, 33.9629 ], [ -87.852563, 33.979377 ], [ -87.854662, 33.948084 ], [ -87.871386, 33.922143 ], [ -87.914675, 33.919445 ] ] ] } },
{ "type": "Feature", "properties": { "geo_id": "0103580", "geo_name": "Winston County School District", "geo_level": "school_district", "year": 2022 }, "geometry": { "type": "Polygon", "coordinates": [ [ [ -87.635898, 34.14242 ], [ -87.636118, 34.002203 ], [ -87.500021, 33.996627 ], [ -87.216735, 33.993907 ], [ -87.168907, 34.005104 ], [ -87.151036, 33.993225 ], [ -87.111992, 33.992385 ], [ -87.109911, 34.299299 ], [ -87.302487, 34.299401 ], [ -87.529722, 34.304598 ], [ -87.573279, 34.305341 ], [ -87.516921, 34.260876 ], [ -87.512007, 34.166732 ], [ -87.545515, 34.124223 ], [ -87.583473, 34.149628 ], [ -87.635898, 34.14242 ] ] ] } },
{ "type": "Feature", "properties": { "geo_id": "2800185", "geo_name": "West Bolivar Consolidated School District", "geo_level": "school_district", "year": 2022 }, "geometry": { "type": "Polygon", "coordinates": [ [ [ -90.872052, 34.076832 ], [ -90.893285, 34.026584 ], [ -90.958203, 34.026741 ], [ -90.988184, 34.019211 ], [ -90.962489, 33.981302 ], [ -90.999977, 33.966386 ], [ -91.018948, 34.003225 ], [ -91.046434, 33.992428 ], [ -91.073389, 34.008719 ], [ -91.090658, 33.98873 ], [ -91.081424, 33.954931 ], [ -91.018629, 33.941908 ], [ -91.010863, 33.92731 ], [ -91.072772, 33.867294 ], [ -91.049083, 33.816026 ], [ -91.000474, 33.799483 ], [ -90.988622, 33.784188 ], [ -91.027367, 33.765114 ], [ -91.053386, 33.778283 ], [ -91.108663, 33.771668 ], [ -91.1353, 33.782001 ], [ -91.148807, 33.73136 ], [ -91.125949, 33.708948 ], [ -91.068051, 33.716198 ], [ -91.047135, 33.706674 ], [ -91.033707, 33.673844 ], [ -91.079776, 33.658036 ], [ -91.128956, 33.673631 ], [ -91.160367, 33.706602 ], [ -91.223914, 33.693739 ], [ -91.211678, 33.656791 ], [ -91.17767, 33.65205 ], [ -91.139179, 33.628472 ], [ -91.132102, 33.595908 ], [ -91.178555, 33.567305 ], [ -91.228441, 33.566938 ], [ -91.218843, 33.529382 ], [ -90.971457, 33.530276 ], [ -90.763509, 33.529389 ], [ -90.763469, 33.616164 ], [ -90.6586, 33.616272 ], [ -90.658601, 33.645271 ], [ -90.763333, 33.645564 ], [ -90.763022, 33.733056 ], [ -90.805769, 33.732938 ], [ -90.816243, 33.776422 ], [ -90.815492, 33.835734 ], [ -90.836611, 33.850137 ], [ -90.867614, 33.849844 ], [ -90.867667, 33.952123 ], [ -90.832874, 33.952167 ], [ -90.817421, 33.98853 ], [ -90.817216, 34.077103 ], [ -90.872052, 34.076832 ] ] ] } },
{ "type": "Feature", "properties": { "geo_id": "2800186", "geo_name": "North Bolivar Consolidated School District", "geo_level": "school_district", "year": 2022 }, "geometry": { "type": "Polygon", "coordinates": [ [ [ -90.956901, 34.120091 ], [ -90.921294, 34.093514 ], [ -90.883126, 34.096729 ], [ -90.872052, 34.076832 ], [ -90.817216, 34.077103 ], [ -90.817421, 33.98853 ], [ -90.832874, 33.952167 ], [ -90.867667, 33.952123 ], [ -90.867614, 33.849844 ], [ -90.836611, 33.850137 ], [ -90.658255, 33.850737 ], [ -90.657002, 33.987586 ], [ -90.659457, 34.118867 ], [ -90.956901, 34.120091 ] ] ] } },
{ "type": "Feature", "properties": { "geo_id": "2800187", "geo_name": "Sunflower County Consolidated School District", "geo_level": "school_district", "year": 2022 }, "geometry": { "type": "Polygon", "coordinates": [ [ [ -90.763509, 33.529389 ], [ -90.7642, 33.299473 ], [ -90.763773, 33.270359 ], [ -90.716277, 33.270032 ], [ -90.555211, 33.270533 ], [ -90.555549, 33.329181 ], [ -90.453233, 33.329484 ], [ -90.451643, 33.81139 ], [ -90.451012, 33.985689 ], [ -90.657002, 33.987586 ], [ -90.658255, 33.850737 ], [ -90.658601, 33.645271 ], [ -90.6586, 33.616272 ], [ -90.763469, 33.616164 ], [ -90.763509, 33.529389 ] ] ] } },
{ "type": "Feature", "properties": { "geo_id": "2800189", "geo_name": "Starkville Oktibbeha Consolidated School District", "geo_level": "school_district", "year": 2022 }, "geometry": { "type": "Polygon", "coordinates": [ [ [ -89.088446, 33.533202 ], [ -89.088255, 33.286003 ], [ -88.813053, 33.286424 ], [ -88.669076, 33.286922 ], [ -88.67125, 33.506168 ], [ -88.671526, 33.565135 ], [ -88.984181, 33.564251 ], [ -89.018613, 33.562114 ], [ -89.088263, 33.562039 ], [ -89.088446, 33.533202 ] ] ] } },
{ "type": "Feature", "properties": { "geo_id": "2800198", "geo_name": "Greenwood-Leflore Consolidated School District", "geo_level": "school_district", "year": 2022 }, "geometry": { "type": "Polygon", "coordinates": [ [ [ -90.453233, 33.329484 ], [ -90.453801, 33.267302 ], [ -90.410827, 33.245111 ], [ -90.381958, 33.244401 ], [ -90.374161, 33.281928 ], [ -90.331589, 33.302825 ], [ -90.29169, 33.31901 ], [ -90.279627, 33.339509 ], [ -90.295029, 33.361784 ], [ -90.174614, 33.333378 ], [ -90.174756, 33.417003 ], [ -90.137817, 33.416455 ], [ -90.13761, 33.459114 ], [ -90.101401, 33.45894 ], [ -90.102155, 33.652419 ], [ -90.127775, 33.676956 ], [ -90.136787, 33.721648 ], [ -90.220439, 33.722122 ], [ -90.25234, 33.730316 ], [ -90.269105, 33.697208 ], [ -90.301138, 33.699192 ], [ -90.313859, 33.725746 ], [ -90.294502, 33.750981 ], [ -90.250086, 33.763147 ], [ -90.204205, 33.759446 ], [ -90.17144, 33.789671 ], [ -90.182584, 33.809322 ], [ -90.451643, 33.81139 ], [ -90.453233, 33.329484 ] ] ] } },
{ "type": "Feature", "properties": { "geo_id": "2800390", "geo_name": "Alcorn School District", "geo_level": "school_district", "year": 2022 }, "geometry": { "type": "Polygon", "coordinates": [ [ [ -88.823051, 34.995221 ], [ -88.823473, 34.858629 ], [ -88.752956, 34.858775 ], [ -88.75305, 34.786201 ], [ -88.753065, 34.75696 ], [ -88.718508, 34.756781 ], [ -88.365472, 34.755604 ], [ -88.363531, 34.995475 ], [ -88.47298, 34.996033 ], [ -88.470608, 34.904879 ], [ -88.561735, 34.901824 ], [ -88.564503, 34.960897 ], [ -88.531046, 34.995823 ], [ -88.823051, 34.995221 ] ] ] } },
{ "type": "Feature", "properties": { "geo_id": "2800540", "geo_name": "Baldwyn School District", "geo_level": "school_district", "year": 2022 }, "geometry": { "type": "Polygon", "coordinates": [ [ [ -88.73544, 34.596483 ], [ -88.736465, 34.50891 ], [ -88.718896, 34.494638 ], [ -88.684921, 34.494929 ], [ -88.684821, 34.467635 ], [ -88.594719, 34.464848 ], [ -88.594931, 34.450556 ], [ -88.542068, 34.435641 ], [ -88.542079, 34.465276 ], [ -88.541749, 34.509192 ], [ -88.594089, 34.510876 ], [ -88.595152, 34.52682 ], [ -88.647141, 34.556926 ], [ -88.665234, 34.596544 ], [ -88.717794, 34.596472 ], [ -88.73544, 34.596483 ] ] ] } },
{ "type": "Feature", "properties": { "geo_id": "2800570", "geo_name": "Bay St. Louis-Waveland School District", "geo_level": "school_district", "year": 2022 }, "geometry": { "type": "Polygon", "coordinates": [ [ [ -89.340847, 30.357995 ], [ -89.367843, 30.337364 ], [ -89.408289, 30.338383 ], [ -89.393567, 30.313648 ], [ -89.410407, 30.298439 ], [ -89.411549, 30.258544 ], [ -89.34503, 30.293771 ], [ -89.306794, 30.239651 ], [ -89.306897, 30.309105 ], [ -89.311145, 30.346396 ], [ -89.340847, 30.357995 ] ] ] } },
{ "type": "Feature", "properties": { "geo_id": "2800630", "geo_name": "Biloxi Public School District", "geo_level": "school_district", "year": 2022 }, "geometry": { "type": "Polygon", "coordinates": [ [ [ -89.001328, 30.406118 ], [ -89.001011, 30.387072 ], [ -88.920195, 30.393848 ], [ -88.857201, 30.389951 ], [ -88.845551, 30.405214 ], [ -88.861843, 30.415621 ], [ -88.88313, 30.418798 ], [ -88.917029, 30.423055 ], [ -88.917104, 30.447645 ], [ -88.963902, 30.453919 ], [ -88.990833, 30.437196 ], [ -89.001328, 30.406118 ] ] ] } },
{ "type": "Feature", "properties": { "geo_id": "2800820", "geo_name": "Booneville School District", "geo_level": "school_district", "year": 2022 }, "geometry": { "type": "Polygon", "coordinates": [ [ [ -88.58774, 34.670353 ], [ -88.582461, 34.633403 ], [ -88.537761, 34.637953 ], [ -88.542872, 34.669025 ], [ -88.58774, 34.670353 ] ] ] } },
{ "type": "Feature", "properties": { "geo_id": "2800900", "geo_name": "Canton Public School District", "geo_level": "school_district", "year": 2022 }, "geometry": { "type": "Polygon", "coordinates": [ [ [ -90.235161, 32.665755 ], [ -90.235339, 32.618529 ], [ -90.201315, 32.618632 ], [ -90.201003, 32.545971 ], [ -90.045279, 32.546165 ], [ -90.045379, 32.531533 ], [ -89.969434, 32.531294 ], [ -89.936445, 32.545678 ], [ -89.934549, 32.725183 ], [ -89.948377, 32.741563 ], [ -89.984416, 32.731637 ], [ -90.031317, 32.733286 ], [ -90.042441, 32.744143 ], [ -90.076365, 32.729443 ], [ -90.094297, 32.704432 ], [ -90.136027, 32.697248 ], [ -90.197729, 32.66385 ], [ -90.235161, 32.665755 ] ] ] } },
{ "type": "Feature", "properties": { "geo_id": "2801050", "geo_name": "Clarksdale Municipal School District", "geo_level": "school_district", "year": 2022 }, "geometry": { "type": "Polygon", "coordinates": [ [ [ -90.629067, 34.15975 ], [ -90.589169, 34.172782 ], [ -90.546538, 34.165649 ], [ -90.527798, 34.188796 ], [ -90.537935, 34.222745 ], [ -90.588688, 34.21203 ], [ -90.629067, 34.15975 ] ] ] } },
{ "type": "Feature", "properties": { "geo_id": "2801090", "geo_name": "Clinton Public School District", "geo_level": "school_district", "year": 2022 }, "geometry": { "type": "Polygon", "coordinates": [ [ [ -90.484132, 32.542993 ], [ -90.483961, 32.478841 ], [ -90.449992, 32.466246 ], [ -90.449885, 32.438385 ], [ -90.432634, 32.423721 ], [ -90.449347, 32.394259 ], [ -90.448484, 32.359325 ], [ -90.398972, 32.352944 ], [ -90.399302, 32.312638 ], [ -90.37462, 32.292351 ], [ -90.321676, 32.297378 ], [ -90.305431, 32.312538 ], [ -90.279611, 32.37109 ], [ -90.243649, 32.40721 ], [ -90.243641, 32.487533 ], [ -90.445946, 32.487903 ], [ -90.450037, 32.573783 ], [ -90.484132, 32.542993 ] ] ] } },
{ "type": "Feature", "properties": { "geo_id": "2801110", "geo_name": "Coahoma County School District", "geo_level": "school_district", "year": 2022 }, "geometry": { "type": "Polygon", "coordinates": [ [ [ -90.567874, 34.523999 ], [ -90.59392, 34.484176 ], [ -90.577894, 34.433255 ], [ -90.586232, 34.409172 ], [ -90.616109, 34.389788 ], [ -90.652783, 34.381682 ], [ -90.666853, 34.355773 ], [ -90.657488, 34.322231 ], [ -90.693129, 34.32257 ], [ -90.680658, 34.370689 ], [ -90.707252, 34.361181 ], [ -90.757304, 34.367392 ], [ -90.76513, 34.342511 ], [ -90.735873, 34.310687 ], [ -90.760423, 34.270733 ], [ -90.816736, 34.280649 ], [ -90.833629, 34.274074 ], [ -90.847149, 34.20613 ], [ -90.881338, 34.216377 ], [ -90.906334, 34.244382 ], [ -90.934544, 34.217854 ], [ -90.886746, 34.182501 ], [ -90.817488, 34.183198 ], [ -90.807564, 34.161821 ], [ -90.836099, 34.137876 ], [ -90.868618, 34.142516 ], [ -90.909957, 34.165511 ], [ -90.958644, 34.135484 ], [ -90.956901, 34.120091 ], [ -90.659457, 34.118867 ], [ -90.657002, 33.987586 ], [ -90.451012, 33.985689 ], [ -90.450981, 34.072932 ], [ -90.450572, 34.262402 ], [ -90.399014, 34.261524 ], [ -90.399498, 34.423807 ], [ -90.567874, 34.523999 ] ], [ [ -90.629067, 34.15975 ], [ -90.588688, 34.21203 ], [ -90.537935, 34.222745 ], [ -90.527798, 34.188796 ], [ -90.546538, 34.165649 ], [ -90.589169, 34.172782 ], [ -90.629067, 34.15975 ] ] ] } },
{ "type": "Feature", "properties": { "geo_id": "2801140", "geo_name": "Coffeeville School District", "geo_level": "school_district", "year": 2022 }, "geometry": { "type": "Polygon", "coordinates": [ [ [ -89.931485, 34.164303 ], [ -89.925497, 34.140553 ], [ -89.926099, 33.897957 ], [ -89.769296, 33.897137 ], [ -89.76905, 33.867334 ], [ -89.507353, 33.867469 ], [ -89.507597, 34.041543 ], [ -89.577174, 34.041352 ], [ -89.577075, 34.058194 ], [ -89.734806, 34.057031 ], [ -89.775702, 34.072199 ], [ -89.77636, 34.163684 ], [ -89.931485, 34.164303 ] ] ] } },
{ "type": "Feature", "properties": { "geo_id": "2801200", "geo_name": "Columbus Municipal School District", "geo_level": "school_district", "year": 2022 }, "geometry": { "type": "MultiPolygon", "coordinates": [ [ [ [ -88.48058, 33.65953 ], [ -88.480136, 33.637991 ], [ -88.45361, 33.622641 ], [ -88.427368, 33.633029 ], [ -88.427841, 33.652964 ], [ -88.48058, 33.65953 ] ] ], [ [ [ -88.480299, 33.522741 ], [ -88.487215, 33.502536 ], [ -88.455274, 33.488104 ], [ -88.433012, 33.45459 ], [ -88.359125, 33.444785 ], [ -88.359647, 33.575759 ], [ -88.432484, 33.576047 ], [ -88.433268, 33.606232 ], [ -88.478079, 33.606435 ], [ -88.494864, 33.579522 ], [ -88.480299, 33.522741 ] ] ] ] } },
{ "type": "Feature", "properties": { "geo_id": "2801260", "geo_name": "Corinth School District", "geo_level": "school_district", "year": 2022 }, "geometry": { "type": "Polygon", "coordinates": [ [ [ -88.531046, 34.995823 ], [ -88.564503, 34.960897 ], [ -88.561735, 34.901824 ], [ -88.470608, 34.904879 ], [ -88.47298, 34.996033 ], [ -88.531046, 34.995823 ] ] ] } },
{ "type": "Feature", "properties": { "geo_id": "2801290", "geo_name": "Covington County School District", "geo_level": "school_district", "year": 2022 }, "geometry": { "type": "Polygon", "coordinates": [ [ [ -89.755103, 31.774654 ], [ -89.755614, 31.609751 ], [ -89.672328, 31.564492 ], [ -89.640317, 31.559584 ], [ -89.602889, 31.538836 ], [ -89.586919, 31.513444 ], [ -89.586819, 31.433688 ], [ -89.451616, 31.434029 ], [ -89.399178, 31.434029 ], [ -89.401227, 31.796863 ], [ -89.653025, 31.780653 ], [ -89.755103, 31.774654 ] ] ] } },
{ "type": "Feature", "properties": { "geo_id": "2801320", "geo_name": "DeSoto County School District", "geo_level": "school_district", "year": 2022 }, "geometry": { "type": "Polygon", "coordinates": [ [ [ -89.724324, 34.99479 ], [ -90.127607, 34.994684 ], [ -90.308361, 34.995694 ], [ -90.295159, 34.975634 ], [ -90.243757, 34.94527 ], [ -90.243208, 34.9091 ], [ -90.257858, 34.893385 ], [ -90.317741, 34.871058 ], [ -90.304561, 34.860587 ], [ -90.202126, 34.860374 ], [ -90.200199, 34.724418 ], [ -90.169988, 34.758735 ], [ -90.132368, 34.759913 ], [ -90.098277, 34.731783 ], [ -90.029144, 34.708176 ], [ -89.925158, 34.751536 ], [ -89.908587, 34.772641 ], [ -89.723442, 34.772311 ], [ -89.724187, 34.969946 ], [ -89.724183, 34.972377 ], [ -89.724324, 34.99479 ] ] ] } },
{ "type": "Feature", "properties": { "geo_id": "2801410", "geo_name": "East Tallahatchie School District", "geo_level": "school_district", "year": 2022 }, "geometry": { "type": "Polygon", "coordinates": [ [ [ -90.18689, 34.072992 ], [ -90.187, 33.997642 ], [ -90.241705, 33.935811 ], [ -90.241374, 33.840838 ], [ -90.18902, 33.840577 ], [ -90.189122, 33.814299 ], [ -90.136491, 33.809319 ], [ -89.978367, 33.809719 ], [ -89.978268, 33.82396 ], [ -89.926294, 33.823854 ], [ -89.926099, 33.897957 ], [ -89.925497, 34.140553 ], [ -89.931485, 34.164303 ], [ -89.96408, 34.159472 ], [ -90.135456, 34.160074 ], [ -90.135695, 34.0729 ], [ -90.18689, 34.072992 ] ] ] } },
{ "type": "Feature", "properties": { "geo_id": "2801560", "geo_name": "George County School District", "geo_level": "school_district", "year": 2022 }, "geometry": { "type": "Polygon", "coordinates": [ [ [ -88.885038, 30.910788 ], [ -88.884534, 30.735591 ], [ -88.834081, 30.734236 ], [ -88.412612, 30.73559 ], [ -88.425432, 30.998323 ], [ -88.834339, 30.997983 ], [ -88.834475, 30.910323 ], [ -88.885038, 30.910788 ] ] ] } },
{ "type": "Feature", "properties": { "geo_id": "2801740", "geo_name": "Hancock County School District", "geo_level": "school_district", "year": 2022 }, "geometry": { "type": "Polygon", "coordinates": [ [ [ -89.67118, 30.384862 ], [ -89.657287, 30.357183 ], [ -89.630622, 30.337491 ], [ -89.631614, 30.257013 ], [ -89.616828, 30.225772 ], [ -89.571907, 30.180721 ], [ -89.538635, 30.19589 ], [ -89.516891, 30.16459 ], [ -89.456818, 30.165733 ], [ -89.416711, 30.177639 ], [ -89.306135, 30.177941 ], [ -89.306794, 30.239651 ], [ -89.34503, 30.293771 ], [ -89.411549, 30.258544 ], [ -89.410407, 30.298439 ], [ -89.393567, 30.313648 ], [ -89.408289, 30.338383 ], [ -89.367843, 30.337364 ], [ -89.340847, 30.357995 ], [ -89.341529, 30.454803 ], [ -89.341446, 30.64772 ], [ -89.544232, 30.648368 ], [ -89.54451, 30.516862 ], [ -89.563144, 30.516879 ], [ -89.543753, 30.486659 ], [ -89.545164, 30.385062 ], [ -89.67118, 30.384862 ] ] ] } },
{ "type": "Feature", "properties": { "geo_id": "2801800", "geo_name": "Hattiesburg Public School District", "geo_level": "school_district", "year": 2022 }, "geometry": { "type": "Polygon", "coordinates": [ [ [ -89.347893, 31.294324 ], [ -89.309974, 31.297376 ], [ -89.287184, 31.270774 ], [ -89.278146, 31.242644 ], [ -89.247351, 31.243557 ], [ -89.250942, 31.272462 ], [ -89.285051, 31.270733 ], [ -89.292559, 31.302852 ], [ -89.263138, 31.308967 ], [ -89.280963, 31.346613 ], [ -89.355955, 31.346642 ], [ -89.347893, 31.294324 ] ] ] } },
{ "type": "Feature", "properties": { "geo_id": "2801860", "geo_name": "Hinds County School District", "geo_level": "school_district", "year": 2022 }, "geometry": { "type": "Polygon", "coordinates": [ [ [ -90.728622, 32.225119 ], [ -90.718297, 32.048352 ], [ -90.655148, 32.049958 ], [ -90.230331, 32.049728 ], [ -90.227936, 32.077515 ], [ -90.247276, 32.137503 ], [ -90.24538, 32.171396 ], [ -90.197823, 32.187916 ], [ -90.190994, 32.20966 ], [ -90.251777, 32.210237 ], [ -90.266373, 32.232327 ], [ -90.312255, 32.239742 ], [ -90.313548, 32.272255 ], [ -90.287004, 32.275596 ], [ -90.283174, 32.297949 ], [ -90.321676, 32.297378 ], [ -90.37462, 32.292351 ], [ -90.399302, 32.312638 ], [ -90.398972, 32.352944 ], [ -90.448484, 32.359325 ], [ -90.449347, 32.394259 ], [ -90.432634, 32.423721 ], [ -90.449885, 32.438385 ], [ -90.449992, 32.466246 ], [ -90.483961, 32.478841 ], [ -90.484132, 32.542993 ], [ -90.542251, 32.505366 ], [ -90.553821, 32.507574 ], [ -90.580596, 32.501785 ], [ -90.604067, 32.479064 ], [ -90.599985, 32.424627 ], [ -90.627363, 32.377974 ], [ -90.627978, 32.339483 ], [ -90.683571, 32.352784 ], [ -90.707605, 32.340004 ], [ -90.698842, 32.297371 ], [ -90.712904, 32.279738 ], [ -90.728622, 32.225119 ] ] ] } },
{ "type": "Feature", "properties": { "geo_id": "2802040", "geo_name": "Humphreys County School District", "geo_level": "school_district", "year": 2022 }, "geometry": { "type": "Polygon", "coordinates": [ [ [ -90.716277, 33.270032 ], [ -90.733216, 33.232975 ], [ -90.680319, 33.201971 ], [ -90.701845, 33.096294 ], [ -90.658049, 33.096514 ], [ -90.656632, 32.92251 ], [ -90.449893, 32.92329 ], [ -90.449323, 33.00901 ], [ -90.364031, 33.010596 ], [ -90.391456, 33.04999 ], [ -90.429783, 33.060991 ], [ -90.428774, 33.107932 ], [ -90.393411, 33.101737 ], [ -90.383098, 33.121422 ], [ -90.330312, 33.137818 ], [ -90.331589, 33.302825 ], [ -90.374161, 33.281928 ], [ -90.381958, 33.244401 ], [ -90.410827, 33.245111 ], [ -90.453801, 33.267302 ], [ -90.453233, 33.329484 ], [ -90.555549, 33.329181 ], [ -90.555211, 33.270533 ], [ -90.716277, 33.270032 ] ] ] } },
{ "type": "Feature", "properties": { "geo_id": "2802250", "geo_name": "Jefferson Davis County School District", "geo_level": "school_district", "year": 2022 }, "geometry": { "type": "Polygon", "coordinates": [ [ [ -89.974586, 31.761655 ], [ -89.976052, 31.522477 ], [ -89.959097, 31.522421 ], [ -89.95894, 31.390489 ], [ -89.85634, 31.390215 ], [ -89.823332, 31.390021 ], [ -89.824236, 31.434093 ], [ -89.654212, 31.433805 ], [ -89.586819, 31.433688 ], [ -89.586919, 31.513444 ], [ -89.602889, 31.538836 ], [ -89.640317, 31.559584 ], [ -89.672328, 31.564492 ], [ -89.755614, 31.609751 ], [ -89.755103, 31.774654 ], [ -89.974586, 31.761655 ] ] ] } },
{ "type": "Feature", "properties": { "geo_id": "2802280", "geo_name": "Jones County School District", "geo_level": "school_district", "year": 2022 }, "geometry": { "type": "Polygon", "coordinates": [ [ [ -89.401227, 31.796863 ], [ -89.399178, 31.434029 ], [ -89.299027, 31.434149 ], [ -89.146092, 31.434052 ], [ -89.027342, 31.433652 ], [ -88.943468, 31.433458 ], [ -88.943355, 31.824565 ], [ -89.113276, 31.814121 ], [ -89.31656, 31.80209 ], [ -89.401227, 31.796863 ] ], [ [ -89.13463, 31.7406 ], [ -89.1153, 31.72212 ], [ -89.109303, 31.689061 ], [ -89.131929, 31.664722 ], [ -89.180891, 31.662389 ], [ -89.180357, 31.686396 ], [ -89.159713, 31.698644 ], [ -89.13463, 31.7406 ] ] ] } },
{ "type": "Feature", "properties": { "geo_id": "2802310", "geo_name": "Kemper County School District", "geo_level": "school_district", "year": 2022 }, "geometry": { "type": "Polygon", "coordinates": [ [ [ -88.914413, 32.9266 ], [ -88.914516, 32.576955 ], [ -88.753428, 32.576833 ], [ -88.388797, 32.578123 ], [ -88.347887, 32.929082 ], [ -88.812782, 32.925973 ], [ -88.914413, 32.9266 ] ] ] } },
{ "type": "Feature", "properties": { "geo_id": "2802430", "geo_name": "Lauderdale County School District", "geo_level": "school_district", "year": 2022 }, "geometry": { "type": "Polygon", "coordinates": [ [ [ -88.914516, 32.576955 ], [ -88.915593, 32.558432 ], [ -88.913847, 32.224186 ], [ -88.431379, 32.227666 ], [ -88.421453, 32.30868 ], [ -88.388797, 32.578123 ], [ -88.753428, 32.576833 ], [ -88.914516, 32.576955 ] ], [ [ -88.773603, 32.356213 ], [ -88.735759, 32.428778 ], [ -88.692735, 32.428348 ], [ -88.675834, 32.469956 ], [ -88.641442, 32.472029 ], [ -88.641249, 32.442877 ], [ -88.662125, 32.439778 ], [ -88.660327, 32.406283 ], [ -88.609899, 32.397509 ], [ -88.61035, 32.367746 ], [ -88.635715, 32.334961 ], [ -88.693757, 32.333882 ], [ -88.76191, 32.345934 ], [ -88.773603, 32.356213 ] ] ] } },
{ "type": "Feature", "properties": { "geo_id": "2802670", "geo_name": "Long Beach School District", "geo_level": "school_district", "year": 2022 }, "geometry": { "type": "Polygon", "coordinates": [ [ [ -89.136636, 30.398449 ], [ -89.17048, 30.39819 ], [ -89.203916, 30.36481 ], [ -89.203816, 30.343342 ], [ -89.187071, 30.316626 ], [ -89.117538, 30.342797 ], [ -89.136243, 30.366395 ], [ -89.136636, 30.398449 ] ] ] } },
{ "type": "Feature", "properties": { "geo_id": "2802730", "geo_name": "Lowndes County School District", "geo_level": "school_district", "year": 2022 }, "geometry": { "type": "Polygon", "coordinates": [ [ [ -88.67125, 33.506168 ], [ -88.669076, 33.286922 ], [ -88.304434, 33.28832 ], [ -88.274619, 33.534008 ], [ -88.248916, 33.744977 ], [ -88.31791, 33.74498 ], [ -88.33048, 33.7186 ], [ -88.37033, 33.685918 ], [ -88.408498, 33.675234 ], [ -88.477364, 33.666493 ], [ -88.513917, 33.650209 ], [ -88.478079, 33.606435 ], [ -88.433268, 33.606232 ], [ -88.432484, 33.576047 ], [ -88.359647, 33.575759 ], [ -88.359125, 33.444785 ], [ -88.433012, 33.45459 ], [ -88.455274, 33.488104 ], [ -88.487215, 33.502536 ], [ -88.480299, 33.522741 ], [ -88.531445, 33.53738 ], [ -88.609389, 33.506751 ], [ -88.67125, 33.506168 ] ], [ [ -88.48058, 33.65953 ], [ -88.427841, 33.652964 ], [ -88.427368, 33.633029 ], [ -88.45361, 33.622641 ], [ -88.480136, 33.637991 ], [ -88.48058, 33.65953 ] ] ] } },
{ "type": "Feature", "properties": { "geo_id": "2803000", "geo_name": "Moss Point School District", "geo_level": "school_district", "year": 2022 }, "geometry": { "type": "Polygon", "coordinates": [ [ [ -88.403656, 30.544933 ], [ -88.44135, 30.515734 ], [ -88.564329, 30.515963 ], [ -88.618345, 30.510098 ], [ -88.603824, 30.472092 ], [ -88.557405, 30.472301 ], [ -88.564571, 30.419224 ], [ -88.601263, 30.388711 ], [ -88.508888, 30.389721 ], [ -88.44667, 30.384301 ], [ -88.448569, 30.225231 ], [ -88.446987, 30.146303 ], [ -88.384431, 30.158543 ], [ -88.403656, 30.544933 ] ] ] } },
{ "type": "Feature", "properties": { "geo_id": "2803030", "geo_name": "Natchez-Adams School District", "geo_level": "school_district", "year": 2022 }, "geometry": { "type": "Polygon", "coordinates": [ [ [ -91.317864, 31.749766 ], [ -91.369375, 31.746903 ], [ -91.397115, 31.711364 ], [ -91.400815, 31.620465 ], [ -91.423016, 31.611265 ], [ -91.463817, 31.620365 ], [ -91.497665, 31.645371 ], [ -91.517233, 31.61346 ], [ -91.486518, 31.586566 ], [ -91.422716, 31.597065 ], [ -91.407915, 31.569366 ], [ -91.443916, 31.542466 ], [ -91.475917, 31.531266 ], [ -91.515919, 31.530729 ], [ -91.513366, 31.444396 ], [ -91.472067, 31.397076 ], [ -91.472542, 31.371069 ], [ -91.504756, 31.36498 ], [ -91.532336, 31.390275 ], [ -91.548465, 31.432668 ], [ -91.578334, 31.399067 ], [ -91.546384, 31.382763 ], [ -91.548213, 31.346084 ], [ -91.510049, 31.316822 ], [ -91.518578, 31.275283 ], [ -91.558684, 31.262176 ], [ -91.641253, 31.266917 ], [ -91.644356, 31.234414 ], [ -91.589451, 31.19114 ], [ -91.57567, 31.224475 ], [ -91.540907, 31.238346 ], [ -91.530126, 31.214842 ], [ -91.478799, 31.238999 ], [ -91.468435, 31.31957 ], [ -91.424012, 31.31504 ], [ -91.378657, 31.336563 ], [ -91.343196, 31.339422 ], [ -91.30358, 31.360975 ], [ -91.257134, 31.360127 ], [ -91.237079, 31.371191 ], [ -91.213055, 31.3571 ], [ -91.15815, 31.346695 ], [ -91.153864, 31.610068 ], [ -91.153841, 31.630488 ], [ -91.233022, 31.629158 ], [ -91.29557, 31.66987 ], [ -91.291843, 31.691643 ], [ -91.317864, 31.749766 ] ] ] } },
{ "type": "Feature", "properties": { "geo_id": "2803090", "geo_name": "Nettleton School District", "geo_level": "school_district", "year": 2022 }, "geometry": { "type": "Polygon", "coordinates": [ [ [ -88.718964, 34.074521 ], [ -88.719995, 34.015453 ], [ -88.654751, 34.015335 ], [ -88.619449, 34.031166 ], [ -88.556505, 34.031237 ], [ -88.528583, 34.062286 ], [ -88.482123, 34.047057 ], [ -88.472527, 34.063138 ], [ -88.43348, 34.073717 ], [ -88.431157, 34.088102 ], [ -88.543352, 34.089044 ], [ -88.543596, 34.180368 ], [ -88.599102, 34.180674 ], [ -88.65598, 34.165574 ], [ -88.657776, 34.089191 ], [ -88.718764, 34.089355 ], [ -88.718964, 34.074521 ] ] ] } },
{ "type": "Feature", "properties": { "geo_id": "2803120", "geo_name": "New Albany Public Schools", "geo_level": "school_district", "year": 2022 }, "geometry": { "type": "Polygon", "coordinates": [ [ [ -89.004122, 34.598493 ], [ -88.990067, 34.55852 ], [ -88.99033, 34.524956 ], [ -89.039085, 34.529685 ], [ -89.057383, 34.511118 ], [ -89.057614, 34.468356 ], [ -88.946727, 34.470966 ], [ -88.92925, 34.50111 ], [ -88.894329, 34.510012 ], [ -88.894305, 34.540674 ], [ -88.824723, 34.540741 ], [ -88.824663, 34.596952 ], [ -89.004122, 34.598493 ] ] ] } },
{ "type": "Feature", "properties": { "geo_id": "2803510", "geo_name": "Pass Christian Public School District", "geo_level": "school_district", "year": 2022 }, "geometry": { "type": "Polygon", "coordinates": [ [ [ -89.341529, 30.454803 ], [ -89.340847, 30.357995 ], [ -89.311145, 30.346396 ], [ -89.306897, 30.309105 ], [ -89.278431, 30.304061 ], [ -89.271372, 30.284247 ], [ -89.187071, 30.316626 ], [ -89.203816, 30.343342 ], [ -89.239788, 30.337295 ], [ -89.239747, 30.374422 ], [ -89.205734, 30.383673 ], [ -89.195491, 30.403328 ], [ -89.221549, 30.442079 ], [ -89.260176, 30.472071 ], [ -89.279536, 30.457762 ], [ -89.341529, 30.454803 ] ] ] } },
{ "type": "Feature", "properties": { "geo_id": "2803520", "geo_name": "Pearl Public School District", "geo_level": "school_district", "year": 2022 }, "geometry": { "type": "Polygon", "coordinates": [ [ [ -90.167107, 32.279547 ], [ -90.160912, 32.264133 ], [ -90.122974, 32.239136 ], [ -90.094965, 32.248867 ], [ -90.03804, 32.247111 ], [ -90.037742, 32.327013 ], [ -90.056235, 32.323292 ], [ -90.055708, 32.290975 ], [ -90.090923, 32.301472 ], [ -90.129786, 32.301546 ], [ -90.137062, 32.280465 ], [ -90.167107, 32.279547 ] ] ] } },
{ "type": "Feature", "properties": { "geo_id": "2803630", "geo_name": "Picayune School District", "geo_level": "school_district", "year": 2022 }, "geometry": { "type": "Polygon", "coordinates": [ [ [ -89.835963, 30.735846 ], [ -89.844172, 30.691504 ], [ -89.820068, 30.632808 ], [ -89.818771, 30.59288 ], [ -89.78968, 30.544656 ], [ -89.752807, 30.502962 ], [ -89.721405, 30.488883 ], [ -89.683631, 30.451787 ], [ -89.67118, 30.384862 ], [ -89.545164, 30.385062 ], [ -89.543753, 30.486659 ], [ -89.563144, 30.516879 ], [ -89.610017, 30.518608 ], [ -89.611257, 30.561152 ], [ -89.671442, 30.561205 ], [ -89.696843, 30.58941 ], [ -89.72989, 30.605575 ], [ -89.729854, 30.735986 ], [ -89.835963, 30.735846 ] ] ] } },
{ "type": "Feature", "properties": { "geo_id": "2803660", "geo_name": "Pontotoc County Schools", "geo_level": "school_district", "year": 2022 }, "geometry": { "type": "Polygon", "coordinates": [ [ [ -89.246339, 34.379344 ], [ -89.245485, 34.161186 ], [ -89.244436, 34.073942 ], [ -89.139158, 34.074116 ], [ -88.843671, 34.074952 ], [ -88.824523, 34.074948 ], [ -88.824691, 34.184209 ], [ -88.877517, 34.184769 ], [ -88.895707, 34.200867 ], [ -88.930806, 34.200874 ], [ -88.92599, 34.172985 ], [ -88.895446, 34.173292 ], [ -88.903351, 34.133577 ], [ -88.92493, 34.132893 ], [ -88.936898, 34.161982 ], [ -88.96564, 34.176303 ], [ -88.965627, 34.197344 ], [ -89.019688, 34.206486 ], [ -89.044045, 34.247848 ], [ -89.087205, 34.248891 ], [ -89.070871, 34.278703 ], [ -88.965217, 34.293099 ], [ -88.930443, 34.307554 ], [ -88.894321, 34.293558 ], [ -88.825424, 34.293597 ], [ -88.824966, 34.364759 ], [ -88.928546, 34.365001 ], [ -88.928901, 34.379361 ], [ -89.246339, 34.379344 ] ] ] } },
{ "type": "Feature", "properties": { "geo_id": "2803690", "geo_name": "Pontotoc City Schools", "geo_level": "school_district", "year": 2022 }, "geometry": { "type": "Polygon", "coordinates": [ [ [ -88.930443, 34.307554 ], [ -88.965217, 34.293099 ], [ -89.070871, 34.278703 ], [ -89.087205, 34.248891 ], [ -89.044045, 34.247848 ], [ -89.019688, 34.206486 ], [ -88.965627, 34.197344 ], [ -88.96564, 34.176303 ], [ -88.936898, 34.161982 ], [ -88.92493, 34.132893 ], [ -88.903351, 34.133577 ], [ -88.895446, 34.173292 ], [ -88.92599, 34.172985 ], [ -88.930806, 34.200874 ], [ -88.895707, 34.200867 ], [ -88.877517, 34.184769 ], [ -88.824691, 34.184209 ], [ -88.824849, 34.206032 ], [ -88.825424, 34.293597 ], [ -88.894321, 34.293558 ], [ -88.930443, 34.307554 ] ] ] } },
{ "type": "Feature", "properties": { "geo_id": "2803750", "geo_name": "Prentiss County School District", "geo_level": "school_district", "year": 2022 }, "geometry": { "type": "Polygon", "coordinates": [ [ [ -88.718508, 34.756781 ], [ -88.717794, 34.596472 ], [ -88.665234, 34.596544 ], [ -88.647141, 34.556926 ], [ -88.595152, 34.52682 ], [ -88.594089, 34.510876 ], [ -88.541749, 34.509192 ], [ -88.542079, 34.465276 ], [ -88.329193, 34.463571 ], [ -88.330699, 34.740721 ], [ -88.365472, 34.755604 ], [ -88.718508, 34.756781 ] ], [ [ -88.58774, 34.670353 ], [ -88.542872, 34.669025 ], [ -88.537761, 34.637953 ], [ -88.582461, 34.633403 ], [ -88.58774, 34.670353 ] ] ] } },
{ "type": "Feature", "properties": { "geo_id": "2804050", "geo_name": "South Panola School District", "geo_level": "school_district", "year": 2022 }, "geometry": { "type": "Polygon", "coordinates": [ [ [ -90.197382, 34.376071 ], [ -90.194086, 34.301407 ], [ -90.134441, 34.265195 ], [ -90.135456, 34.160074 ], [ -89.96408, 34.159472 ], [ -89.931485, 34.164303 ], [ -89.77636, 34.163684 ], [ -89.721431, 34.163513 ], [ -89.72105, 34.192545 ], [ -89.721269, 34.364961 ], [ -89.721338, 34.379164 ], [ -89.721137, 34.444606 ], [ -89.828403, 34.396827 ], [ -89.883647, 34.386737 ], [ -89.89469, 34.376027 ], [ -89.991002, 34.376061 ], [ -89.990813, 34.394449 ], [ -90.038934, 34.394056 ], [ -90.038798, 34.375993 ], [ -90.197382, 34.376071 ] ] ] } },
{ "type": "Feature", "properties": { "geo_id": "2804230", "geo_name": "Tate County School District", "geo_level": "school_district", "year": 2022 }, "geometry": { "type": "Polygon", "coordinates": [ [ [ -90.200199, 34.724418 ], [ -90.231412, 34.701991 ], [ -90.216325, 34.646874 ], [ -90.239971, 34.626237 ], [ -90.243924, 34.60215 ], [ -90.198631, 34.554425 ], [ -90.031471, 34.554072 ], [ -90.030179, 34.604817 ], [ -90.041405, 34.641052 ], [ -89.959578, 34.641307 ], [ -89.898022, 34.62655 ], [ -89.898383, 34.55366 ], [ -89.721341, 34.554274 ], [ -89.668448, 34.554367 ], [ -89.66916, 34.685786 ], [ -89.722333, 34.685504 ], [ -89.723442, 34.772311 ], [ -89.908587, 34.772641 ], [ -89.925158, 34.751536 ], [ -90.029144, 34.708176 ], [ -90.098277, 34.731783 ], [ -90.132368, 34.759913 ], [ -90.169988, 34.758735 ], [ -90.200199, 34.724418 ] ] ] } },
{ "type": "Feature", "properties": { "geo_id": "2804260", "geo_name": "Tishomingo County Schools", "geo_level": "school_district", "year": 2022 }, "geometry": { "type": "Polygon", "coordinates": [ [ [ -88.363531, 34.995475 ], [ -88.365472, 34.755604 ], [ -88.330699, 34.740721 ], [ -88.329193, 34.463571 ], [ -88.156292, 34.463214 ], [ -88.139988, 34.581703 ], [ -88.118407, 34.724292 ], [ -88.097888, 34.892202 ], [ -88.152413, 34.919741 ], [ -88.200064, 34.995634 ], [ -88.363531, 34.995475 ] ] ] } },
{ "type": "Feature", "properties": { "geo_id": "2804290", "geo_name": "Tunica County School District", "geo_level": "school_district", "year": 2022 }, "geometry": { "type": "Polygon", "coordinates": [ [ [ -90.304561, 34.860587 ], [ -90.338449, 34.858517 ], [ -90.389393, 34.830665 ], [ -90.438729, 34.825248 ], [ -90.449691, 34.83992 ], [ -90.42931, 34.868752 ], [ -90.444223, 34.887628 ], [ -90.480323, 34.882356 ], [ -90.48372, 34.861018 ], [ -90.455379, 34.820785 ], [ -90.476584, 34.794004 ], [ -90.448423, 34.739117 ], [ -90.474999, 34.723888 ], [ -90.524166, 34.731388 ], [ -90.492777, 34.772499 ], [ -90.521111, 34.801944 ], [ -90.547778, 34.783333 ], [ -90.539444, 34.755277 ], [ -90.563611, 34.737778 ], [ -90.571944, 34.712777 ], [ -90.533333, 34.696388 ], [ -90.474166, 34.705277 ], [ -90.468237, 34.670806 ], [ -90.517548, 34.630759 ], [ -90.546541, 34.631018 ], [ -90.569715, 34.66635 ], [ -90.591784, 34.623794 ], [ -90.573762, 34.592133 ], [ -90.540493, 34.557871 ], [ -90.567874, 34.523999 ], [ -90.399498, 34.423807 ], [ -90.301851, 34.424546 ], [ -90.304317, 34.509621 ], [ -90.198536, 34.511088 ], [ -90.198631, 34.554425 ], [ -90.243924, 34.60215 ], [ -90.239971, 34.626237 ], [ -90.216325, 34.646874 ], [ -90.231412, 34.701991 ], [ -90.200199, 34.724418 ], [ -90.202126, 34.860374 ], [ -90.304561, 34.860587 ] ] ] } },
{ "type": "Feature", "properties": { "geo_id": "2804320", "geo_name": "Tupelo Public School District", "geo_level": "school_district", "year": 2022 }, "geometry": { "type": "Polygon", "coordinates": [ [ [ -88.825424, 34.293597 ], [ -88.824849, 34.206032 ], [ -88.774571, 34.225964 ], [ -88.764087, 34.208098 ], [ -88.718532, 34.202757 ], [ -88.649485, 34.237032 ], [ -88.650359, 34.309036 ], [ -88.693105, 34.316105 ], [ -88.693408, 34.337568 ], [ -88.739574, 34.346397 ], [ -88.749078, 34.301665 ], [ -88.80032, 34.323537 ], [ -88.825424, 34.293597 ] ] ] } },
{ "type": "Feature", "properties": { "geo_id": "2804380", "geo_name": "Union Public School District", "geo_level": "school_district", "year": 2022 }, "geometry": { "type": "Polygon", "coordinates": [ [ [ -89.034296, 32.576886 ], [ -89.052091, 32.612392 ], [ -89.076193, 32.62702 ], [ -89.124568, 32.634944 ], [ -89.17863, 32.635126 ], [ -89.178954, 32.605874 ], [ -89.256377, 32.606045 ], [ -89.256261, 32.576464 ], [ -89.252118, 32.532202 ], [ -89.197287, 32.532244 ], [ -89.167308, 32.52092 ], [ -89.084885, 32.528811 ], [ -89.085039, 32.564308 ], [ -89.034296, 32.576886 ] ] ] } },
{ "type": "Feature", "properties": { "geo_id": "2804770", "geo_name": "Yazoo City Municipal School District", "geo_level": "school_district", "year": 2022 }, "geometry": { "type": "Polygon", "coordinates": [ [ [ -90.443812, 32.853205 ], [ -90.434527, 32.836499 ], [ -90.38821, 32.855755 ], [ -90.380057, 32.894835 ], [ -90.415497, 32.894843 ], [ -90.424551, 32.865914 ], [ -90.443812, 32.853205 ] ] ] } },
{ "type": "Feature", "properties": { "geo_id": "2804800", "geo_name": "Yazoo County School District", "geo_level": "school_district", "year": 2022 }, "geometry": { "type": "Polygon", "coordinates": [ [ [ -90.656632, 32.92251 ], [ -90.759753, 32.835763 ], [ -90.759467, 32.814836 ], [ -90.723389, 32.818882 ], [ -90.693061, 32.754297 ], [ -90.742634, 32.729225 ], [ -90.699308, 32.689256 ], [ -90.724151, 32.660325 ], [ -90.697563, 32.625135 ], [ -90.720102, 32.618858 ], [ -90.689946, 32.618658 ], [ -90.690249, 32.589388 ], [ -90.655527, 32.589771 ], [ -90.654589, 32.546044 ], [ -90.588019, 32.546067 ], [ -90.553904, 32.531907 ], [ -90.553821, 32.507574 ], [ -90.542251, 32.505366 ], [ -90.484132, 32.542993 ], [ -90.450037, 32.573783 ], [ -90.427777, 32.585707 ], [ -90.40441, 32.574741 ], [ -90.322828, 32.615589 ], [ -90.311212, 32.640692 ], [ -90.274745, 32.658013 ], [ -90.235161, 32.665755 ], [ -90.197729, 32.66385 ], [ -90.136027, 32.697248 ], [ -90.094297, 32.704432 ], [ -90.076365, 32.729443 ], [ -90.042441, 32.744143 ], [ -90.022666, 32.784887 ], [ -90.018675, 32.821689 ], [ -89.995433, 32.834003 ], [ -89.965882, 32.879573 ], [ -90.338339, 33.010131 ], [ -90.364031, 33.010596 ], [ -90.449323, 33.00901 ], [ -90.449893, 32.92329 ], [ -90.656632, 32.92251 ] ], [ [ -90.443812, 32.853205 ], [ -90.424551, 32.865914 ], [ -90.415497, 32.894843 ], [ -90.380057, 32.894835 ], [ -90.38821, 32.855755 ], [ -90.434527, 32.836499 ], [ -90.443812, 32.853205 ] ] ] } },
{ "type": "Feature", "properties": { "geo_id": "2804710", "geo_name": "Wilkinson County School District", "geo_level": "school_district", "year": 2022 }, "geometry": { "type": "Polygon", "coordinates": [ [ [ -91.589451, 31.19114 ], [ -91.625199, 31.115963 ], [ -91.56415, 31.06683 ], [ -91.564397, 31.038965 ], [ -91.590463, 31.01727 ], [ -91.636942, 30.999416 ], [ -91.375112, 30.998964 ], [ -91.060219, 30.998927 ], [ -91.059431, 31.281858 ], [ -91.079954, 31.288828 ], [ -91.095398, 31.320975 ], [ -91.111504, 31.319951 ], [ -91.15815, 31.346695 ], [ -91.213055, 31.3571 ], [ -91.237079, 31.371191 ], [ -91.257134, 31.360127 ], [ -91.30358, 31.360975 ], [ -91.343196, 31.339422 ], [ -91.378657, 31.336563 ], [ -91.424012, 31.31504 ], [ -91.468435, 31.31957 ], [ -91.478799, 31.238999 ], [ -91.530126, 31.214842 ], [ -91.540907, 31.238346 ], [ -91.57567, 31.224475 ], [ -91.589451, 31.19114 ] ] ] } },
{ "type": "Feature", "properties": { "geo_id": "2800191", "geo_name": "West Point Consolidated School District", "geo_level": "school_district", "year": 2022 }, "geometry": { "type": "Polygon", "coordinates": [ [ [ -89.034498, 33.73943 ], [ -89.034267, 33.63541 ], [ -89.01854, 33.635373 ], [ -89.018613, 33.562114 ], [ -88.984181, 33.564251 ], [ -88.671526, 33.565135 ], [ -88.67125, 33.506168 ], [ -88.609389, 33.506751 ], [ -88.531445, 33.53738 ], [ -88.480299, 33.522741 ], [ -88.494864, 33.579522 ], [ -88.478079, 33.606435 ], [ -88.513917, 33.650209 ], [ -88.497147, 33.680181 ], [ -88.719626, 33.680253 ], [ -88.719979, 33.81133 ], [ -88.746039, 33.810868 ], [ -88.931176, 33.812374 ], [ -88.931604, 33.754312 ], [ -89.034775, 33.754156 ], [ -89.034498, 33.73943 ] ] ] } },
{ "type": "Feature", "properties": { "geo_id": "2800195", "geo_name": "Holmes County Consolidated School District", "geo_level": "school_district", "year": 2022 }, "geometry": { "type": "Polygon", "coordinates": [ [ [ -90.331589, 33.302825 ], [ -90.330312, 33.137818 ], [ -90.383098, 33.121422 ], [ -90.393411, 33.101737 ], [ -90.428774, 33.107932 ], [ -90.429783, 33.060991 ], [ -90.391456, 33.04999 ], [ -90.364031, 33.010596 ], [ -90.338339, 33.010131 ], [ -89.965882, 32.879573 ], [ -89.902501, 32.92794 ], [ -89.888256, 32.98036 ], [ -89.836363, 33.039984 ], [ -89.823902, 33.064343 ], [ -89.821235, 33.114219 ], [ -89.795852, 33.124663 ], [ -89.795576, 33.155933 ], [ -89.77873, 33.191494 ], [ -89.749441, 33.214478 ], [ -89.875083, 33.248866 ], [ -90.174614, 33.333378 ], [ -90.295029, 33.361784 ], [ -90.279627, 33.339509 ], [ -90.29169, 33.31901 ], [ -90.331589, 33.302825 ] ] ] } },
{ "type": "Feature", "properties": { "geo_id": "2800196", "geo_name": "Winona-Montgomery County Consolidated School District", "geo_level": "school_district", "year": 2022 }, "geometry": { "type": "Polygon", "coordinates": [ [ [ -89.78689, 33.676727 ], [ -89.785227, 33.416275 ], [ -89.715847, 33.416766 ], [ -89.715631, 33.402066 ], [ -89.646314, 33.402544 ], [ -89.64528, 33.285515 ], [ -89.453808, 33.285942 ], [ -89.45405, 33.4332 ], [ -89.41103, 33.435872 ], [ -89.381092, 33.460307 ], [ -89.506496, 33.459806 ], [ -89.506872, 33.677605 ], [ -89.78689, 33.676727 ] ] ] } },
{ "type": "Feature", "properties": { "geo_id": "2800200", "geo_name": "Chickasaw County School District", "geo_level": "school_district", "year": 2022 }, "geometry": { "type": "Polygon", "coordinates": [ [ [ -89.13814, 33.959113 ], [ -89.137876, 33.812144 ], [ -89.19004, 33.81171 ], [ -89.191781, 33.738602 ], [ -89.034498, 33.73943 ], [ -89.034775, 33.754156 ], [ -88.931604, 33.754312 ], [ -88.931176, 33.812374 ], [ -88.746039, 33.810868 ], [ -88.784249, 33.875078 ], [ -88.812607, 33.907042 ], [ -88.834254, 33.955958 ], [ -88.834065, 33.986141 ], [ -88.860191, 34.005806 ], [ -88.859755, 34.036517 ], [ -88.843671, 34.074952 ], [ -89.139158, 34.074116 ], [ -89.13814, 33.959113 ] ] ] } },
{ "type": "Feature", "properties": { "geo_id": "2800360", "geo_name": "Aberdeen School District", "geo_level": "school_district", "year": 2022 }, "geometry": { "type": "Polygon", "coordinates": [ [ [ -88.662517, 33.944694 ], [ -88.670399, 33.96036 ], [ -88.719985, 33.96024 ], [ -88.719979, 33.81133 ], [ -88.719626, 33.680253 ], [ -88.497147, 33.680181 ], [ -88.483048, 33.705524 ], [ -88.500665, 33.760423 ], [ -88.493094, 33.780519 ], [ -88.458267, 33.767547 ], [ -88.459726, 33.824471 ], [ -88.492164, 33.824614 ], [ -88.493643, 33.882521 ], [ -88.539074, 33.882444 ], [ -88.549636, 33.898698 ], [ -88.630264, 33.89849 ], [ -88.662517, 33.944694 ] ] ] } },
{ "type": "Feature", "properties": { "geo_id": "2800450", "geo_name": "Amory School District", "geo_level": "school_district", "year": 2022 }, "geometry": { "type": "Polygon", "coordinates": [ [ [ -88.662517, 33.944694 ], [ -88.630264, 33.89849 ], [ -88.549636, 33.898698 ], [ -88.53216, 33.922498 ], [ -88.529684, 33.953185 ], [ -88.465484, 33.971238 ], [ -88.482123, 34.047057 ], [ -88.528583, 34.062286 ], [ -88.556505, 34.031237 ], [ -88.619449, 34.031166 ], [ -88.654751, 34.015335 ], [ -88.63787, 34.00195 ], [ -88.643284, 33.944467 ], [ -88.662517, 33.944694 ] ] ] } },
{ "type": "Feature", "properties": { "geo_id": "2800420", "geo_name": "Amite County School District", "geo_level": "school_district", "year": 2022 }, "geometry": { "type": "Polygon", "coordinates": [ [ [ -90.633302, 31.349306 ], [ -90.983002, 31.348671 ], [ -91.095398, 31.320975 ], [ -91.079954, 31.288828 ], [ -91.059431, 31.281858 ], [ -91.060219, 30.998927 ], [ -90.547616, 30.99972 ], [ -90.548108, 31.203508 ], [ -90.54816, 31.291796 ], [ -90.548199, 31.349574 ], [ -90.633302, 31.349306 ] ] ] } },
{ "type": "Feature", "properties": { "geo_id": "2800510", "geo_name": "Attala County School District", "geo_level": "school_district", "year": 2022 }, "geometry": { "type": "Polygon", "coordinates": [ [ [ -89.749441, 33.214478 ], [ -89.77873, 33.191494 ], [ -89.795576, 33.155933 ], [ -89.795852, 33.124663 ], [ -89.821235, 33.114219 ], [ -89.823902, 33.064343 ], [ -89.836363, 33.039984 ], [ -89.888256, 32.98036 ], [ -89.902501, 32.92794 ], [ -89.965882, 32.879573 ], [ -89.839539, 32.879701 ], [ -89.730016, 32.885072 ], [ -89.730154, 32.929924 ], [ -89.600814, 32.930518 ], [ -89.594279, 33.020259 ], [ -89.627264, 33.069815 ], [ -89.662836, 33.069706 ], [ -89.670974, 33.09135 ], [ -89.721508, 33.081701 ], [ -89.734722, 33.106274 ], [ -89.730758, 33.134983 ], [ -89.694645, 33.144834 ], [ -89.707799, 33.197019 ], [ -89.628089, 33.196986 ], [ -89.628322, 33.174079 ], [ -89.559122, 33.181999 ], [ -89.537146, 33.196146 ], [ -89.525485, 33.137813 ], [ -89.533458, 33.122344 ], [ -89.462457, 33.046053 ], [ -89.462103, 32.996851 ], [ -89.470083, 32.975585 ], [ -89.543997, 32.969069 ], [ -89.543931, 32.930878 ], [ -89.319163, 32.931654 ], [ -89.317855, 33.108871 ], [ -89.316408, 33.285556 ], [ -89.453808, 33.285942 ], [ -89.64528, 33.285515 ], [ -89.701474, 33.285515 ], [ -89.749441, 33.214478 ] ] ] } },
{ "type": "Feature", "properties": { "geo_id": "2800600", "geo_name": "Benton County School District", "geo_level": "school_district", "year": 2022 }, "geometry": { "type": "Polygon", "coordinates": [ [ [ -89.352679, 34.993863 ], [ -89.352705, 34.844432 ], [ -89.299227, 34.844415 ], [ -89.2989, 34.731025 ], [ -89.298334, 34.582926 ], [ -89.245645, 34.583234 ], [ -89.245611, 34.597601 ], [ -89.088488, 34.598247 ], [ -89.0884, 34.785962 ], [ -89.088065, 34.815307 ], [ -89.03534, 34.81526 ], [ -89.035009, 34.858762 ], [ -89.017551, 34.858723 ], [ -89.017127, 34.994971 ], [ -89.352679, 34.993863 ] ] ] } },
{ "type": "Feature", "properties": { "geo_id": "2800750", "geo_name": "Cleveland School District", "geo_level": "school_district", "year": 2022 }, "geometry": { "type": "Polygon", "coordinates": [ [ [ -90.836611, 33.850137 ], [ -90.815492, 33.835734 ], [ -90.816243, 33.776422 ], [ -90.805769, 33.732938 ], [ -90.763022, 33.733056 ], [ -90.763333, 33.645564 ], [ -90.658601, 33.645271 ], [ -90.658255, 33.850737 ], [ -90.836611, 33.850137 ] ] ] } },
{ "type": "Feature", "properties": { "geo_id": "2800840", "geo_name": "Brookhaven School District", "geo_level": "school_district", "year": 2022 }, "geometry": { "type": "Polygon", "coordinates": [ [ [ -90.244854, 31.643555 ], [ -90.259727, 31.632012 ], [ -90.343458, 31.627927 ], [ -90.380508, 31.618545 ], [ -90.409109, 31.65153 ], [ -90.41563, 31.67328 ], [ -90.480465, 31.669298 ], [ -90.48638, 31.62814 ], [ -90.480256, 31.583026 ], [ -90.517951, 31.57858 ], [ -90.558696, 31.549339 ], [ -90.53574, 31.524214 ], [ -90.467174, 31.519547 ], [ -90.467602, 31.492698 ], [ -90.4426, 31.492657 ], [ -90.397623, 31.522661 ], [ -90.370278, 31.493969 ], [ -90.244529, 31.493155 ], [ -90.244854, 31.643555 ] ] ] } },
{ "type": "Feature", "properties": { "geo_id": "2802640", "geo_name": "Lincoln County School District", "geo_level": "school_district", "year": 2022 }, "geometry": { "type": "Polygon", "coordinates": [ [ [ -90.736824, 31.698491 ], [ -90.73733, 31.611124 ], [ -90.633231, 31.611409 ], [ -90.633302, 31.349306 ], [ -90.548199, 31.349574 ], [ -90.260391, 31.350274 ], [ -90.24389, 31.350274 ], [ -90.244529, 31.493155 ], [ -90.370278, 31.493969 ], [ -90.397623, 31.522661 ], [ -90.4426, 31.492657 ], [ -90.467602, 31.492698 ], [ -90.467174, 31.519547 ], [ -90.53574, 31.524214 ], [ -90.558696, 31.549339 ], [ -90.517951, 31.57858 ], [ -90.480256, 31.583026 ], [ -90.48638, 31.62814 ], [ -90.480465, 31.669298 ], [ -90.41563, 31.67328 ], [ -90.409109, 31.65153 ], [ -90.380508, 31.618545 ], [ -90.343458, 31.627927 ], [ -90.259727, 31.632012 ], [ -90.244854, 31.643555 ], [ -90.245191, 31.717524 ], [ -90.279953, 31.699865 ], [ -90.414198, 31.700456 ], [ -90.621684, 31.698096 ], [ -90.736824, 31.698491 ] ] ] } },
{ "type": "Feature", "properties": { "geo_id": "2800870", "geo_name": "Calhoun County School District", "geo_level": "school_district", "year": 2022 }, "geometry": { "type": "Polygon", "coordinates": [ [ [ -89.509748, 34.162082 ], [ -89.507597, 34.041543 ], [ -89.507353, 33.867469 ], [ -89.507135, 33.721819 ], [ -89.191924, 33.722158 ], [ -89.191781, 33.738602 ], [ -89.19004, 33.81171 ], [ -89.137876, 33.812144 ], [ -89.13814, 33.959113 ], [ -89.139158, 34.074116 ], [ -89.244436, 34.073942 ], [ -89.245485, 34.161186 ], [ -89.509748, 34.162082 ] ] ] } },
{ "type": "Feature", "properties": { "geo_id": "2800930", "geo_name": "Carroll County School District", "geo_level": "school_district", "year": 2022 }, "geometry": { "type": "Polygon", "coordinates": [ [ [ -90.127775, 33.676956 ], [ -90.102155, 33.652419 ], [ -90.101401, 33.45894 ], [ -90.13761, 33.459114 ], [ -90.137817, 33.416455 ], [ -90.174756, 33.417003 ], [ -90.174614, 33.333378 ], [ -89.875083, 33.248866 ], [ -89.749441, 33.214478 ], [ -89.701474, 33.285515 ], [ -89.64528, 33.285515 ], [ -89.646314, 33.402544 ], [ -89.715631, 33.402066 ], [ -89.715847, 33.416766 ], [ -89.785227, 33.416275 ], [ -89.78689, 33.676727 ], [ -90.127775, 33.676956 ] ] ] } },
{ "type": "Feature", "properties": { "geo_id": "2800990", "geo_name": "Choctaw County School District", "geo_level": "school_district", "year": 2022 }, "geometry": { "type": "Polygon", "coordinates": [ [ [ -89.381092, 33.460307 ], [ -89.41103, 33.435872 ], [ -89.45405, 33.4332 ], [ -89.453808, 33.285942 ], [ -89.316408, 33.285556 ], [ -89.317855, 33.108871 ], [ -89.213921, 33.109402 ], [ -89.213422, 33.197543 ], [ -89.1089, 33.198059 ], [ -89.108886, 33.285937 ], [ -89.088255, 33.286003 ], [ -89.088446, 33.533202 ], [ -89.180963, 33.532845 ], [ -89.222039, 33.527245 ], [ -89.319446, 33.496709 ], [ -89.339624, 33.469915 ], [ -89.381092, 33.460307 ] ] ] } },
{ "type": "Feature", "properties": { "geo_id": "2801020", "geo_name": "Claiborne County School District", "geo_level": "school_district", "year": 2022 }, "geometry": { "type": "Polygon", "coordinates": [ [ [ -91.030207, 32.114353 ], [ -91.038607, 32.098253 ], [ -91.080008, 32.079154 ], [ -91.098708, 32.048355 ], [ -91.139309, 32.081753 ], [ -91.16201, 32.061855 ], [ -91.141109, 32.045654 ], [ -91.093408, 32.036855 ], [ -91.075908, 32.016827 ], [ -91.106908, 31.989357 ], [ -91.16441, 31.982557 ], [ -91.18811, 31.961358 ], [ -91.20101, 31.909159 ], [ -91.248144, 31.869848 ], [ -91.013676, 31.861852 ], [ -90.842, 31.826498 ], [ -90.852657, 31.785422 ], [ -90.736282, 31.786134 ], [ -90.73611, 31.801303 ], [ -90.716785, 31.844583 ], [ -90.715843, 31.962223 ], [ -90.718297, 32.048352 ], [ -90.728622, 32.225119 ], [ -90.753234, 32.196059 ], [ -90.79005, 32.174716 ], [ -90.77482, 32.153993 ], [ -90.882558, 32.114534 ], [ -90.90774, 32.131888 ], [ -90.92432, 32.097477 ], [ -90.956787, 32.083597 ], [ -91.030207, 32.114353 ] ] ] } },
{ "type": "Feature", "properties": { "geo_id": "2801170", "geo_name": "Columbia School District", "geo_level": "school_district", "year": 2022 }, "geometry": { "type": "Polygon", "coordinates": [ [ [ -89.966305, 31.390493 ], [ -89.959252, 31.346495 ], [ -89.94032, 31.327529 ], [ -89.894409, 31.326124 ], [ -89.85393, 31.282771 ], [ -89.854312, 31.254894 ], [ -89.814269, 31.205163 ], [ -89.754518, 31.204986 ], [ -89.755628, 31.262575 ], [ -89.807228, 31.258986 ], [ -89.806578, 31.345637 ], [ -89.857588, 31.332214 ], [ -89.85634, 31.390215 ], [ -89.95894, 31.390489 ], [ -89.966305, 31.390493 ] ] ] } },
{ "type": "Feature", "properties": { "geo_id": "2801220", "geo_name": "Copiah County School District", "geo_level": "school_district", "year": 2022 }, "geometry": { "type": "Polygon", "coordinates": [ [ [ -90.736282, 31.786134 ], [ -90.736824, 31.698491 ], [ -90.621684, 31.698096 ], [ -90.414198, 31.700456 ], [ -90.279953, 31.699865 ], [ -90.245191, 31.717524 ], [ -90.184139, 31.731462 ], [ -90.122565, 31.75268 ], [ -90.110981, 31.789266 ], [ -90.140757, 31.789353 ], [ -90.132552, 31.856923 ], [ -90.145716, 31.892867 ], [ -90.170276, 31.904472 ], [ -90.168325, 31.930549 ], [ -90.191385, 31.93936 ], [ -90.209267, 31.98934 ], [ -90.247752, 32.030681 ], [ -90.230331, 32.049728 ], [ -90.655148, 32.049958 ], [ -90.718297, 32.048352 ], [ -90.715843, 31.962223 ], [ -90.62075, 31.96354 ], [ -90.621347, 31.991824 ], [ -90.500153, 31.993418 ], [ -90.499682, 31.950489 ], [ -90.398472, 31.950954 ], [ -90.367424, 31.945252 ], [ -90.367084, 31.923432 ], [ -90.317202, 31.922927 ], [ -90.275031, 31.910083 ], [ -90.274266, 31.846145 ], [ -90.231266, 31.818085 ], [ -90.230437, 31.775571 ], [ -90.367282, 31.774042 ], [ -90.367113, 31.759193 ], [ -90.516118, 31.757816 ], [ -90.516422, 31.772434 ], [ -90.565308, 31.772242 ], [ -90.582549, 31.801144 ], [ -90.73611, 31.801303 ], [ -90.736282, 31.786134 ] ] ] } },
{ "type": "Feature", "properties": { "geo_id": "2801380", "geo_name": "East Jasper School District", "geo_level": "school_district", "year": 2022 }, "geometry": { "type": "Polygon", "coordinates": [ [ [ -89.117675, 32.223972 ], [ -89.117062, 32.079197 ], [ -89.083324, 32.079232 ], [ -89.116844, 32.020299 ], [ -89.116439, 31.976514 ], [ -89.150236, 31.976628 ], [ -89.150379, 31.947807 ], [ -89.116232, 31.948211 ], [ -89.113276, 31.814121 ], [ -88.943355, 31.824565 ], [ -88.910459, 31.826649 ], [ -88.91356, 32.108454 ], [ -88.913847, 32.224186 ], [ -89.100296, 32.223961 ], [ -89.117675, 32.223972 ] ] ] } },
{ "type": "Feature", "properties": { "geo_id": "2801440", "geo_name": "Enterprise School District", "geo_level": "school_district", "year": 2022 }, "geometry": { "type": "Polygon", "coordinates": [ [ [ -88.913847, 32.224186 ], [ -88.91356, 32.108454 ], [ -88.887322, 32.108518 ], [ -88.874119, 32.058977 ], [ -88.810211, 32.059531 ], [ -88.811319, 32.166865 ], [ -88.741589, 32.166458 ], [ -88.723811, 32.152963 ], [ -88.630425, 32.153688 ], [ -88.627115, 32.138125 ], [ -88.442661, 32.138601 ], [ -88.431379, 32.227666 ], [ -88.913847, 32.224186 ] ] ] } },
{ "type": "Feature", "properties": { "geo_id": "2803780", "geo_name": "Quitman School District", "geo_level": "school_district", "year": 2022 }, "geometry": { "type": "Polygon", "coordinates": [ [ [ -88.91356, 32.108454 ], [ -88.910459, 31.826649 ], [ -88.763411, 31.835934 ], [ -88.622394, 31.857193 ], [ -88.473227, 31.893856 ], [ -88.442661, 32.138601 ], [ -88.627115, 32.138125 ], [ -88.630425, 32.153688 ], [ -88.723811, 32.152963 ], [ -88.741589, 32.166458 ], [ -88.811319, 32.166865 ], [ -88.810211, 32.059531 ], [ -88.874119, 32.058977 ], [ -88.887322, 32.108518 ], [ -88.91356, 32.108454 ] ] ] } },
{ "type": "Feature", "properties": { "geo_id": "2801470", "geo_name": "Forest Municipal School District", "geo_level": "school_district", "year": 2022 }, "geometry": { "type": "Polygon", "coordinates": [ [ [ -89.403661, 32.223284 ], [ -89.423322, 32.237986 ], [ -89.474668, 32.237848 ], [ -89.474709, 32.31283 ], [ -89.455739, 32.342908 ], [ -89.421598, 32.342725 ], [ -89.392722, 32.355453 ], [ -89.373085, 32.394918 ], [ -89.423596, 32.398717 ], [ -89.423599, 32.382719 ], [ -89.474935, 32.387821 ], [ -89.474348, 32.474102 ], [ -89.523393, 32.473852 ], [ -89.526007, 32.370964 ], [ -89.56025, 32.370742 ], [ -89.560336, 32.294901 ], [ -89.535417, 32.294595 ], [ -89.526884, 32.249796 ], [ -89.55326, 32.24984 ], [ -89.560428, 32.223557 ], [ -89.403661, 32.223284 ] ] ] } },
{ "type": "Feature", "properties": { "geo_id": "2801490", "geo_name": "Forrest County Schools", "geo_level": "school_district", "year": 2022 }, "geometry": { "type": "Polygon", "coordinates": [ [ [ -89.451616, 31.434029 ], [ -89.451073, 31.346383 ], [ -89.355955, 31.346642 ], [ -89.280963, 31.346613 ], [ -89.263138, 31.308967 ], [ -89.292559, 31.302852 ], [ -89.285051, 31.270733 ], [ -89.250942, 31.272462 ], [ -89.247351, 31.243557 ], [ -89.278146, 31.242644 ], [ -89.287184, 31.270774 ], [ -89.309974, 31.297376 ], [ -89.347893, 31.294324 ], [ -89.348966, 31.001043 ], [ -89.340701, 31.001033 ], [ -89.340806, 30.909912 ], [ -89.137967, 30.909877 ], [ -89.138154, 31.000185 ], [ -89.146176, 31.000447 ], [ -89.145594, 31.224317 ], [ -89.162704, 31.217784 ], [ -89.194984, 31.247015 ], [ -89.225355, 31.259473 ], [ -89.279861, 31.339374 ], [ -89.275876, 31.377563 ], [ -89.299027, 31.434149 ], [ -89.399178, 31.434029 ], [ -89.451616, 31.434029 ] ] ] } },
{ "type": "Feature", "properties": { "geo_id": "2803530", "geo_name": "Petal School District", "geo_level": "school_district", "year": 2022 }, "geometry": { "type": "Polygon", "coordinates": [ [ [ -89.299027, 31.434149 ], [ -89.275876, 31.377563 ], [ -89.279861, 31.339374 ], [ -89.225355, 31.259473 ], [ -89.194984, 31.247015 ], [ -89.162704, 31.217784 ], [ -89.145594, 31.224317 ], [ -89.146092, 31.434052 ], [ -89.299027, 31.434149 ] ] ] } },
{ "type": "Feature", "properties": { "geo_id": "2801530", "geo_name": "Franklin County School District", "geo_level": "school_district", "year": 2022 }, "geometry": { "type": "Polygon", "coordinates": [ [ [ -91.153864, 31.610068 ], [ -91.15815, 31.346695 ], [ -91.111504, 31.319951 ], [ -91.095398, 31.320975 ], [ -90.983002, 31.348671 ], [ -90.633302, 31.349306 ], [ -90.633231, 31.611409 ], [ -90.73733, 31.611124 ], [ -91.153864, 31.610068 ] ] ] } },
{ "type": "Feature", "properties": { "geo_id": "2801590", "geo_name": "Greene County School District", "geo_level": "school_district", "year": 2022 }, "geometry": { "type": "Polygon", "coordinates": [ [ [ -88.841707, 31.433703 ], [ -88.841174, 31.258286 ], [ -88.840929, 30.99841 ], [ -88.834339, 30.997983 ], [ -88.425432, 30.998323 ], [ -88.432007, 31.114298 ], [ -88.449438, 31.435837 ], [ -88.841707, 31.433703 ] ] ] } },
{ "type": "Feature", "properties": { "geo_id": "2801620", "geo_name": "Greenville Public School District", "geo_level": "school_district", "year": 2022 }, "geometry": { "type": "Polygon", "coordinates": [ [ [ -91.117658, 33.457558 ], [ -91.132746, 33.429622 ], [ -91.178857, 33.417145 ], [ -91.206477, 33.400143 ], [ -91.169702, 33.380351 ], [ -91.120367, 33.388866 ], [ -91.096374, 33.412623 ], [ -91.096262, 33.438493 ], [ -91.058109, 33.446907 ], [ -91.063801, 33.419276 ], [ -91.130387, 33.357111 ], [ -91.063006, 33.357622 ], [ -91.022215, 33.370224 ], [ -91.004496, 33.388045 ], [ -91.004815, 33.429288 ], [ -91.022344, 33.457791 ], [ -91.117658, 33.457558 ] ] ] } },
{ "type": "Feature", "properties": { "geo_id": "2804350", "geo_name": "Union County School District", "geo_level": "school_district", "year": 2022 }, "geometry": { "type": "Polygon", "coordinates": [ [ [ -89.246133, 34.495633 ], [ -89.246339, 34.379344 ], [ -88.928901, 34.379361 ], [ -88.928546, 34.365001 ], [ -88.824966, 34.364759 ], [ -88.825126, 34.393893 ], [ -88.789774, 34.393692 ], [ -88.789442, 34.49493 ], [ -88.736671, 34.494656 ], [ -88.736465, 34.50891 ], [ -88.73544, 34.596483 ], [ -88.824663, 34.596952 ], [ -88.824723, 34.540741 ], [ -88.894305, 34.540674 ], [ -88.894329, 34.510012 ], [ -88.92925, 34.50111 ], [ -88.946727, 34.470966 ], [ -89.057614, 34.468356 ], [ -89.057383, 34.511118 ], [ -89.039085, 34.529685 ], [ -88.99033, 34.524956 ], [ -88.990067, 34.55852 ], [ -89.004122, 34.598493 ], [ -89.088488, 34.598247 ], [ -89.245611, 34.597601 ], [ -89.245645, 34.583234 ], [ -89.246133, 34.495633 ] ] ] } },
{ "type": "Feature", "properties": { "geo_id": "2804530", "geo_name": "Wayne County School District", "geo_level": "school_district", "year": 2022 }, "geometry": { "type": "Polygon", "coordinates": [ [ [ -88.943355, 31.824565 ], [ -88.943468, 31.433458 ], [ -88.841707, 31.433703 ], [ -88.449438, 31.435837 ], [ -88.46443, 31.697952 ], [ -88.473227, 31.893856 ], [ -88.622394, 31.857193 ], [ -88.763411, 31.835934 ], [ -88.910459, 31.826649 ], [ -88.943355, 31.824565 ] ] ] } },
{ "type": "Feature", "properties": { "geo_id": "2801680", "geo_name": "Grenada School District", "geo_level": "school_district", "year": 2022 }, "geometry": { "type": "Polygon", "coordinates": [ [ [ -90.136787, 33.721648 ], [ -90.127775, 33.676956 ], [ -89.78689, 33.676727 ], [ -89.506872, 33.677605 ], [ -89.507135, 33.721819 ], [ -89.507353, 33.867469 ], [ -89.76905, 33.867334 ], [ -89.769296, 33.897137 ], [ -89.926099, 33.897957 ], [ -89.926294, 33.823854 ], [ -89.978268, 33.82396 ], [ -89.978367, 33.809719 ], [ -90.136491, 33.809319 ], [ -90.136787, 33.721648 ] ] ] } },
{ "type": "Feature", "properties": { "geo_id": "2801710", "geo_name": "Gulfport School District", "geo_level": "school_district", "year": 2022 }, "geometry": { "type": "Polygon", "coordinates": [ [ [ -89.136636, 30.398449 ], [ -89.136243, 30.366395 ], [ -89.117538, 30.342797 ], [ -89.000786, 30.373767 ], [ -89.001011, 30.387072 ], [ -89.001328, 30.406118 ], [ -89.037095, 30.426283 ], [ -89.069437, 30.426996 ], [ -89.081438, 30.398497 ], [ -89.136636, 30.398449 ] ] ] } },
{ "type": "Feature", "properties": { "geo_id": "2801770", "geo_name": "Harrison County School District", "geo_level": "school_district", "year": 2022 }, "geometry": { "type": "MultiPolygon", "coordinates": [ [ [ [ -89.306897, 30.309105 ], [ -89.306794, 30.239651 ], [ -89.306135, 30.177941 ], [ -89.260977, 30.181998 ], [ -89.183669, 30.212155 ], [ -89.096476, 30.165829 ], [ -88.88903, 30.139845 ], [ -88.90033, 30.16998 ], [ -88.85039, 30.192282 ], [ -88.821387, 30.21737 ], [ -88.795147, 30.199994 ], [ -88.795287, 30.350361 ], [ -88.826325, 30.384906 ], [ -88.845551, 30.405214 ], [ -88.857201, 30.389951 ], [ -88.920195, 30.393848 ], [ -89.001011, 30.387072 ], [ -89.000786, 30.373767 ], [ -89.117538, 30.342797 ], [ -89.187071, 30.316626 ], [ -89.271372, 30.284247 ], [ -89.278431, 30.304061 ], [ -89.306897, 30.309105 ] ] ], [ [ [ -89.341446, 30.64772 ], [ -89.341529, 30.454803 ], [ -89.279536, 30.457762 ], [ -89.260176, 30.472071 ], [ -89.221549, 30.442079 ], [ -89.195491, 30.403328 ], [ -89.205734, 30.383673 ], [ -89.239747, 30.374422 ], [ -89.239788, 30.337295 ], [ -89.203816, 30.343342 ], [ -89.203916, 30.36481 ], [ -89.17048, 30.39819 ], [ -89.136636, 30.398449 ], [ -89.081438, 30.398497 ], [ -89.069437, 30.426996 ], [ -89.037095, 30.426283 ], [ -89.001328, 30.406118 ], [ -88.990833, 30.437196 ], [ -88.963902, 30.453919 ], [ -88.917104, 30.447645 ], [ -88.917029, 30.423055 ], [ -88.88313, 30.418798 ], [ -88.884533, 30.677292 ], [ -89.240073, 30.67716 ], [ -89.240136, 30.647646 ], [ -89.341446, 30.64772 ] ] ] ] } },
{ "type": "Feature", "properties": { "geo_id": "2801830", "geo_name": "Hazlehurst City School District", "geo_level": "school_district", "year": 2022 }, "geometry": { "type": "Polygon", "coordinates": [ [ [ -90.715843, 31.962223 ], [ -90.716785, 31.844583 ], [ -90.73611, 31.801303 ], [ -90.582549, 31.801144 ], [ -90.565308, 31.772242 ], [ -90.516422, 31.772434 ], [ -90.516118, 31.757816 ], [ -90.367113, 31.759193 ], [ -90.367282, 31.774042 ], [ -90.230437, 31.775571 ], [ -90.231266, 31.818085 ], [ -90.274266, 31.846145 ], [ -90.275031, 31.910083 ], [ -90.317202, 31.922927 ], [ -90.367084, 31.923432 ], [ -90.367424, 31.945252 ], [ -90.398472, 31.950954 ], [ -90.499682, 31.950489 ], [ -90.500153, 31.993418 ], [ -90.621347, 31.991824 ], [ -90.62075, 31.96354 ], [ -90.715843, 31.962223 ] ] ] } },
{ "type": "Feature", "properties": { "geo_id": "2801890", "geo_name": "Hollandale School District", "geo_level": "school_district", "year": 2022 }, "geometry": { "type": "Polygon", "coordinates": [ [ [ -90.953426, 33.298405 ], [ -90.949138, 33.111317 ], [ -90.914465, 33.097417 ], [ -90.862866, 33.095106 ], [ -90.701845, 33.096294 ], [ -90.680319, 33.201971 ], [ -90.733216, 33.232975 ], [ -90.716277, 33.270032 ], [ -90.763773, 33.270359 ], [ -90.7642, 33.299473 ], [ -90.953426, 33.298405 ] ] ] } },
{ "type": "Feature", "properties": { "geo_id": "2801950", "geo_name": "Holly Springs School District", "geo_level": "school_district", "year": 2022 }, "geometry": { "type": "Polygon", "coordinates": [ [ [ -89.352705, 34.844432 ], [ -89.352535, 34.830925 ], [ -89.440467, 34.830855 ], [ -89.440912, 34.859945 ], [ -89.513063, 34.859498 ], [ -89.547846, 34.875268 ], [ -89.565125, 34.904632 ], [ -89.592165, 34.904869 ], [ -89.590402, 34.78781 ], [ -89.634212, 34.787416 ], [ -89.634372, 34.701031 ], [ -89.507685, 34.700987 ], [ -89.507304, 34.686876 ], [ -89.423895, 34.686501 ], [ -89.423348, 34.731537 ], [ -89.2989, 34.731025 ], [ -89.299227, 34.844415 ], [ -89.352705, 34.844432 ] ] ] } },
{ "type": "Feature", "properties": { "geo_id": "2802100", "geo_name": "Itawamba County School District", "geo_level": "school_district", "year": 2022 }, "geometry": { "type": "Polygon", "coordinates": [ [ [ -88.542068, 34.435641 ], [ -88.544685, 34.337993 ], [ -88.543596, 34.180368 ], [ -88.543352, 34.089044 ], [ -88.431157, 34.088102 ], [ -88.203864, 34.086564 ], [ -88.173632, 34.321054 ], [ -88.156292, 34.463214 ], [ -88.329193, 34.463571 ], [ -88.542079, 34.465276 ], [ -88.542068, 34.435641 ] ] ] } },
{ "type": "Feature", "properties": { "geo_id": "2802160", "geo_name": "Jackson County School District", "geo_level": "school_district", "year": 2022 }, "geometry": { "type": "MultiPolygon", "coordinates": [ [ [ [ -88.826325, 30.384906 ], [ -88.795287, 30.350361 ], [ -88.795147, 30.199994 ], [ -88.753899, 30.188205 ], [ -88.717386, 30.190875 ], [ -88.647469, 30.176911 ], [ -88.644936, 30.357686 ], [ -88.664712, 30.361849 ], [ -88.696925, 30.344868 ], [ -88.745587, 30.347016 ], [ -88.811615, 30.384907 ], [ -88.826325, 30.384906 ] ] ], [ [ [ -88.884534, 30.735591 ], [ -88.884533, 30.677292 ], [ -88.88313, 30.418798 ], [ -88.861843, 30.415621 ], [ -88.769938, 30.42468 ], [ -88.723728, 30.440892 ], [ -88.723521, 30.410741 ], [ -88.698134, 30.410365 ], [ -88.664517, 30.414089 ], [ -88.664492, 30.471812 ], [ -88.634584, 30.486248 ], [ -88.603824, 30.472092 ], [ -88.618345, 30.510098 ], [ -88.564329, 30.515963 ], [ -88.44135, 30.515734 ], [ -88.403656, 30.544933 ], [ -88.412612, 30.73559 ], [ -88.834081, 30.734236 ], [ -88.884534, 30.735591 ] ] ] ] } },
{ "type": "Feature", "properties": { "geo_id": "2803480", "geo_name": "Pascagoula-Gautier School District", "geo_level": "school_district", "year": 2022 }, "geometry": { "type": "Polygon", "coordinates": [ [ [ -88.698134, 30.410365 ], [ -88.700864, 30.370277 ], [ -88.664712, 30.361849 ], [ -88.644936, 30.357686 ], [ -88.647469, 30.176911 ], [ -88.567875, 30.170453 ], [ -88.545855, 30.176653 ], [ -88.479934, 30.149921 ], [ -88.446987, 30.146303 ], [ -88.448569, 30.225231 ], [ -88.44667, 30.384301 ], [ -88.508888, 30.389721 ], [ -88.601263, 30.388711 ], [ -88.564571, 30.419224 ], [ -88.557405, 30.472301 ], [ -88.603824, 30.472092 ], [ -88.634584, 30.486248 ], [ -88.664492, 30.471812 ], [ -88.664517, 30.414089 ], [ -88.698134, 30.410365 ] ] ] } },
{ "type": "Feature", "properties": { "geo_id": "2802190", "geo_name": "Jackson Public School District", "geo_level": "school_district", "year": 2022 }, "geometry": { "type": "Polygon", "coordinates": [ [ [ -90.243649, 32.40721 ], [ -90.279611, 32.37109 ], [ -90.305431, 32.312538 ], [ -90.321676, 32.297378 ], [ -90.283174, 32.297949 ], [ -90.287004, 32.275596 ], [ -90.313548, 32.272255 ], [ -90.312255, 32.239742 ], [ -90.266373, 32.232327 ], [ -90.251777, 32.210237 ], [ -90.190994, 32.20966 ], [ -90.205292, 32.251945 ], [ -90.160787, 32.285843 ], [ -90.152187, 32.323743 ], [ -90.130287, 32.329747 ], [ -90.099819, 32.366767 ], [ -90.095184, 32.389145 ], [ -90.065697, 32.399529 ], [ -90.173947, 32.400272 ], [ -90.176566, 32.400235 ], [ -90.243649, 32.40721 ] ] ] } },
{ "type": "Feature", "properties": { "geo_id": "2802220", "geo_name": "Jefferson County School District", "geo_level": "school_district", "year": 2022 }, "geometry": { "type": "Polygon", "coordinates": [ [ [ -91.248144, 31.869848 ], [ -91.266612, 31.851161 ], [ -91.245624, 31.833165 ], [ -91.262011, 31.809362 ], [ -91.283212, 31.815762 ], [ -91.294713, 31.86046 ], [ -91.345214, 31.843861 ], [ -91.363514, 31.783363 ], [ -91.348114, 31.758163 ], [ -91.28742, 31.771964 ], [ -91.279789, 31.744751 ], [ -91.317864, 31.749766 ], [ -91.291843, 31.691643 ], [ -91.29557, 31.66987 ], [ -91.233022, 31.629158 ], [ -91.153841, 31.630488 ], [ -91.153864, 31.610068 ], [ -90.73733, 31.611124 ], [ -90.736824, 31.698491 ], [ -90.736282, 31.786134 ], [ -90.852657, 31.785422 ], [ -90.842, 31.826498 ], [ -91.013676, 31.861852 ], [ -91.248144, 31.869848 ] ] ] } },
{ "type": "Feature", "properties": { "geo_id": "2802340", "geo_name": "Kosciusko School District", "geo_level": "school_district", "year": 2022 }, "geometry": { "type": "Polygon", "coordinates": [ [ [ -89.543931, 32.930878 ], [ -89.543997, 32.969069 ], [ -89.470083, 32.975585 ], [ -89.462103, 32.996851 ], [ -89.462457, 33.046053 ], [ -89.533458, 33.122344 ], [ -89.525485, 33.137813 ], [ -89.537146, 33.196146 ], [ -89.559122, 33.181999 ], [ -89.628322, 33.174079 ], [ -89.628089, 33.196986 ], [ -89.707799, 33.197019 ], [ -89.694645, 33.144834 ], [ -89.730758, 33.134983 ], [ -89.734722, 33.106274 ], [ -89.721508, 33.081701 ], [ -89.670974, 33.09135 ], [ -89.662836, 33.069706 ], [ -89.627264, 33.069815 ], [ -89.594279, 33.020259 ], [ -89.600814, 32.930518 ], [ -89.543931, 32.930878 ] ] ] } },
{ "type": "Feature", "properties": { "geo_id": "2802370", "geo_name": "Lafayette County School District", "geo_level": "school_district", "year": 2022 }, "geometry": { "type": "Polygon", "coordinates": [ [ [ -89.721137, 34.444606 ], [ -89.721338, 34.379164 ], [ -89.721269, 34.364961 ], [ -89.72105, 34.192545 ], [ -89.50944, 34.19096 ], [ -89.509748, 34.162082 ], [ -89.245485, 34.161186 ], [ -89.246339, 34.379344 ], [ -89.246133, 34.495633 ], [ -89.292763, 34.515786 ], [ -89.359181, 34.524857 ], [ -89.424459, 34.519129 ], [ -89.476642, 34.554168 ], [ -89.668448, 34.554367 ], [ -89.721341, 34.554274 ], [ -89.721137, 34.444606 ] ], [ [ -89.544369, 34.314071 ], [ -89.553247, 34.327733 ], [ -89.598455, 34.334593 ], [ -89.614344, 34.322577 ], [ -89.664935, 34.32995 ], [ -89.647606, 34.365383 ], [ -89.648471, 34.3921 ], [ -89.527315, 34.394365 ], [ -89.52731, 34.411237 ], [ -89.456882, 34.409607 ], [ -89.4569, 34.422868 ], [ -89.413401, 34.423136 ], [ -89.403283, 34.393955 ], [ -89.421951, 34.37892 ], [ -89.456452, 34.378981 ], [ -89.456196, 34.349237 ], [ -89.430431, 34.335279 ], [ -89.439128, 34.292599 ], [ -89.523892, 34.30291 ], [ -89.544369, 34.314071 ] ] ] } },
{ "type": "Feature", "properties": { "geo_id": "2802400", "geo_name": "Lamar County School District", "geo_level": "school_district", "year": 2022 }, "geometry": { "type": "Polygon", "coordinates": [ [ [ -89.654212, 31.433805 ], [ -89.654038, 31.002502 ], [ -89.526177, 31.001921 ], [ -89.508633, 30.969034 ], [ -89.474833, 30.96902 ], [ -89.459149, 30.939986 ], [ -89.459297, 30.910382 ], [ -89.425392, 30.89533 ], [ -89.340872, 30.895042 ], [ -89.340806, 30.909912 ], [ -89.340701, 31.001033 ], [ -89.348966, 31.001043 ], [ -89.347893, 31.294324 ], [ -89.355955, 31.346642 ], [ -89.451073, 31.346383 ], [ -89.451616, 31.434029 ], [ -89.586819, 31.433688 ], [ -89.654212, 31.433805 ] ] ] } },
{ "type": "Feature", "properties": { "geo_id": "2802700", "geo_name": "Louisville Municipal School District", "geo_level": "school_district", "year": 2022 }, "geometry": { "type": "Polygon", "coordinates": [ [ [ -89.317855, 33.108871 ], [ -89.319163, 32.931654 ], [ -89.017723, 32.931326 ], [ -88.930505, 32.91924 ], [ -88.914413, 32.9266 ], [ -88.812782, 32.925973 ], [ -88.813053, 33.286424 ], [ -89.088255, 33.286003 ], [ -89.108886, 33.285937 ], [ -89.1089, 33.198059 ], [ -89.213422, 33.197543 ], [ -89.213921, 33.109402 ], [ -89.317855, 33.108871 ] ] ] } },
{ "type": "Feature", "properties": { "geo_id": "2802460", "geo_name": "Laurel School District", "geo_level": "school_district", "year": 2022 }, "geometry": { "type": "Polygon", "coordinates": [ [ [ -89.13463, 31.7406 ], [ -89.159713, 31.698644 ], [ -89.180357, 31.686396 ], [ -89.180891, 31.662389 ], [ -89.131929, 31.664722 ], [ -89.109303, 31.689061 ], [ -89.1153, 31.72212 ], [ -89.13463, 31.7406 ] ] ] } },
{ "type": "Feature", "properties": { "geo_id": "2802490", "geo_name": "Lawrence County School District", "geo_level": "school_district", "year": 2022 }, "geometry": { "type": "Polygon", "coordinates": [ [ [ -90.245191, 31.717524 ], [ -90.244854, 31.643555 ], [ -90.244529, 31.493155 ], [ -90.24389, 31.350274 ], [ -90.108651, 31.350869 ], [ -90.082442, 31.328849 ], [ -90.040466, 31.336014 ], [ -90.040485, 31.394673 ], [ -89.966305, 31.390493 ], [ -89.95894, 31.390489 ], [ -89.959097, 31.522421 ], [ -89.976052, 31.522477 ], [ -89.974586, 31.761655 ], [ -90.122565, 31.75268 ], [ -90.184139, 31.731462 ], [ -90.245191, 31.717524 ] ] ] } },
{ "type": "Feature", "properties": { "geo_id": "2802520", "geo_name": "Leake County School District", "geo_level": "school_district", "year": 2022 }, "geometry": { "type": "Polygon", "coordinates": [ [ [ -89.730304, 32.634228 ], [ -89.730152, 32.577248 ], [ -89.322598, 32.576433 ], [ -89.317588, 32.576458 ], [ -89.319163, 32.931654 ], [ -89.543931, 32.930878 ], [ -89.600814, 32.930518 ], [ -89.730154, 32.929924 ], [ -89.730016, 32.885072 ], [ -89.730304, 32.634228 ] ] ] } },
{ "type": "Feature", "properties": { "geo_id": "2802550", "geo_name": "Lee County School District", "geo_level": "school_district", "year": 2022 }, "geometry": { "type": "Polygon", "coordinates": [ [ [ -88.824966, 34.364759 ], [ -88.825424, 34.293597 ], [ -88.80032, 34.323537 ], [ -88.749078, 34.301665 ], [ -88.739574, 34.346397 ], [ -88.693408, 34.337568 ], [ -88.693105, 34.316105 ], [ -88.650359, 34.309036 ], [ -88.649485, 34.237032 ], [ -88.718532, 34.202757 ], [ -88.764087, 34.208098 ], [ -88.774571, 34.225964 ], [ -88.824849, 34.206032 ], [ -88.824691, 34.184209 ], [ -88.824523, 34.074948 ], [ -88.718964, 34.074521 ], [ -88.718764, 34.089355 ], [ -88.657776, 34.089191 ], [ -88.65598, 34.165574 ], [ -88.599102, 34.180674 ], [ -88.543596, 34.180368 ], [ -88.544685, 34.337993 ], [ -88.542068, 34.435641 ], [ -88.594931, 34.450556 ], [ -88.594719, 34.464848 ], [ -88.684821, 34.467635 ], [ -88.684921, 34.494929 ], [ -88.718896, 34.494638 ], [ -88.736465, 34.50891 ], [ -88.736671, 34.494656 ], [ -88.789442, 34.49493 ], [ -88.789774, 34.393692 ], [ -88.825126, 34.393893 ], [ -88.824966, 34.364759 ] ] ] } },
{ "type": "Feature", "properties": { "geo_id": "2802610", "geo_name": "Leland School District", "geo_level": "school_district", "year": 2022 }, "geometry": { "type": "Polygon", "coordinates": [ [ [ -90.971457, 33.530276 ], [ -90.971517, 33.298408 ], [ -90.953426, 33.298405 ], [ -90.7642, 33.299473 ], [ -90.763509, 33.529389 ], [ -90.971457, 33.530276 ] ] ] } },
{ "type": "Feature", "properties": { "geo_id": "2804680", "geo_name": "Western Line School District", "geo_level": "school_district", "year": 2022 }, "geometry": { "type": "Polygon", "coordinates": [ [ [ -91.218843, 33.529382 ], [ -91.18342, 33.505062 ], [ -91.206454, 33.470707 ], [ -91.232202, 33.455944 ], [ -91.20647, 33.433924 ], [ -91.169915, 33.451898 ], [ -91.17076, 33.497639 ], [ -91.14004, 33.486925 ], [ -91.117658, 33.457558 ], [ -91.022344, 33.457791 ], [ -91.004815, 33.429288 ], [ -91.004496, 33.388045 ], [ -91.022215, 33.370224 ], [ -91.063006, 33.357622 ], [ -91.130387, 33.357111 ], [ -91.142219, 33.348989 ], [ -91.14164, 33.300066 ], [ -91.127966, 33.268471 ], [ -91.098517, 33.238694 ], [ -91.085946, 33.274103 ], [ -91.047314, 33.281932 ], [ -91.05413, 33.24599 ], [ -91.082592, 33.221826 ], [ -91.086017, 33.136281 ], [ -91.14849, 33.13026 ], [ -91.183698, 33.141744 ], [ -91.200805, 33.107765 ], [ -91.124595, 33.064184 ], [ -91.128133, 33.034451 ], [ -91.160756, 33.020806 ], [ -91.168973, 32.992131 ], [ -91.201842, 32.961212 ], [ -91.212837, 32.922103 ], [ -91.163877, 32.899476 ], [ -91.131304, 32.926918 ], [ -91.135095, 32.980108 ], [ -91.106581, 32.988937 ], [ -91.086802, 32.976266 ], [ -91.080431, 32.943206 ], [ -91.063974, 32.924113 ], [ -91.033937, 32.924042 ], [ -91.034363, 32.967745 ], [ -90.98151, 32.979615 ], [ -90.952329, 33.007814 ], [ -90.914337, 33.007697 ], [ -90.914465, 33.097417 ], [ -90.949138, 33.111317 ], [ -90.953426, 33.298405 ], [ -90.971517, 33.298408 ], [ -90.971457, 33.530276 ], [ -91.218843, 33.529382 ] ] ] } },
{ "type": "Feature", "properties": { "geo_id": "2802790", "geo_name": "Madison County School District", "geo_level": "school_district", "year": 2022 }, "geometry": { "type": "Polygon", "coordinates": [ [ [ -90.235161, 32.665755 ], [ -90.274745, 32.658013 ], [ -90.311212, 32.640692 ], [ -90.322828, 32.615589 ], [ -90.40441, 32.574741 ], [ -90.427777, 32.585707 ], [ -90.450037, 32.573783 ], [ -90.445946, 32.487903 ], [ -90.243641, 32.487533 ], [ -90.243649, 32.40721 ], [ -90.176566, 32.400235 ], [ -90.173947, 32.400272 ], [ -90.065697, 32.399529 ], [ -90.065796, 32.425678 ], [ -90.06626, 32.426398 ], [ -90.04066, 32.441678 ], [ -90.019347, 32.477293 ], [ -89.962077, 32.491286 ], [ -89.871346, 32.561002 ], [ -89.861159, 32.583162 ], [ -89.784123, 32.586891 ], [ -89.730304, 32.634228 ], [ -89.730016, 32.885072 ], [ -89.839539, 32.879701 ], [ -89.965882, 32.879573 ], [ -89.995433, 32.834003 ], [ -90.018675, 32.821689 ], [ -90.022666, 32.784887 ], [ -90.042441, 32.744143 ], [ -90.031317, 32.733286 ], [ -89.984416, 32.731637 ], [ -89.948377, 32.741563 ], [ -89.934549, 32.725183 ], [ -89.936445, 32.545678 ], [ -89.969434, 32.531294 ], [ -90.045379, 32.531533 ], [ -90.045279, 32.546165 ], [ -90.201003, 32.545971 ], [ -90.201315, 32.618632 ], [ -90.235339, 32.618529 ], [ -90.235161, 32.665755 ] ] ] } },
{ "type": "Feature", "properties": { "geo_id": "2802820", "geo_name": "Marion County School District", "geo_level": "school_district", "year": 2022 }, "geometry": { "type": "Polygon", "coordinates": [ [ [ -90.040466, 31.336014 ], [ -90.040375, 31.23391 ], [ -90.031896, 31.175727 ], [ -90.006138, 31.175605 ], [ -90.005936, 31.1323 ], [ -89.938178, 31.132949 ], [ -89.920944, 31.074677 ], [ -89.835873, 31.074926 ], [ -89.835908, 31.002047 ], [ -89.728119, 31.0023 ], [ -89.654038, 31.002502 ], [ -89.654212, 31.433805 ], [ -89.824236, 31.434093 ], [ -89.823332, 31.390021 ], [ -89.85634, 31.390215 ], [ -89.857588, 31.332214 ], [ -89.806578, 31.345637 ], [ -89.807228, 31.258986 ], [ -89.755628, 31.262575 ], [ -89.754518, 31.204986 ], [ -89.814269, 31.205163 ], [ -89.854312, 31.254894 ], [ -89.85393, 31.282771 ], [ -89.894409, 31.326124 ], [ -89.94032, 31.327529 ], [ -89.959252, 31.346495 ], [ -89.966305, 31.390493 ], [ -90.040485, 31.394673 ], [ -90.040466, 31.336014 ] ] ] } },
{ "type": "Feature", "properties": { "geo_id": "2802850", "geo_name": "Marshall County School District", "geo_level": "school_district", "year": 2022 }, "geometry": { "type": "Polygon", "coordinates": [ [ [ -89.724187, 34.969946 ], [ -89.723442, 34.772311 ], [ -89.722333, 34.685504 ], [ -89.66916, 34.685786 ], [ -89.668448, 34.554367 ], [ -89.476642, 34.554168 ], [ -89.424459, 34.519129 ], [ -89.359181, 34.524857 ], [ -89.292763, 34.515786 ], [ -89.246133, 34.495633 ], [ -89.245645, 34.583234 ], [ -89.298334, 34.582926 ], [ -89.2989, 34.731025 ], [ -89.423348, 34.731537 ], [ -89.423895, 34.686501 ], [ -89.507304, 34.686876 ], [ -89.507685, 34.700987 ], [ -89.634372, 34.701031 ], [ -89.634212, 34.787416 ], [ -89.590402, 34.78781 ], [ -89.592165, 34.904869 ], [ -89.565125, 34.904632 ], [ -89.547846, 34.875268 ], [ -89.513063, 34.859498 ], [ -89.440912, 34.859945 ], [ -89.440467, 34.830855 ], [ -89.352535, 34.830925 ], [ -89.352705, 34.844432 ], [ -89.352679, 34.993863 ], [ -89.724324, 34.99479 ], [ -89.724183, 34.972377 ], [ -89.724187, 34.969946 ] ] ] } },
{ "type": "Feature", "properties": { "geo_id": "2802880", "geo_name": "McComb School District", "geo_level": "school_district", "year": 2022 }, "geometry": { "type": "Polygon", "coordinates": [ [ [ -90.54816, 31.291796 ], [ -90.548108, 31.203508 ], [ -90.483639, 31.20361 ], [ -90.446395, 31.217642 ], [ -90.438118, 31.258901 ], [ -90.413724, 31.270461 ], [ -90.413855, 31.292263 ], [ -90.447423, 31.292096 ], [ -90.464466, 31.317161 ], [ -90.497279, 31.292349 ], [ -90.54816, 31.291796 ] ] ] } },
{ "type": "Feature", "properties": { "geo_id": "2802910", "geo_name": "Meridian Public School District", "geo_level": "school_district", "year": 2022 }, "geometry": { "type": "Polygon", "coordinates": [ [ [ -88.773603, 32.356213 ], [ -88.76191, 32.345934 ], [ -88.693757, 32.333882 ], [ -88.635715, 32.334961 ], [ -88.61035, 32.367746 ], [ -88.609899, 32.397509 ], [ -88.660327, 32.406283 ], [ -88.662125, 32.439778 ], [ -88.641249, 32.442877 ], [ -88.641442, 32.472029 ], [ -88.675834, 32.469956 ], [ -88.692735, 32.428348 ], [ -88.735759, 32.428778 ], [ -88.773603, 32.356213 ] ] ] } },
{ "type": "Feature", "properties": { "geo_id": "2802940", "geo_name": "Monroe County School District", "geo_level": "school_district", "year": 2022 }, "geometry": { "type": "Polygon", "coordinates": [ [ [ -88.549636, 33.898698 ], [ -88.539074, 33.882444 ], [ -88.493643, 33.882521 ], [ -88.492164, 33.824614 ], [ -88.459726, 33.824471 ], [ -88.458267, 33.767547 ], [ -88.493094, 33.780519 ], [ -88.500665, 33.760423 ], [ -88.483048, 33.705524 ], [ -88.497147, 33.680181 ], [ -88.513917, 33.650209 ], [ -88.477364, 33.666493 ], [ -88.408498, 33.675234 ], [ -88.37033, 33.685918 ], [ -88.33048, 33.7186 ], [ -88.31791, 33.74498 ], [ -88.248916, 33.744977 ], [ -88.207229, 34.058333 ], [ -88.203864, 34.086564 ], [ -88.431157, 34.088102 ], [ -88.43348, 34.073717 ], [ -88.472527, 34.063138 ], [ -88.482123, 34.047057 ], [ -88.465484, 33.971238 ], [ -88.529684, 33.953185 ], [ -88.53216, 33.922498 ], [ -88.549636, 33.898698 ] ] ] } },
{ "type": "Feature", "properties": { "geo_id": "2803060", "geo_name": "Neshoba County School District", "geo_level": "school_district", "year": 2022 }, "geometry": { "type": "Polygon", "coordinates": [ [ [ -89.319163, 32.931654 ], [ -89.317588, 32.576458 ], [ -89.256261, 32.576464 ], [ -89.256377, 32.606045 ], [ -89.178954, 32.605874 ], [ -89.17863, 32.635126 ], [ -89.124568, 32.634944 ], [ -89.076193, 32.62702 ], [ -89.052091, 32.612392 ], [ -89.034296, 32.576886 ], [ -88.914516, 32.576955 ], [ -88.914413, 32.9266 ], [ -88.930505, 32.91924 ], [ -89.017723, 32.931326 ], [ -89.319163, 32.931654 ] ], [ [ -89.139643, 32.772646 ], [ -89.114171, 32.789389 ], [ -89.076998, 32.759513 ], [ -89.093344, 32.748906 ], [ -89.139643, 32.772646 ] ] ] } },
{ "type": "Feature", "properties": { "geo_id": "2803150", "geo_name": "Newton County School District", "geo_level": "school_district", "year": 2022 }, "geometry": { "type": "Polygon", "coordinates": [ [ [ -89.322598, 32.576433 ], [ -89.322626, 32.307952 ], [ -89.288351, 32.307885 ], [ -89.28814, 32.398356 ], [ -89.203041, 32.398569 ], [ -89.168662, 32.384373 ], [ -89.100351, 32.384456 ], [ -89.100296, 32.223961 ], [ -88.913847, 32.224186 ], [ -88.915593, 32.558432 ], [ -88.914516, 32.576955 ], [ -89.034296, 32.576886 ], [ -89.085039, 32.564308 ], [ -89.084885, 32.528811 ], [ -89.167308, 32.52092 ], [ -89.197287, 32.532244 ], [ -89.252118, 32.532202 ], [ -89.256261, 32.576464 ], [ -89.317588, 32.576458 ], [ -89.322598, 32.576433 ] ] ] } },
{ "type": "Feature", "properties": { "geo_id": "2803180", "geo_name": "Newton Municipal School", "geo_level": "school_district", "year": 2022 }, "geometry": { "type": "Polygon", "coordinates": [ [ [ -89.322626, 32.307952 ], [ -89.322692, 32.223472 ], [ -89.117675, 32.223972 ], [ -89.100296, 32.223961 ], [ -89.100351, 32.384456 ], [ -89.168662, 32.384373 ], [ -89.203041, 32.398569 ], [ -89.28814, 32.398356 ], [ -89.288351, 32.307885 ], [ -89.322626, 32.307952 ] ] ] } },
{ "type": "Feature", "properties": { "geo_id": "2803210", "geo_name": "North Panola School District", "geo_level": "school_district", "year": 2022 }, "geometry": { "type": "Polygon", "coordinates": [ [ [ -90.198631, 34.554425 ], [ -90.198536, 34.511088 ], [ -90.197382, 34.376071 ], [ -90.038798, 34.375993 ], [ -90.038934, 34.394056 ], [ -89.990813, 34.394449 ], [ -89.991002, 34.376061 ], [ -89.89469, 34.376027 ], [ -89.883647, 34.386737 ], [ -89.828403, 34.396827 ], [ -89.721137, 34.444606 ], [ -89.721341, 34.554274 ], [ -89.898383, 34.55366 ], [ -90.031471, 34.554072 ], [ -90.198631, 34.554425 ] ] ] } },
{ "type": "Feature", "properties": { "geo_id": "2803240", "geo_name": "North Pike School District", "geo_level": "school_district", "year": 2022 }, "geometry": { "type": "Polygon", "coordinates": [ [ [ -90.548199, 31.349574 ], [ -90.54816, 31.291796 ], [ -90.497279, 31.292349 ], [ -90.464466, 31.317161 ], [ -90.447423, 31.292096 ], [ -90.413855, 31.292263 ], [ -90.413724, 31.270461 ], [ -90.438118, 31.258901 ], [ -90.446395, 31.217642 ], [ -90.430831, 31.20396 ], [ -90.260525, 31.204193 ], [ -90.260391, 31.350274 ], [ -90.548199, 31.349574 ] ] ] } },
{ "type": "Feature", "properties": { "geo_id": "2804080", "geo_name": "South Pike School District", "geo_level": "school_district", "year": 2022 }, "geometry": { "type": "Polygon", "coordinates": [ [ [ -90.548108, 31.203508 ], [ -90.547616, 30.99972 ], [ -90.259555, 31.000679 ], [ -90.260525, 31.204193 ], [ -90.430831, 31.20396 ], [ -90.446395, 31.217642 ], [ -90.483639, 31.20361 ], [ -90.548108, 31.203508 ] ] ] } },
{ "type": "Feature", "properties": { "geo_id": "2803270", "geo_name": "North Tippah School District", "geo_level": "school_district", "year": 2022 }, "geometry": { "type": "Polygon", "coordinates": [ [ [ -89.017127, 34.994971 ], [ -89.017551, 34.858723 ], [ -89.035009, 34.858762 ], [ -89.03534, 34.81526 ], [ -89.088065, 34.815307 ], [ -89.0884, 34.785962 ], [ -88.972074, 34.786302 ], [ -88.871937, 34.78012 ], [ -88.823209, 34.771493 ], [ -88.806216, 34.785886 ], [ -88.75305, 34.786201 ], [ -88.752956, 34.858775 ], [ -88.823473, 34.858629 ], [ -88.823051, 34.995221 ], [ -89.017127, 34.994971 ] ] ] } },
{ "type": "Feature", "properties": { "geo_id": "2804110", "geo_name": "South Tippah School District", "geo_level": "school_district", "year": 2022 }, "geometry": { "type": "Polygon", "coordinates": [ [ [ -89.0884, 34.785962 ], [ -89.088488, 34.598247 ], [ -89.004122, 34.598493 ], [ -88.824663, 34.596952 ], [ -88.73544, 34.596483 ], [ -88.717794, 34.596472 ], [ -88.718508, 34.756781 ], [ -88.753065, 34.75696 ], [ -88.75305, 34.786201 ], [ -88.806216, 34.785886 ], [ -88.823209, 34.771493 ], [ -88.871937, 34.78012 ], [ -88.972074, 34.786302 ], [ -89.0884, 34.785962 ] ] ] } },
{ "type": "Feature", "properties": { "geo_id": "2803300", "geo_name": "Noxubee County School District", "geo_level": "school_district", "year": 2022 }, "geometry": { "type": "Polygon", "coordinates": [ [ [ -88.813053, 33.286424 ], [ -88.812782, 32.925973 ], [ -88.347887, 32.929082 ], [ -88.340432, 32.991199 ], [ -88.304434, 33.28832 ], [ -88.669076, 33.286922 ], [ -88.813053, 33.286424 ] ] ] } },
{ "type": "Feature", "properties": { "geo_id": "2803360", "geo_name": "Ocean Springs School District", "geo_level": "school_district", "year": 2022 }, "geometry": { "type": "Polygon", "coordinates": [ [ [ -88.698134, 30.410365 ], [ -88.723521, 30.410741 ], [ -88.723728, 30.440892 ], [ -88.769938, 30.42468 ], [ -88.861843, 30.415621 ], [ -88.845551, 30.405214 ], [ -88.826325, 30.384906 ], [ -88.811615, 30.384907 ], [ -88.745587, 30.347016 ], [ -88.696925, 30.344868 ], [ -88.664712, 30.361849 ], [ -88.700864, 30.370277 ], [ -88.698134, 30.410365 ] ] ] } },
{ "type": "Feature", "properties": { "geo_id": "2803390", "geo_name": "Okolona Separate School District", "geo_level": "school_district", "year": 2022 }, "geometry": { "type": "Polygon", "coordinates": [ [ [ -88.843671, 34.074952 ], [ -88.859755, 34.036517 ], [ -88.860191, 34.005806 ], [ -88.834065, 33.986141 ], [ -88.834254, 33.955958 ], [ -88.812607, 33.907042 ], [ -88.784249, 33.875078 ], [ -88.746039, 33.810868 ], [ -88.719979, 33.81133 ], [ -88.719985, 33.96024 ], [ -88.670399, 33.96036 ], [ -88.662517, 33.944694 ], [ -88.643284, 33.944467 ], [ -88.63787, 34.00195 ], [ -88.654751, 34.015335 ], [ -88.719995, 34.015453 ], [ -88.718964, 34.074521 ], [ -88.824523, 34.074948 ], [ -88.843671, 34.074952 ] ] ] } },
{ "type": "Feature", "properties": { "geo_id": "2803450", "geo_name": "Oxford School District", "geo_level": "school_district", "year": 2022 }, "geometry": { "type": "Polygon", "coordinates": [ [ [ -89.4569, 34.422868 ], [ -89.456882, 34.409607 ], [ -89.52731, 34.411237 ], [ -89.527315, 34.394365 ], [ -89.648471, 34.3921 ], [ -89.647606, 34.365383 ], [ -89.664935, 34.32995 ], [ -89.614344, 34.322577 ], [ -89.598455, 34.334593 ], [ -89.553247, 34.327733 ], [ -89.544369, 34.314071 ], [ -89.523892, 34.30291 ], [ -89.439128, 34.292599 ], [ -89.430431, 34.335279 ], [ -89.456196, 34.349237 ], [ -89.456452, 34.378981 ], [ -89.421951, 34.37892 ], [ -89.403283, 34.393955 ], [ -89.413401, 34.423136 ], [ -89.4569, 34.422868 ] ] ] } },
{ "type": "Feature", "properties": { "geo_id": "2803540", "geo_name": "Pearl River County School District", "geo_level": "school_district", "year": 2022 }, "geometry": { "type": "Polygon", "coordinates": [ [ [ -89.729854, 30.735986 ], [ -89.72989, 30.605575 ], [ -89.696843, 30.58941 ], [ -89.671442, 30.561205 ], [ -89.611257, 30.561152 ], [ -89.610017, 30.518608 ], [ -89.563144, 30.516879 ], [ -89.54451, 30.516862 ], [ -89.544232, 30.648368 ], [ -89.54423, 30.691723 ], [ -89.561427, 30.691767 ], [ -89.561478, 30.735915 ], [ -89.729854, 30.735986 ] ] ] } },
{ "type": "Feature", "properties": { "geo_id": "2803720", "geo_name": "Poplarville Separate School District", "geo_level": "school_district", "year": 2022 }, "geometry": { "type": "Polygon", "coordinates": [ [ [ -89.835963, 30.735846 ], [ -89.729854, 30.735986 ], [ -89.561478, 30.735915 ], [ -89.561427, 30.691767 ], [ -89.54423, 30.691723 ], [ -89.544232, 30.648368 ], [ -89.341446, 30.64772 ], [ -89.340872, 30.895042 ], [ -89.425392, 30.89533 ], [ -89.459297, 30.910382 ], [ -89.459149, 30.939986 ], [ -89.474833, 30.96902 ], [ -89.508633, 30.969034 ], [ -89.526177, 31.001921 ], [ -89.654038, 31.002502 ], [ -89.728119, 31.0023 ], [ -89.735686, 30.966573 ], [ -89.755948, 30.944119 ], [ -89.750073, 30.91293 ], [ -89.770269, 30.89939 ], [ -89.804632, 30.802511 ], [ -89.831537, 30.76761 ], [ -89.835963, 30.735846 ] ] ] } },
{ "type": "Feature", "properties": { "geo_id": "2803570", "geo_name": "Perry County Schools", "geo_level": "school_district", "year": 2022 }, "geometry": { "type": "Polygon", "coordinates": [ [ [ -89.145594, 31.224317 ], [ -89.146176, 31.000447 ], [ -89.138154, 31.000185 ], [ -89.137967, 30.909877 ], [ -88.885038, 30.910788 ], [ -88.834475, 30.910323 ], [ -88.834339, 30.997983 ], [ -88.840929, 30.99841 ], [ -88.841174, 31.258286 ], [ -89.010089, 31.258426 ], [ -89.010459, 31.360462 ], [ -89.027303, 31.374536 ], [ -89.027342, 31.433652 ], [ -89.146092, 31.434052 ], [ -89.145594, 31.224317 ] ] ] } },
{ "type": "Feature", "properties": { "geo_id": "2803870", "geo_name": "Richton School District", "geo_level": "school_district", "year": 2022 }, "geometry": { "type": "Polygon", "coordinates": [ [ [ -89.027342, 31.433652 ], [ -89.027303, 31.374536 ], [ -89.010459, 31.360462 ], [ -89.010089, 31.258426 ], [ -88.841174, 31.258286 ], [ -88.841707, 31.433703 ], [ -88.943468, 31.433458 ], [ -89.027342, 31.433652 ] ] ] } },
{ "type": "Feature", "properties": { "geo_id": "2803600", "geo_name": "Philadelphia Public School District", "geo_level": "school_district", "year": 2022 }, "geometry": { "type": "Polygon", "coordinates": [ [ [ -89.139643, 32.772646 ], [ -89.093344, 32.748906 ], [ -89.076998, 32.759513 ], [ -89.114171, 32.789389 ], [ -89.139643, 32.772646 ] ] ] } },
{ "type": "Feature", "properties": { "geo_id": "2803810", "geo_name": "Quitman County School District", "geo_level": "school_district", "year": 2022 }, "geometry": { "type": "Polygon", "coordinates": [ [ [ -90.399498, 34.423807 ], [ -90.399014, 34.261524 ], [ -90.450572, 34.262402 ], [ -90.450981, 34.072932 ], [ -90.18689, 34.072992 ], [ -90.135695, 34.0729 ], [ -90.135456, 34.160074 ], [ -90.134441, 34.265195 ], [ -90.194086, 34.301407 ], [ -90.197382, 34.376071 ], [ -90.198536, 34.511088 ], [ -90.304317, 34.509621 ], [ -90.301851, 34.424546 ], [ -90.399498, 34.423807 ] ] ] } },
{ "type": "Feature", "properties": { "geo_id": "2803830", "geo_name": "Rankin County School District", "geo_level": "school_district", "year": 2022 }, "geometry": { "type": "Polygon", "coordinates": [ [ [ -90.190994, 32.20966 ], [ -90.197823, 32.187916 ], [ -90.24538, 32.171396 ], [ -90.247276, 32.137503 ], [ -90.227936, 32.077515 ], [ -90.230331, 32.049728 ], [ -89.937189, 32.049159 ], [ -89.730066, 32.047072 ], [ -89.730424, 32.222039 ], [ -89.730063, 32.352733 ], [ -89.784123, 32.586891 ], [ -89.861159, 32.583162 ], [ -89.871346, 32.561002 ], [ -89.962077, 32.491286 ], [ -90.019347, 32.477293 ], [ -90.04066, 32.441678 ], [ -90.06626, 32.426398 ], [ -90.065796, 32.425678 ], [ -90.065697, 32.399529 ], [ -90.095184, 32.389145 ], [ -90.099819, 32.366767 ], [ -90.130287, 32.329747 ], [ -90.152187, 32.323743 ], [ -90.160787, 32.285843 ], [ -90.205292, 32.251945 ], [ -90.190994, 32.20966 ] ], [ [ -90.167107, 32.279547 ], [ -90.137062, 32.280465 ], [ -90.129786, 32.301546 ], [ -90.090923, 32.301472 ], [ -90.055708, 32.290975 ], [ -90.056235, 32.323292 ], [ -90.037742, 32.327013 ], [ -90.03804, 32.247111 ], [ -90.094965, 32.248867 ], [ -90.122974, 32.239136 ], [ -90.160912, 32.264133 ], [ -90.167107, 32.279547 ] ] ] } },
{ "type": "Feature", "properties": { "geo_id": "2803900", "geo_name": "Scott County School District", "geo_level": "school_district", "year": 2022 }, "geometry": { "type": "Polygon", "coordinates": [ [ [ -89.784123, 32.586891 ], [ -89.730063, 32.352733 ], [ -89.730424, 32.222039 ], [ -89.560428, 32.223557 ], [ -89.55326, 32.24984 ], [ -89.526884, 32.249796 ], [ -89.535417, 32.294595 ], [ -89.560336, 32.294901 ], [ -89.56025, 32.370742 ], [ -89.526007, 32.370964 ], [ -89.523393, 32.473852 ], [ -89.474348, 32.474102 ], [ -89.474935, 32.387821 ], [ -89.423599, 32.382719 ], [ -89.423596, 32.398717 ], [ -89.373085, 32.394918 ], [ -89.392722, 32.355453 ], [ -89.421598, 32.342725 ], [ -89.455739, 32.342908 ], [ -89.474709, 32.31283 ], [ -89.474668, 32.237848 ], [ -89.423322, 32.237986 ], [ -89.403661, 32.223284 ], [ -89.322692, 32.223472 ], [ -89.322626, 32.307952 ], [ -89.322598, 32.576433 ], [ -89.730152, 32.577248 ], [ -89.730304, 32.634228 ], [ -89.784123, 32.586891 ] ] ] } },
{ "type": "Feature", "properties": { "geo_id": "2803930", "geo_name": "Senatobia Municipal School District", "geo_level": "school_district", "year": 2022 }, "geometry": { "type": "Polygon", "coordinates": [ [ [ -89.898383, 34.55366 ], [ -89.898022, 34.62655 ], [ -89.959578, 34.641307 ], [ -90.041405, 34.641052 ], [ -90.030179, 34.604817 ], [ -90.031471, 34.554072 ], [ -89.898383, 34.55366 ] ] ] } },
{ "type": "Feature", "properties": { "geo_id": "2803960", "geo_name": "South Delta School District", "geo_level": "school_district", "year": 2022 }, "geometry": { "type": "Polygon", "coordinates": [ [ [ -91.063974, 32.924113 ], [ -91.070602, 32.888658 ], [ -91.105631, 32.858396 ], [ -91.143559, 32.844738 ], [ -91.161669, 32.812465 ], [ -91.165814, 32.757841 ], [ -91.060766, 32.727494 ], [ -91.063946, 32.702925 ], [ -91.126201, 32.667135 ], [ -91.152699, 32.640757 ], [ -91.142782, 32.598899 ], [ -91.121157, 32.584806 ], [ -91.049802, 32.607185 ], [ -91.025769, 32.646572 ], [ -91.0035, 32.624845 ], [ -91.013723, 32.598419 ], [ -91.043552, 32.576271 ], [ -90.964043, 32.575605 ], [ -90.963381, 32.411185 ], [ -90.95124, 32.444389 ], [ -90.926476, 32.450579 ], [ -90.861364, 32.442115 ], [ -90.860566, 32.575173 ], [ -90.768081, 32.574751 ], [ -90.726262, 32.569893 ], [ -90.720102, 32.618858 ], [ -90.697563, 32.625135 ], [ -90.724151, 32.660325 ], [ -90.699308, 32.689256 ], [ -90.742634, 32.729225 ], [ -90.693061, 32.754297 ], [ -90.723389, 32.818882 ], [ -90.759467, 32.814836 ], [ -90.759753, 32.835763 ], [ -90.656632, 32.92251 ], [ -90.658049, 33.096514 ], [ -90.701845, 33.096294 ], [ -90.862866, 33.095106 ], [ -90.914465, 33.097417 ], [ -90.914337, 33.007697 ], [ -90.952329, 33.007814 ], [ -90.98151, 32.979615 ], [ -91.034363, 32.967745 ], [ -91.033937, 32.924042 ], [ -91.063974, 32.924113 ] ] ] } },
{ "type": "Feature", "properties": { "geo_id": "2803990", "geo_name": "Simpson County School District", "geo_level": "school_district", "year": 2022 }, "geometry": { "type": "Polygon", "coordinates": [ [ [ -90.230331, 32.049728 ], [ -90.247752, 32.030681 ], [ -90.209267, 31.98934 ], [ -90.191385, 31.93936 ], [ -90.168325, 31.930549 ], [ -90.170276, 31.904472 ], [ -90.145716, 31.892867 ], [ -90.132552, 31.856923 ], [ -90.140757, 31.789353 ], [ -90.110981, 31.789266 ], [ -90.122565, 31.75268 ], [ -89.974586, 31.761655 ], [ -89.755103, 31.774654 ], [ -89.653025, 31.780653 ], [ -89.654426, 32.013678 ], [ -89.662086, 32.047239 ], [ -89.730066, 32.047072 ], [ -89.937189, 32.049159 ], [ -90.230331, 32.049728 ] ] ] } },
{ "type": "Feature", "properties": { "geo_id": "2804020", "geo_name": "Smith County School District", "geo_level": "school_district", "year": 2022 }, "geometry": { "type": "Polygon", "coordinates": [ [ [ -89.730424, 32.222039 ], [ -89.730066, 32.047072 ], [ -89.662086, 32.047239 ], [ -89.654426, 32.013678 ], [ -89.653025, 31.780653 ], [ -89.401227, 31.796863 ], [ -89.31656, 31.80209 ], [ -89.320748, 31.874338 ], [ -89.322692, 32.223472 ], [ -89.403661, 32.223284 ], [ -89.560428, 32.223557 ], [ -89.730424, 32.222039 ] ] ] } },
{ "type": "Feature", "properties": { "geo_id": "2804170", "geo_name": "Stone County School District", "geo_level": "school_district", "year": 2022 }, "geometry": { "type": "Polygon", "coordinates": [ [ [ -89.340872, 30.895042 ], [ -89.341446, 30.64772 ], [ -89.240136, 30.647646 ], [ -89.240073, 30.67716 ], [ -88.884533, 30.677292 ], [ -88.884534, 30.735591 ], [ -88.885038, 30.910788 ], [ -89.137967, 30.909877 ], [ -89.340806, 30.909912 ], [ -89.340872, 30.895042 ] ] ] } },
{ "type": "Feature", "properties": { "geo_id": "2804440", "geo_name": "Walthall County School District", "geo_level": "school_district", "year": 2022 }, "geometry": { "type": "Polygon", "coordinates": [ [ [ -90.260391, 31.350274 ], [ -90.260525, 31.204193 ], [ -90.259555, 31.000679 ], [ -89.835908, 31.002047 ], [ -89.835873, 31.074926 ], [ -89.920944, 31.074677 ], [ -89.938178, 31.132949 ], [ -90.005936, 31.1323 ], [ -90.006138, 31.175605 ], [ -90.031896, 31.175727 ], [ -90.040375, 31.23391 ], [ -90.040466, 31.336014 ], [ -90.082442, 31.328849 ], [ -90.108651, 31.350869 ], [ -90.24389, 31.350274 ], [ -90.260391, 31.350274 ] ] ] } },
{ "type": "Feature", "properties": { "geo_id": "2804470", "geo_name": "Vicksburg Warren School District", "geo_level": "school_district", "year": 2022 }, "geometry": { "type": "Polygon", "coordinates": [ [ [ -91.043552, 32.576271 ], [ -91.080411, 32.556468 ], [ -91.057706, 32.533777 ], [ -91.018469, 32.521019 ], [ -90.987669, 32.498481 ], [ -91.000106, 32.48229 ], [ -91.049307, 32.498539 ], [ -91.093742, 32.549127 ], [ -91.116708, 32.500138 ], [ -91.093508, 32.457441 ], [ -91.027406, 32.433942 ], [ -90.993863, 32.450851 ], [ -90.965987, 32.420654 ], [ -90.99408, 32.403861 ], [ -91.004706, 32.367244 ], [ -90.986672, 32.35176 ], [ -90.912363, 32.339454 ], [ -90.916157, 32.303582 ], [ -90.947834, 32.283486 ], [ -90.984077, 32.279953 ], [ -90.969515, 32.252053 ], [ -90.983381, 32.211767 ], [ -91.034302, 32.241548 ], [ -91.061408, 32.21865 ], [ -91.083708, 32.22645 ], [ -91.11727, 32.206668 ], [ -91.133587, 32.213431 ], [ -91.16488, 32.195743 ], [ -91.174577, 32.157311 ], [ -91.162822, 32.132694 ], [ -91.11099, 32.124644 ], [ -91.08163, 32.133992 ], [ -91.052754, 32.125777 ], [ -91.049707, 32.157352 ], [ -91.002906, 32.162052 ], [ -91.005006, 32.142851 ], [ -91.030207, 32.114353 ], [ -90.956787, 32.083597 ], [ -90.92432, 32.097477 ], [ -90.90774, 32.131888 ], [ -90.882558, 32.114534 ], [ -90.77482, 32.153993 ], [ -90.79005, 32.174716 ], [ -90.753234, 32.196059 ], [ -90.728622, 32.225119 ], [ -90.712904, 32.279738 ], [ -90.698842, 32.297371 ], [ -90.707605, 32.340004 ], [ -90.683571, 32.352784 ], [ -90.627978, 32.339483 ], [ -90.627363, 32.377974 ], [ -90.599985, 32.424627 ], [ -90.604067, 32.479064 ], [ -90.580596, 32.501785 ], [ -90.553821, 32.507574 ], [ -90.553904, 32.531907 ], [ -90.588019, 32.546067 ], [ -90.654589, 32.546044 ], [ -90.655527, 32.589771 ], [ -90.690249, 32.589388 ], [ -90.689946, 32.618658 ], [ -90.720102, 32.618858 ], [ -90.726262, 32.569893 ], [ -90.768081, 32.574751 ], [ -90.860566, 32.575173 ], [ -90.861364, 32.442115 ], [ -90.926476, 32.450579 ], [ -90.95124, 32.444389 ], [ -90.963381, 32.411185 ], [ -90.964043, 32.575605 ], [ -91.043552, 32.576271 ] ] ] } },
{ "type": "Feature", "properties": { "geo_id": "2804500", "geo_name": "Water Valley School District", "geo_level": "school_district", "year": 2022 }, "geometry": { "type": "Polygon", "coordinates": [ [ [ -89.77636, 34.163684 ], [ -89.775702, 34.072199 ], [ -89.734806, 34.057031 ], [ -89.577075, 34.058194 ], [ -89.577174, 34.041352 ], [ -89.507597, 34.041543 ], [ -89.509748, 34.162082 ], [ -89.50944, 34.19096 ], [ -89.72105, 34.192545 ], [ -89.721431, 34.163513 ], [ -89.77636, 34.163684 ] ] ] } },
{ "type": "Feature", "properties": { "geo_id": "2804560", "geo_name": "Webster County School District", "geo_level": "school_district", "year": 2022 }, "geometry": { "type": "Polygon", "coordinates": [ [ [ -89.507135, 33.721819 ], [ -89.506872, 33.677605 ], [ -89.506496, 33.459806 ], [ -89.381092, 33.460307 ], [ -89.339624, 33.469915 ], [ -89.319446, 33.496709 ], [ -89.222039, 33.527245 ], [ -89.180963, 33.532845 ], [ -89.088446, 33.533202 ], [ -89.088263, 33.562039 ], [ -89.018613, 33.562114 ], [ -89.01854, 33.635373 ], [ -89.034267, 33.63541 ], [ -89.034498, 33.73943 ], [ -89.191781, 33.738602 ], [ -89.191924, 33.722158 ], [ -89.507135, 33.721819 ] ] ] } },
{ "type": "Feature", "properties": { "geo_id": "2804590", "geo_name": "West Jasper School District", "geo_level": "school_district", "year": 2022 }, "geometry": { "type": "Polygon", "coordinates": [ [ [ -89.322692, 32.223472 ], [ -89.320748, 31.874338 ], [ -89.31656, 31.80209 ], [ -89.113276, 31.814121 ], [ -89.116232, 31.948211 ], [ -89.150379, 31.947807 ], [ -89.150236, 31.976628 ], [ -89.116439, 31.976514 ], [ -89.116844, 32.020299 ], [ -89.083324, 32.079232 ], [ -89.117062, 32.079197 ], [ -89.117675, 32.223972 ], [ -89.322692, 32.223472 ] ] ] } },
{ "type": "Feature", "properties": { "geo_id": "2804650", "geo_name": "West Tallahatchie School", "geo_level": "school_district", "year": 2022 }, "geometry": { "type": "Polygon", "coordinates": [ [ [ -90.451643, 33.81139 ], [ -90.182584, 33.809322 ], [ -90.17144, 33.789671 ], [ -90.204205, 33.759446 ], [ -90.250086, 33.763147 ], [ -90.294502, 33.750981 ], [ -90.313859, 33.725746 ], [ -90.301138, 33.699192 ], [ -90.269105, 33.697208 ], [ -90.25234, 33.730316 ], [ -90.220439, 33.722122 ], [ -90.136787, 33.721648 ], [ -90.136491, 33.809319 ], [ -90.189122, 33.814299 ], [ -90.18902, 33.840577 ], [ -90.241374, 33.840838 ], [ -90.241705, 33.935811 ], [ -90.187, 33.997642 ], [ -90.18689, 34.072992 ], [ -90.450981, 34.072932 ], [ -90.451012, 33.985689 ], [ -90.451643, 33.81139 ] ] ] } }
]
}
