geo_id,geo_name,geo_level,year,join_key
01027,Clay,county,2021,01027_county
01091,Marengo,county,2021,01091_county
01049,DeKalb,county,2021,01049_county
01019,Cherokee,county,2021,01019_county
01065,Hale,county,2021,01065_county
01105,Perry,county,2021,01105_county
01033,Colbert,county,2021,01033_county
01063,Greene,county,2021,01063_county
01013,Butler,county,2021,01013_county
01081,Lee,county,2021,01081_county
01097,Mobile,county,2021,01097_county
01057,Fayette,county,2021,01057_county
01017,Chambers,county,2021,01017_county
01125,Tuscaloosa,county,2021,01125_county
01131,Wilcox,county,2021,01131_county
01095,Marshall,county,2021,01095_county
01053,Escambia,county,2021,01053_county
01083,Limestone,county,2021,01083_county
01009,Blount,county,2021,01009_county
01099,Monroe,county,2021,01099_county
01093,Marion,county,2021,01093_county
01085,Lowndes,county,2021,01085_county
01037,Coosa,county,2021,01037_county
01109,Pike,county,2021,01109_county
01119,Sumter,county,2021,01119_county
01133,Winston,county,2021,01133_county
01121,Talladega,county,2021,01121_county
01071,Jackson,county,2021,01071_county
01003,Baldwin,county,2021,01003_county
01011,Bullock,county,2021,01011_county
01001,Autauga,county,2021,01001_county
01087,Macon,county,2021,01087_county
01115,St. Clair,county,2021,01115_county
01023,Choctaw,county,2021,01023_county
01043,Cullman,county,2021,01043_county
01117,Shelby,county,2021,01117_county
01047,Dallas,county,2021,01047_county
01107,Pickens,county,2021,01107_county
01077,Lauderdale,county,2021,01077_county
01029,Cleburne,county,2021,01029_county
01005,Barbour,county,2021,01005_county
01061,Geneva,county,2021,01061_county
01045,Dale,county,2021,01045_county
01123,Tallapoosa,county,2021,01123_county
01025,Clarke,county,2021,01025_county
01069,Houston,county,2021,01069_county
01129,Washington,county,2021,01129_county
01089,Madison,county,2021,01089_county
01041,Crenshaw,county,2021,01041_county
01015,Calhoun,county,2021,01015_county
01079,Lawrence,county,2021,01079_county
01103,Morgan,county,2021,01103_county
01075,Lamar,county,2021,01075_county
01113,Russell,county,2021,01113_county
01059,Franklin,county,2021,01059_county
01035,Conecuh,county,2021,01035_county
01051,Elmore,county,2021,01051_county
01073,Jefferson,county,2021,01073_county
01127,Walker,county,2021,01127_county
01111,Randolph,county,2021,01111_county
01101,Montgomery,county,2021,01101_county
01007,Bibb,county,2021,01007_county
01055,Etowah,county,2021,01055_county
01021,Chilton,county,2021,01021_county
01031,Coffee,county,2021,01031_county
01039,Covington,county,2021,01039_county
01067,Henry,county,2021,01067_county
28061,Jasper,county,2021,28061_county
28017,Chickasaw,county,2021,28017_county
28145,Union,county,2021,28145_county
28069,Kemper,county,2021,28069_county
28151,Washington,county,2021,28151_county
28055,Issaquena,county,2021,28055_county
28009,Benton,county,2021,28009_county
28087,Lowndes,county,2021,28087_county
28073,Lamar,county,2021,28073_county
28003,Alcorn,county,2021,28003_county
28071,Lafayette,county,2021,28071_county
28015,Carroll,county,2021,28015_county
28085,Lincoln,county,2021,28085_county
28143,Tunica,county,2021,28143_county
28097,Montgomery,county,2021,28097_county
28019,Choctaw,county,2021,28019_county
28139,Tippah,county,2021,28139_county
28109,Pearl River,county,2021,28109_county
28111,Perry,county,2021,28111_county
28011,Bolivar,county,2021,28011_county
28149,Warren,county,2021,28149_county
28101,Newton,county,2021,28101_county
28135,Tallahatchie,county,2021,28135_county
28125,Sharkey,county,2021,28125_county
28035,Forrest,county,2021,28035_county
28161,Yalobusha,county,2021,28161_county
28023,Clarke,county,2021,28023_county
28127,Simpson,county,2021,28127_county
28131,Stone,county,2021,28131_county
28121,Rankin,county,2021,28121_county
28091,Marion,county,2021,28091_county
28039,George,county,2021,28039_county
28095,Monroe,county,2021,28095_county
28123,Scott,county,2021,28123_county
28051,Holmes,county,2021,28051_county
28105,Oktibbeha,county,2021,28105_county
28031,Covington,county,2021,28031_county
28115,Pontotoc,county,2021,28115_county
28163,Yazoo,county,2021,28163_county
28137,Tate,county,2021,28137_county
28077,Lawrence,county,2021,28077_county
28007,Attala,county,2021,28007_county
28117,Prentiss,county,2021,28117_county
28113,Pike,county,2021,28113_county
28029,Copiah,county,2021,28029_county
28013,Calhoun,county,2021,28013_county
28041,Greene,county,2021,28041_county
28005,Amite,county,2021,28005_county
28045,Hancock,county,2021,28045_county
28129,Smith,county,2021,28129_county
28021,Claiborne,county,2021,28021_county
28153,Wayne,county,2021,28153_county
28159,Winston,county,2021,28159_county
28053,Humphreys,county,2021,28053_county
28103,Noxubee,county,2021,28103_county
28083,Leflore,county,2021,28083_county
28027,Coahoma,county,2021,28027_county
28047,Harrison,county,2021,28047_county
28059,Jackson,county,2021,28059_county
28107,Panola,county,2021,28107_county
28093,Marshall,county,2021,28093_county
28043,Grenada,county,2021,28043_county
28141,Tishomingo,county,2021,28141_county
28119,Quitman,county,2021,28119_county
28157,Wilkinson,county,2021,28157_county
28079,Leake,county,2021,28079_county
28025,Clay,county,2021,28025_county
28037,Franklin,county,2021,28037_county
28099,Neshoba,county,2021,28099_county
28081,Lee,county,2021,28081_county
28133,Sunflower,county,2021,28133_county
28063,Jefferson,county,2021,28063_county
28001,Adams,county,2021,28001_county
28057,Itawamba,county,2021,28057_county
28049,Hinds,county,2021,28049_county
28033,DeSoto,county,2021,28033_county
28067,Jones,county,2021,28067_county
28075,Lauderdale,county,2021,28075_county
28147,Walthall,county,2021,28147_county
28065,Jefferson Davis,county,2021,28065_county
28155,Webster,county,2021,28155_county
28089,Madison,county,2021,28089_county
01027,Clay,county,2022,01027_county
01091,Marengo,county,2022,01091_county
01049,DeKalb,county,2022,01049_county
01019,Cherokee,county,2022,01019_county
01065,Hale,county,2022,01065_county
01105,Perry,county,2022,01105_county
01033,Colbert,county,2022,01033_county
01063,Greene,county,2022,01063_county
01013,Butler,county,2022,01013_county
01081,Lee,county,2022,01081_county
01097,Mobile,county,2022,01097_county
01057,Fayette,county,2022,01057_county
01017,Chambers,county,2022,01017_county
01125,Tuscaloosa,county,2022,01125_county
01131,Wilcox,county,2022,01131_county
01095,Marshall,county,2022,01095_county
01053,Escambia,county,2022,01053_county
01083,Limestone,county,2022,01083_county
01009,Blount,county,2022,01009_county
01099,Monroe,county,2022,01099_county
01093,Marion,county,2022,01093_county
01085,Lowndes,county,2022,01085_county
01037,Coosa,county,2022,01037_county
01109,Pike,county,2022,01109_county
01119,Sumter,county,2022,01119_county
01133,Winston,county,2022,01133_county
01121,Talladega,county,2022,01121_county
01071,Jackson,county,2022,01071_county
01003,Baldwin,county,2022,01003_county
01011,Bullock,county,2022,01011_county
01001,Autauga,county,2022,01001_county
01087,Macon,county,2022,01087_county
01115,St. Clair,county,2022,01115_county
01023,Choctaw,county,2022,01023_county
01043,Cullman,county,2022,01043_county
01117,Shelby,county,2022,01117_county
01047,Dallas,county,2022,01047_county
01107,Pickens,county,2022,01107_county
01077,Lauderdale,county,2022,01077_county
01029,Cleburne,county,2022,01029_county
01005,Barbour,county,2022,01005_county
01061,Geneva,county,2022,01061_county
01045,Dale,county,2022,01045_county
01123,Tallapoosa,county,2022,01123_county
01025,Clarke,county,2022,01025_county
01069,Houston,county,2022,01069_county
01129,Washington,county,2022,01129_county
01089,Madison,county,2022,01089_county
01041,Crenshaw,county,2022,01041_county
01015,Calhoun,county,2022,01015_county
01079,Lawrence,county,2022,01079_county
01103,Morgan,county,2022,01103_county
01075,Lamar,county,2022,01075_county
01113,Russell,county,2022,01113_county
01059,Franklin,county,2022,01059_county
01035,Conecuh,county,2022,01035_county
01051,Elmore,county,2022,01051_county
01073,Jefferson,county,2022,01073_county
01127,Walker,county,2022,01127_county
01111,Randolph,county,2022,01111_county
01101,Montgomery,county,2022,01101_county
01007,Bibb,county,2022,01007_county
01055,Etowah,county,2022,01055_county
01021,Chilton,county,2022,01021_county
01031,Coffee,county,2022,01031_county
01039,Covington,county,2022,01039_county
01067,Henry,county,2022,01067_county
28061,Jasper,county,2022,28061_county
28017,Chickasaw,county,2022,28017_county
28145,Union,county,2022,28145_county
28069,Kemper,county,2022,28069_county
28151,Washington,county,2022,28151_county
28055,Issaquena,county,2022,28055_county
28009,Benton,county,2022,28009_county
28087,Lowndes,county,2022,28087_county
28073,Lamar,county,2022,28073_county
28003,Alcorn,county,2022,28003_county
28071,Lafayette,county,2022,28071_county
28015,Carroll,county,2022,28015_county
28085,Lincoln,county,2022,28085_county
28143,Tunica,county,2022,28143_county
28097,Montgomery,county,2022,28097_county
28019,Choctaw,county,2022,28019_county
28139,Tippah,county,2022,28139_county
28109,Pearl River,county,2022,28109_county
28111,Perry,county,2022,28111_county
28011,Bolivar,county,2022,28011_county
28149,Warren,county,2022,28149_county
28101,Newton,county,2022,28101_county
28135,Tallahatchie,county,2022,28135_county
28125,Sharkey,county,2022,28125_county
28035,Forrest,county,2022,28035_county
28161,Yalobusha,county,2022,28161_county
28023,Clarke,county,2022,28023_county
28127,Simpson,county,2022,28127_county
28131,Stone,county,2022,28131_county
28121,Rankin,county,2022,28121_county
28091,Marion,county,2022,28091_county
28039,George,county,2022,28039_county
28095,Monroe,county,2022,28095_county
28123,Scott,county,2022,28123_county
28051,Holmes,county,2022,28051_county
28105,Oktibbeha,county,2022,28105_county
28031,Covington,county,2022,28031_county
28115,Pontotoc,county,2022,28115_county
28163,Yazoo,county,2022,28163_county
28137,Tate,county,2022,28137_county
28077,Lawrence,county,2022,28077_county
28007,Attala,county,2022,28007_county
28117,Prentiss,county,2022,28117_county
28113,Pike,county,2022,28113_county
28029,Copiah,county,2022,28029_county
28013,Calhoun,county,2022,28013_county
28041,Greene,county,2022,28041_county
28005,Amite,county,2022,28005_county
28045,Hancock,county,2022,28045_county
28129,Smith,county,2022,28129_county
28021,Claiborne,county,2022,28021_county
28153,Wayne,county,2022,28153_county
28159,Winston,county,2022,28159_county
28053,Humphreys,county,2022,28053_county
28103,Noxubee,county,2022,28103_county
28083,Leflore,county,2022,28083_county
28027,Coahoma,county,2022,28027_county
28047,Harrison,county,2022,28047_county
28059,Jackson,county,2022,28059_county
28107,Panola,county,2022,28107_county
28093,Marshall,county,2022,28093_county
28043,Grenada,county,2022,28043_county
28141,Tishomingo,county,2022,28141_county
28119,Quitman,county,2022,28119_county
28157,Wilkinson,county,2022,28157_county
28079,Leake,county,2022,28079_county
28025,Clay,county,2022,28025_county
28037,Franklin,county,2022,28037_county
28099,Neshoba,county,2022,28099_county
28081,Lee,county,2022,28081_county
28133,Sunflower,county,2022,28133_county
28063,Jefferson,county,2022,28063_county
28001,Adams,county,2022,28001_county
28057,Itawamba,county,2022,28057_county
28049,Hinds,county,2022,28049_county
28033,DeSoto,county,2022,28033_county
28067,Jones,county,2022,28067_county
28075,Lauderdale,county,2022,28075_county
28147,Walthall,county,2022,28147_county
28065,Jefferson Davis,county,2022,28065_county
28155,Webster,county,2022,28155_county
28089,Madison,county,2022,28089_county
0100001,Fort Rucker School District,school_district,2021,0100001_school_district
0100003,Maxwell AFB School District,school_district,2021,0100003_school_district
0100005,Albertville City School District,school_district,2021,0100005_school_district
0100006,Marshall County School District,school_district,2021,0100006_school_district
0100007,Hoover City School District,school_district,2021,0100007_school_district
0100008,Madison City School District,school_district,2021,0100008_school_district
0100011,Leeds City School District,school_district,2021,0100011_school_district
0100012,Boaz City School District,school_district,2021,0100012_school_district
0100013,Trussville City School District,school_district,2021,0100013_school_district
0100030,Alexander City City School District,school_district,2021,0100030_school_district
0100060,Andalusia City School District,school_district,2021,0100060_school_district
0100090,Anniston City School District,school_district,2021,0100090_school_district
0100100,Arab City School District,school_district,2021,0100100_school_district
0100120,Athens City School District,school_district,2021,0100120_school_district
0100180,Attalla City School District,school_district,2021,0100180_school_district
0100185,Saraland City School District,school_district,2021,0100185_school_district
0100188,Chickasaw City School District,school_district,2021,0100188_school_district
0100189,Satsuma City School District,school_district,2021,0100189_school_district
0100190,Alabaster City School District,school_district,2021,0100190_school_district
0100194,Pelham City School District,school_district,2021,0100194_school_district
0100195,Pike Road City School District,school_district,2021,0100195_school_district
0100202,Gulf Shores City School District,school_district,2021,0100202_school_district
0100210,Auburn City School District,school_district,2021,0100210_school_district
0100240,Autauga County School District,school_district,2021,0100240_school_district
0100270,Baldwin County School District,school_district,2021,0100270_school_district
0100300,Barbour County School District,school_district,2021,0100300_school_district
0100330,Bessemer City School District,school_district,2021,0100330_school_district
0100360,Bibb County School District,school_district,2021,0100360_school_district
0100390,Birmingham City School District,school_district,2021,0100390_school_district
0100420,Blount County School District,school_district,2021,0100420_school_district
0100450,Brewton City School District,school_district,2021,0100450_school_district
0100480,Bullock County School District,school_district,2021,0100480_school_district
0100510,Butler County School District,school_district,2021,0100510_school_district
0100540,Calhoun County School District,school_district,2021,0100540_school_district
0100600,Chambers County School District,school_district,2021,0100600_school_district
0100630,Cherokee County School District,school_district,2021,0100630_school_district
0100660,Chilton County School District,school_district,2021,0100660_school_district
0100690,Choctaw County School District,school_district,2021,0100690_school_district
0100720,Clarke County School District,school_district,2021,0100720_school_district
0100750,Clay County School District,school_district,2021,0100750_school_district
0100780,Cleburne County School District,school_district,2021,0100780_school_district
0100810,Coffee County School District,school_district,2021,0100810_school_district
0100840,Colbert County School District,school_district,2021,0100840_school_district
0100870,Conecuh County School District,school_district,2021,0100870_school_district
0100900,Coosa County School District,school_district,2021,0100900_school_district
0100930,Covington County School District,school_district,2021,0100930_school_district
0100960,Crenshaw County School District,school_district,2021,0100960_school_district
0100990,Cullman City School District,school_district,2021,0100990_school_district
0101020,Cullman County School District,school_district,2021,0101020_school_district
0101050,Dale County School District,school_district,2021,0101050_school_district
0101080,Daleville City School District,school_district,2021,0101080_school_district
0101110,Dallas County School District,school_district,2021,0101110_school_district
0101140,DeKalb County School District,school_district,2021,0101140_school_district
0101170,Decatur City School District,school_district,2021,0101170_school_district
0101200,Demopolis City School District,school_district,2021,0101200_school_district
0101230,Dothan City School District,school_district,2021,0101230_school_district
0101260,Elba City School District,school_district,2021,0101260_school_district
0101290,Elmore County School District,school_district,2021,0101290_school_district
0101320,Enterprise City School District,school_district,2021,0101320_school_district
0101350,Escambia County School District,school_district,2021,0101350_school_district
0101380,Etowah County School District,school_district,2021,0101380_school_district
0101410,Eufaula City School District,school_district,2021,0101410_school_district
0101440,Fairfield City School District,school_district,2021,0101440_school_district
0101470,Fayette County School District,school_district,2021,0101470_school_district
0101530,Florence City School District,school_district,2021,0101530_school_district
0101560,Fort Payne City School District,school_district,2021,0101560_school_district
0101590,Franklin County School District,school_district,2021,0101590_school_district
0101620,Gadsden City School District,school_district,2021,0101620_school_district
0101640,Geneva City School District,school_district,2021,0101640_school_district
0101660,Geneva County School District,school_district,2021,0101660_school_district
0101680,Greene County School District,school_district,2021,0101680_school_district
0101690,Guntersville City School District,school_district,2021,0101690_school_district
0101710,Hale County School District,school_district,2021,0101710_school_district
0101720,Haleyville City School District,school_district,2021,0101720_school_district
0101730,Hartselle City School District,school_district,2021,0101730_school_district
0101740,Henry County School District,school_district,2021,0101740_school_district
0101760,Homewood City School District,school_district,2021,0101760_school_district
0101770,Houston County School District,school_district,2021,0101770_school_district
0101800,Huntsville City School District,school_district,2021,0101800_school_district
0101830,Jackson County School District,school_district,2021,0101830_school_district
0101860,Jacksonville City School District,school_district,2021,0101860_school_district
0101890,Jasper City School District,school_district,2021,0101890_school_district
0101920,Jefferson County School District,school_district,2021,0101920_school_district
0101950,Lamar County School District,school_district,2021,0101950_school_district
0101980,Lanett City School District,school_district,2021,0101980_school_district
0102010,Lauderdale County School District,school_district,2021,0102010_school_district
0102040,Lawrence County School District,school_district,2021,0102040_school_district
0102070,Lee County School District,school_district,2021,0102070_school_district
0102100,Limestone County School District,school_district,2021,0102100_school_district
0102130,Linden City School District,school_district,2021,0102130_school_district
0102160,Lowndes County School District,school_district,2021,0102160_school_district
0102190,Macon County School District,school_district,2021,0102190_school_district
0102220,Madison County School District,school_district,2021,0102220_school_district
0102250,Marengo County School District,school_district,2021,0102250_school_district
0102310,Marion County School District,school_district,2021,0102310_school_district
0102350,Midfield City School District,school_district,2021,0102350_school_district
0102370,Mobile County School District,school_district,2021,0102370_school_district
0102400,Monroe County School District,school_district,2021,0102400_school_district
0102430,Montgomery County School District,school_district,2021,0102430_school_district
0102480,Morgan County School District,school_district,2021,0102480_school_district
0102490,Mountain Brook City School District,school_district,2021,0102490_school_district
0102520,Muscle Shoals City School District,school_district,2021,0102520_school_district
0102550,Oneonta City School District,school_district,2021,0102550_school_district
0102580,Opelika City School District,school_district,2021,0102580_school_district
0102610,Opp City School District,school_district,2021,0102610_school_district
0102635,Oxford City School District,school_district,2021,0102635_school_district
0102640,Ozark City School District,school_district,2021,0102640_school_district
0102650,Pell City City School District,school_district,2021,0102650_school_district
0102670,Perry County School District,school_district,2021,0102670_school_district
0102700,Phenix City City School District,school_district,2021,0102700_school_district
0102730,Pickens County School District,school_district,2021,0102730_school_district
0102760,Piedmont City School District,school_district,2021,0102760_school_district
0102790,Pike County School District,school_district,2021,0102790_school_district
0102820,Randolph County School District,school_district,2021,0102820_school_district
0102850,Roanoke City School District,school_district,2021,0102850_school_district
0102880,Russell County School District,school_district,2021,0102880_school_district
0102910,Russellville City School District,school_district,2021,0102910_school_district
0102940,Scottsboro City School District,school_district,2021,0102940_school_district
0102970,Selma City School District,school_district,2021,0102970_school_district
0103000,Sheffield City School District,school_district,2021,0103000_school_district
0103030,Shelby County School District,school_district,2021,0103030_school_district
0103062,St. Clair County School District,school_district,2021,0103062_school_district
0103090,Sumter County School District,school_district,2021,0103090_school_district
0103120,Sylacauga City School District,school_district,2021,0103120_school_district
0103150,Talladega City School District,school_district,2021,0103150_school_district
0103180,Talladega County School District,school_district,2021,0103180_school_district
0103210,Tallapoosa County School District,school_district,2021,0103210_school_district
0103240,Tallassee City School District,school_district,2021,0103240_school_district
0103270,Tarrant City School District,school_district,2021,0103270_school_district
0103300,Thomasville City School District,school_district,2021,0103300_school_district
0103330,Troy City School District,school_district,2021,0103330_school_district
0103360,Tuscaloosa City School District,school_district,2021,0103360_school_district
0103390,Tuscaloosa County School District,school_district,2021,0103390_school_district
0103420,Tuscumbia City School District,school_district,2021,0103420_school_district
0103430,Vestavia Hills City School District,school_district,2021,0103430_school_district
0103450,Walker County School District,school_district,2021,0103450_school_district
0103480,Washington County School District,school_district,2021,0103480_school_district
0103510,Wilcox County School District,school_district,2021,0103510_school_district
0103540,Winfield City School District,school_district,2021,0103540_school_district
0103580,Winston County School District,school_district,2021,0103580_school_district
2800185,West Bolivar Consolidated School District,school_district,2021,2800185_school_district
2800186,North Bolivar Consolidated School District,school_district,2021,2800186_school_district
2800187,Sunflower County Consolidated School District,school_district,2021,2800187_school_district
2800189,Starkville Oktibbeha Consolidated School District,school_district,2021,2800189_school_district
2800191,West Point Consolidated School District,school_district,2021,2800191_school_district
2800195,Holmes County Consolidated School District,school_district,2021,2800195_school_district
2800196,Winona-Montgomery County Consolidated School District,school_district,2021,2800196_school_district
2800198,Greenwood-Leflore Consolidated School District,school_district,2021,2800198_school_district
2800360,Aberdeen School District,school_district,2021,2800360_school_district
2800390,Alcorn School District,school_district,2021,2800390_school_district
2800420,Amite County School District,school_district,2021,2800420_school_district
2800450,Amory School District,school_district,2021,2800450_school_district
2800510,Attala County School District,school_district,2021,2800510_school_district
2800540,Baldwyn School District,school_district,2021,2800540_school_district
2800570,Bay St. Louis-Waveland School District,school_district,2021,2800570_school_district
2800600,Benton County School District,school_district,2021,2800600_school_district
2800630,Biloxi Public School District,school_district,2021,2800630_school_district
2800750,Cleveland School District,school_district,2021,2800750_school_district
2800820,Booneville School District,school_district,2021,2800820_school_district
2800840,Brookhaven School District,school_district,2021,2800840_school_district
2800870,Calhoun County School District,school_district,2021,2800870_school_district
2800900,Canton Public School District,school_district,2021,2800900_school_district
2800930,Carroll County School District,school_district,2021,2800930_school_district
2800960,Chickasaw County School District,school_district,2021,2800960_school_district
2800990,Choctaw County School District,school_district,2021,2800990_school_district
2801020,Claiborne County School District,school_district,2021,2801020_school_district
2801050,Clarksdale Municipal School District,school_district,2021,2801050_school_district
2801090,Clinton Public School District,school_district,2021,2801090_school_district
2801110,Coahoma County School District,school_district,2021,2801110_school_district
2801140,Coffeeville School District,school_district,2021,2801140_school_district
2801170,Columbia School District,school_district,2021,2801170_school_district
2801200,Columbus Municipal School District,school_district,2021,2801200_school_district
2801220,Copiah County School District,school_district,2021,2801220_school_district
2801260,Corinth School District,school_district,2021,2801260_school_district
2801290,Covington County School District,school_district,2021,2801290_school_district
2801320,DeSoto County School District,school_district,2021,2801320_school_district
2801380,East Jasper School District,school_district,2021,2801380_school_district
2801410,East Tallahatchie School District,school_district,2021,2801410_school_district
2801440,Enterprise School District,school_district,2021,2801440_school_district
2801470,Forest Municipal School District,school_district,2021,2801470_school_district
2801490,Forrest County Schools,school_district,2021,2801490_school_district
2801530,Franklin County School District,school_district,2021,2801530_school_district
2801560,George County School District,school_district,2021,2801560_school_district
2801590,Greene County School District,school_district,2021,2801590_school_district
2801620,Greenville Public School District,school_district,2021,2801620_school_district
2801680,Grenada School District,school_district,2021,2801680_school_district
2801710,Gulfport School District,school_district,2021,2801710_school_district
2801740,Hancock County School District,school_district,2021,2801740_school_district
2801770,Harrison County School District,school_district,2021,2801770_school_district
2801800,Hattiesburg Public School District,school_district,2021,2801800_school_district
2801830,Hazlehurst City School District,school_district,2021,2801830_school_district
2801860,Hinds County School District,school_district,2021,2801860_school_district
2801890,Hollandale School District,school_district,2021,2801890_school_district
2801950,Holly Springs School District,school_district,2021,2801950_school_district
2802010,Houston School District,school_district,2021,2802010_school_district
2802040,Humphreys County School District,school_district,2021,2802040_school_district
2802100,Itawamba County School District,school_district,2021,2802100_school_district
2802160,Jackson County School District,school_district,2021,2802160_school_district
2802190,Jackson Public School District,school_district,2021,2802190_school_district
2802220,Jefferson County School District,school_district,2021,2802220_school_district
2802250,Jefferson Davis County School District,school_district,2021,2802250_school_district
2802280,Jones County School District,school_district,2021,2802280_school_district
2802310,Kemper County School District,school_district,2021,2802310_school_district
2802340,Kosciusko School District,school_district,2021,2802340_school_district
2802370,Lafayette County School District,school_district,2021,2802370_school_district
2802400,Lamar County School District,school_district,2021,2802400_school_district
2802430,Lauderdale County School District,school_district,2021,2802430_school_district
2802460,Laurel School District,school_district,2021,2802460_school_district
2802490,Lawrence County School District,school_district,2021,2802490_school_district
2802520,Leake County School District,school_district,2021,2802520_school_district
2802550,Lee County School District,school_district,2021,2802550_school_district
2802610,Leland School District,school_district,2021,2802610_school_district
2802640,Lincoln County School District,school_district,2021,2802640_school_district
2802670,Long Beach School District,school_district,2021,2802670_school_district
2802700,Louisville Municipal School District,school_district,2021,2802700_school_district
2802730,Lowndes County School District,school_district,2021,2802730_school_district
2802790,Madison County School District,school_district,2021,2802790_school_district
2802820,Marion County School District,school_district,2021,2802820_school_district
2802850,Marshall County School District,school_district,2021,2802850_school_district
2802880,McComb School District,school_district,2021,2802880_school_district
2802910,Meridian Public School District,school_district,2021,2802910_school_district
2802940,Monroe County School District,school_district,2021,2802940_school_district
2803000,Moss Point School District,school_district,2021,2803000_school_district
2803030,Natchez-Adams School District,school_district,2021,2803030_school_district
2803060,Neshoba County School District,school_district,2021,2803060_school_district
2803090,Nettleton School District,school_district,2021,2803090_school_district
2803120,New Albany Public Schools,school_district,2021,2803120_school_district
2803150,Newton County School District,school_district,2021,2803150_school_district
2803180,Newton Municipal School,school_district,2021,2803180_school_district
2803210,North Panola School District,school_district,2021,2803210_school_district
2803240,North Pike School District,school_district,2021,2803240_school_district
2803270,North Tippah School District,school_district,2021,2803270_school_district
2803300,Noxubee County School District,school_district,2021,2803300_school_district
2803360,Ocean Springs School District,school_district,2021,2803360_school_district
2803390,Okolona Separate School District,school_district,2021,2803390_school_district
2803450,Oxford School District,school_district,2021,2803450_school_district
2803480,Pascagoula-Gautier School District,school_district,2021,2803480_school_district
2803510,Pass Christian Public School District,school_district,2021,2803510_school_district
2803520,Pearl Public School District,school_district,2021,2803520_school_district
2803530,Petal School District,school_district,2021,2803530_school_district
2803540,Pearl River County School District,school_district,2021,2803540_school_district
2803570,Perry County Schools,school_district,2021,2803570_school_district
2803600,Philadelphia Public School District,school_district,2021,2803600_school_district
2803630,Picayune School District,school_district,2021,2803630_school_district
2803660,Pontotoc County Schools,school_district,2021,2803660_school_district
2803690,Pontotoc City Schools,school_district,2021,2803690_school_district
2803720,Poplarville Separate School District,school_district,2021,2803720_school_district
2803750,Prentiss County School District,school_district,2021,2803750_school_district
2803780,Quitman School District,school_district,2021,2803780_school_district
2803810,Quitman County School District,school_district,2021,2803810_school_district
2803830,Rankin County School District,school_district,2021,2803830_school_district
2803870,Richton School District,school_district,2021,2803870_school_district
2803900,Scott County School District,school_district,2021,2803900_school_district
2803930,Senatobia Municipal School District,school_district,2021,2803930_school_district
2803960,South Delta School District,school_district,2021,2803960_school_district
2803990,Simpson County School District,school_district,2021,2803990_school_district
2804020,Smith County School District,school_district,2021,2804020_school_district
2804050,South Panola School District,school_district,2021,2804050_school_district
2804080,South Pike School District,school_district,2021,2804080_school_district
2804110,South Tippah School District,school_district,2021,2804110_school_district
2804170,Stone County School District,school_district,2021,2804170_school_district
2804230,Tate County School District,school_district,2021,2804230_school_district
2804260,Tishomingo County Schools,school_district,2021,2804260_school_district
2804290,Tunica County School District,school_district,2021,2804290_school_district
2804320,Tupelo Public School District,school_district,2021,2804320_school_district
2804350,Union County School District,school_district,2021,2804350_school_district
2804380,Union Public School District,school_district,2021,2804380_school_district
2804440,Walthall County School District,school_district,2021,2804440_school_district
2804470,Vicksburg Warren School District,school_district,2021,2804470_school_district
2804500,Water Valley School District,school_district,2021,2804500_school_district
2804530,Wayne County School District,school_district,2021,2804530_school_district
2804560,Webster County School District,school_district,2021,2804560_school_district
2804590,West Jasper School District,school_district,2021,2804590_school_district
2804650,West Tallahatchie School,school_district,2021,2804650_school_district
2804680,Western Line School District,school_district,2021,2804680_school_district
2804710,Wilkinson County School District,school_district,2021,2804710_school_district
2804770,Yazoo City Municipal School District,school_district,2021,2804770_school_district
2804800,Yazoo County School District,school_district,2021,2804800_school_district
0100001,Fort Rucker School District,school_district,2022,0100001_school_district
0100003,Maxwell AFB School District,school_district,2022,0100003_school_district
0100005,Albertville City School District,school_district,2022,0100005_school_district
0100006,Marshall County School District,school_district,2022,0100006_school_district
0100007,Hoover City School District,school_district,2022,0100007_school_district
0100008,Madison City School District,school_district,2022,0100008_school_district
0100011,Leeds City School District,school_district,2022,0100011_school_district
0100012,Boaz City School District,school_district,2022,0100012_school_district
0100013,Trussville City School District,school_district,2022,0100013_school_district
0100030,Alexander City City School District,school_district,2022,0100030_school_district
0100060,Andalusia City School District,school_district,2022,0100060_school_district
0100090,Anniston City School District,school_district,2022,0100090_school_district
0100100,Arab City School District,school_district,2022,0100100_school_district
0100120,Athens City School District,school_district,2022,0100120_school_district
0100180,Attalla City School District,school_district,2022,0100180_school_district
0100185,Saraland City School District,school_district,2022,0100185_school_district
0100188,Chickasaw City School District,school_district,2022,0100188_school_district
0100189,Satsuma City School District,school_district,2022,0100189_school_district
0100190,Alabaster City School District,school_district,2022,0100190_school_district
0100194,Pelham City School District,school_district,2022,0100194_school_district
0100195,Pike Road City School District,school_district,2022,0100195_school_district
0100202,Gulf Shores City School District,school_district,2022,0100202_school_district
0100210,Auburn City School District,school_district,2022,0100210_school_district
0100240,Autauga County School District,school_district,2022,0100240_school_district
0100270,Baldwin County School District,school_district,2022,0100270_school_district
0100300,Barbour County School District,school_district,2022,0100300_school_district
0100330,Bessemer City School District,school_district,2022,0100330_school_district
0100360,Bibb County School District,school_district,2022,0100360_school_district
0100390,Birmingham City School District,school_district,2022,0100390_school_district
0100420,Blount County School District,school_district,2022,0100420_school_district
0100450,Brewton City School District,school_district,2022,0100450_school_district
0100480,Bullock County School District,school_district,2022,0100480_school_district
0100510,Butler County School District,school_district,2022,0100510_school_district
0100540,Calhoun County School District,school_district,2022,0100540_school_district
0100600,Chambers County School District,school_district,2022,0100600_school_district
0100630,Cherokee County School District,school_district,2022,0100630_school_district
0100660,Chilton County School District,school_district,2022,0100660_school_district
0100690,Choctaw County School District,school_district,2022,0100690_school_district
0100720,Clarke County School District,school_district,2022,0100720_school_district
0100750,Clay County School District,school_district,2022,0100750_school_district
0100780,Cleburne County School District,school_district,2022,0100780_school_district
0100810,Coffee County School District,school_district,2022,0100810_school_district
0100840,Colbert County School District,school_district,2022,0100840_school_district
0100870,Conecuh County School District,school_district,2022,0100870_school_district
0100900,Coosa County School District,school_district,2022,0100900_school_district
0100930,Covington County School District,school_district,2022,0100930_school_district
0100960,Crenshaw County School District,school_district,2022,0100960_school_district
0100990,Cullman City School District,school_district,2022,0100990_school_district
0101020,Cullman County School District,school_district,2022,0101020_school_district
0101050,Dale County School District,school_district,2022,0101050_school_district
0101080,Daleville City School District,school_district,2022,0101080_school_district
0101110,Dallas County School District,school_district,2022,0101110_school_district
0101140,DeKalb County School District,school_district,2022,0101140_school_district
0101170,Decatur City School District,school_district,2022,0101170_school_district
0101200,Demopolis City School District,school_district,2022,0101200_school_district
0101230,Dothan City School District,school_district,2022,0101230_school_district
0101260,Elba City School District,school_district,2022,0101260_school_district
0101290,Elmore County School District,school_district,2022,0101290_school_district
0101320,Enterprise City School District,school_district,2022,0101320_school_district
0101350,Escambia County School District,school_district,2022,0101350_school_district
0101380,Etowah County School District,school_district,2022,0101380_school_district
0101410,Eufaula City School District,school_district,2022,0101410_school_district
0101440,Fairfield City School District,school_district,2022,0101440_school_district
0101470,Fayette County School District,school_district,2022,0101470_school_district
0101530,Florence City School District,school_district,2022,0101530_school_district
0101560,Fort Payne City School District,school_district,2022,0101560_school_district
0101590,Franklin County School District,school_district,2022,0101590_school_district
0101620,Gadsden City School District,school_district,2022,0101620_school_district
0101640,Geneva City School District,school_district,2022,0101640_school_district
0101660,Geneva County School District,school_district,2022,0101660_school_district
0101680,Greene County School District,school_district,2022,0101680_school_district
0101690,Guntersville City School District,school_district,2022,0101690_school_district
0101710,Hale County School District,school_district,2022,0101710_school_district
0101720,Haleyville City School District,school_district,2022,0101720_school_district
0101730,Hartselle City School District,school_district,2022,0101730_school_district
0101740,Henry County School District,school_district,2022,0101740_school_district
0101760,Homewood City School District,school_district,2022,0101760_school_district
0101770,Houston County School District,school_district,2022,0101770_school_district
0101800,Huntsville City School District,school_district,2022,0101800_school_district
0101830,Jackson County School District,school_district,2022,0101830_school_district
0101860,Jacksonville City School District,school_district,2022,0101860_school_district
0101890,Jasper City School District,school_district,2022,0101890_school_district
0101920,Jefferson County School District,school_district,2022,0101920_school_district
0101950,Lamar County School District,school_district,2022,0101950_school_district
0101980,Lanett City School District,school_district,2022,0101980_school_district
0102010,Lauderdale County School District,school_district,2022,0102010_school_district
0102040,Lawrence County School District,school_district,2022,0102040_school_district
0102070,Lee County School District,school_district,2022,0102070_school_district
0102100,Limestone County School District,school_district,2022,0102100_school_district
0102130,Linden City School District,school_district,2022,0102130_school_district
0102160,Lowndes County School District,school_district,2022,0102160_school_district
0102190,Macon County School District,school_district,2022,0102190_school_district
0102220,Madison County School District,school_district,2022,0102220_school_district
0102250,Marengo County School District,school_district,2022,0102250_school_district
0102310,Marion County School District,school_district,2022,0102310_school_district
0102350,Midfield City School District,school_district,2022,0102350_school_district
0102370,Mobile County School District,school_district,2022,0102370_school_district
0102400,Monroe County School District,school_district,2022,0102400_school_district
0102430,Montgomery County School District,school_district,2022,0102430_school_district
0102480,Morgan County School District,school_district,2022,0102480_school_district
0102490,Mountain Brook City School District,school_district,2022,0102490_school_district
0102520,Muscle Shoals City School District,school_district,2022,0102520_school_district
0102550,Oneonta City School District,school_district,2022,0102550_school_district
0102580,Opelika City School District,school_district,2022,0102580_school_district
0102610,Opp City School District,school_district,2022,0102610_school_district
0102635,Oxford City School District,school_district,2022,0102635_school_district
0102640,Ozark City School District,school_district,2022,0102640_school_district
0102650,Pell City City School District,school_district,2022,0102650_school_district
0102670,Perry County School District,school_district,2022,0102670_school_district
0102700,Phenix City City School District,school_district,2022,0102700_school_district
0102730,Pickens County School District,school_district,2022,0102730_school_district
0102760,Piedmont City School District,school_district,2022,0102760_school_district
0102790,Pike County School District,school_district,2022,0102790_school_district
0102820,Randolph County School District,school_district,2022,0102820_school_district
0102850,Roanoke City School District,school_district,2022,0102850_school_district
0102880,Russell County School District,school_district,2022,0102880_school_district
0102910,Russellville City School District,school_district,2022,0102910_school_district
0102940,Scottsboro City School District,school_district,2022,0102940_school_district
0102970,Selma City School District,school_district,2022,0102970_school_district
0103000,Sheffield City School District,school_district,2022,0103000_school_district
0103030,Shelby County School District,school_district,2022,0103030_school_district
0103062,St. Clair County School District,school_district,2022,0103062_school_district
0103090,Sumter County School District,school_district,2022,0103090_school_district
0103120,Sylacauga City School District,school_district,2022,0103120_school_district
0103150,Talladega City School District,school_district,2022,0103150_school_district
0103180,Talladega County School District,school_district,2022,0103180_school_district
0103210,Tallapoosa County School District,school_district,2022,0103210_school_district
0103240,Tallassee City School District,school_district,2022,0103240_school_district
0103270,Tarrant City School District,school_district,2022,0103270_school_district
0103300,Thomasville City School District,school_district,2022,0103300_school_district
0103330,Troy City School District,school_district,2022,0103330_school_district
0103360,Tuscaloosa City School District,school_district,2022,0103360_school_district
0103390,Tuscaloosa County School District,school_district,2022,0103390_school_district
0103420,Tuscumbia City School District,school_district,2022,0103420_school_district
0103430,Vestavia Hills City School District,school_district,2022,0103430_school_district
0103450,Walker County School District,school_district,2022,0103450_school_district
0103480,Washington County School District,school_district,2022,0103480_school_district
0103510,Wilcox County School District,school_district,2022,0103510_school_district
0103540,Winfield City School District,school_district,2022,0103540_school_district
0103580,Winston County School District,school_district,2022,0103580_school_district
2800185,West Bolivar Consolidated School District,school_district,2022,2800185_school_district
2800186,North Bolivar Consolidated School District,school_district,2022,2800186_school_district
2800187,Sunflower County Consolidated School District,school_district,2022,2800187_school_district
2800189,Starkville Oktibbeha Consolidated School District,school_district,2022,2800189_school_district
2800198,Greenwood-Leflore Consolidated School District,school_district,2022,2800198_school_district
2800390,Alcorn School District,school_district,2022,2800390_school_district
2800540,Baldwyn School District,school_district,2022,2800540_school_district
2800570,Bay St. Louis-Waveland School District,school_district,2022,2800570_school_district
2800630,Biloxi Public School District,school_district,2022,2800630_school_district
2800820,Booneville School District,school_district,2022,2800820_school_district
2800900,Canton Public School District,school_district,2022,2800900_school_district
2801050,Clarksdale Municipal School District,school_district,2022,2801050_school_district
2801090,Clinton Public School District,school_district,2022,2801090_school_district
2801110,Coahoma County School District,school_district,2022,2801110_school_district
2801140,Coffeeville School District,school_district,2022,2801140_school_district
2801200,Columbus Municipal School District,school_district,2022,2801200_school_district
2801260,Corinth School District,school_district,2022,2801260_school_district
2801290,Covington County School District,school_district,2022,2801290_school_district
2801320,DeSoto County School District,school_district,2022,2801320_school_district
2801410,East Tallahatchie School District,school_district,2022,2801410_school_district
2801560,George County School District,school_district,2022,2801560_school_district
2801740,Hancock County School District,school_district,2022,2801740_school_district
2801800,Hattiesburg Public School District,school_district,2022,2801800_school_district
2801860,Hinds County School District,school_district,2022,2801860_school_district
2802040,Humphreys County School District,school_district,2022,2802040_school_district
2802250,Jefferson Davis County School District,school_district,2022,2802250_school_district
2802280,Jones County School District,school_district,2022,2802280_school_district
2802310,Kemper County School District,school_district,2022,2802310_school_district
2802430,Lauderdale County School District,school_district,2022,2802430_school_district
2802670,Long Beach School District,school_district,2022,2802670_school_district
2802730,Lowndes County School District,school_district,2022,2802730_school_district
2803000,Moss Point School District,school_district,2022,2803000_school_district
2803030,Natchez-Adams School District,school_district,2022,2803030_school_district
2803090,Nettleton School District,school_district,2022,2803090_school_district
2803120,New Albany Public Schools,school_district,2022,2803120_school_district
2803510,Pass Christian Public School District,school_district,2022,2803510_school_district
2803520,Pearl Public School District,school_district,2022,2803520_school_district
2803630,Picayune School District,school_district,2022,2803630_school_district
2803660,Pontotoc County Schools,school_district,2022,2803660_school_district
2803690,Pontotoc City Schools,school_district,2022,2803690_school_district
2803750,Prentiss County School District,school_district,2022,2803750_school_district
2804050,South Panola School District,school_district,2022,2804050_school_district
2804230,Tate County School District,school_district,2022,2804230_school_district
2804260,Tishomingo County Schools,school_district,2022,2804260_school_district
2804290,Tunica County School District,school_district,2022,2804290_school_district
2804320,Tupelo Public School District,school_district,2022,2804320_school_district
2804380,Union Public School District,school_district,2022,2804380_school_district
2804770,Yazoo City Municipal School District,school_district,2022,2804770_school_district
2804800,Yazoo County School District,school_district,2022,2804800_school_district
2804710,Wilkinson County School District,school_district,2022,2804710_school_district
2800191,West Point Consolidated School District,school_district,2022,2800191_school_district
2800195,Holmes County Consolidated School District,school_district,2022,2800195_school_district
2800196,Winona-Montgomery County Consolidated School District,school_district,2022,2800196_school_district
2800200,Chickasaw County School District,school_district,2022,2800200_school_district
2800360,Aberdeen School District,school_district,2022,2800360_school_district
2800450,Amory School District,school_district,2022,2800450_school_district
2800420,Amite County School District,school_district,2022,2800420_school_district
2800510,Attala County School District,school_district,2022,2800510_school_district
2800600,Benton County School District,school_district,2022,2800600_school_district
2800750,Cleveland School District,school_district,2022,2800750_school_district
2800840,Brookhaven School District,school_district,2022,2800840_school_district
2802640,Lincoln County School District,school_district,2022,2802640_school_district
2800870,Calhoun County School District,school_district,2022,2800870_school_district
2800930,Carroll County School District,school_district,2022,2800930_school_district
2800990,Choctaw County School District,school_district,2022,2800990_school_district
2801020,Claiborne County School District,school_district,2022,2801020_school_district
2801170,Columbia School District,school_district,2022,2801170_school_district
2801220,Copiah County School District,school_district,2022,2801220_school_district
2801380,East Jasper School District,school_district,2022,2801380_school_district
2801440,Enterprise School District,school_district,2022,2801440_school_district
2803780,Quitman School District,school_district,2022,2803780_school_district
2801470,Forest Municipal School District,school_district,2022,2801470_school_district
2801490,Forrest County Schools,school_district,2022,2801490_school_district
2803530,Petal School District,school_district,2022,2803530_school_district
2801530,Franklin County School District,school_district,2022,2801530_school_district
2801590,Greene County School District,school_district,2022,2801590_school_district
2801620,Greenville Public School District,school_district,2022,2801620_school_district
2804350,Union County School District,school_district,2022,2804350_school_district
2804530,Wayne County School District,school_district,2022,2804530_school_district
2801680,Grenada School District,school_district,2022,2801680_school_district
2801710,Gulfport School District,school_district,2022,2801710_school_district
2801770,Harrison County School District,school_district,2022,2801770_school_district
2801830,Hazlehurst City School District,school_district,2022,2801830_school_district
2801890,Hollandale School District,school_district,2022,2801890_school_district
2801950,Holly Springs School District,school_district,2022,2801950_school_district
2802100,Itawamba County School District,school_district,2022,2802100_school_district
2802160,Jackson County School District,school_district,2022,2802160_school_district
2803480,Pascagoula-Gautier School District,school_district,2022,2803480_school_district
2802190,Jackson Public School District,school_district,2022,2802190_school_district
2802220,Jefferson County School District,school_district,2022,2802220_school_district
2802340,Kosciusko School District,school_district,2022,2802340_school_district
2802370,Lafayette County School District,school_district,2022,2802370_school_district
2802400,Lamar County School District,school_district,2022,2802400_school_district
2802700,Louisville Municipal School District,school_district,2022,2802700_school_district
2802460,Laurel School District,school_district,2022,2802460_school_district
2802490,Lawrence County School District,school_district,2022,2802490_school_district
2802520,Leake County School District,school_district,2022,2802520_school_district
2802550,Lee County School District,school_district,2022,2802550_school_district
2802610,Leland School District,school_district,2022,2802610_school_district
2804680,Western Line School District,school_district,2022,2804680_school_district
2802790,Madison County School District,school_district,2022,2802790_school_district
2802820,Marion County School District,school_district,2022,2802820_school_district
2802850,Marshall County School District,school_district,2022,2802850_school_district
2802880,McComb School District,school_district,2022,2802880_school_district
2802910,Meridian Public School District,school_district,2022,2802910_school_district
2802940,Monroe County School District,school_district,2022,2802940_school_district
2803060,Neshoba County School District,school_district,2022,2803060_school_district
2803150,Newton County School District,school_district,2022,2803150_school_district
2803180,Newton Municipal School,school_district,2022,2803180_school_district
2803210,North Panola School District,school_district,2022,2803210_school_district
2803240,North Pike School District,school_district,2022,2803240_school_district
2804080,South Pike School District,school_district,2022,2804080_school_district
2803270,North Tippah School District,school_district,2022,2803270_school_district
2804110,South Tippah School District,school_district,2022,2804110_school_district
2803300,Noxubee County School District,school_district,2022,2803300_school_district
2803360,Ocean Springs School District,school_district,2022,2803360_school_district
2803390,Okolona Separate School District,school_district,2022,2803390_school_district
2803450,Oxford School District,school_district,2022,2803450_school_district
2803540,Pearl River County School District,school_district,2022,2803540_school_district
2803720,Poplarville Separate School District,school_district,2022,2803720_school_district
2803570,Perry County Schools,school_district,2022,2803570_school_district
2803870,Richton School District,school_district,2022,2803870_school_district
2803600,Philadelphia Public School District,school_district,2022,2803600_school_district
2803810,Quitman County School District,school_district,2022,2803810_school_district
2803830,Rankin County School District,school_district,2022,2803830_school_district
2803900,Scott County School District,school_district,2022,2803900_school_district
2803930,Senatobia Municipal School District,school_district,2022,2803930_school_district
2803960,South Delta School District,school_district,2022,2803960_school_district
2803990,Simpson County School District,school_district,2022,2803990_school_district
2804020,Smith County School District,school_district,2022,2804020_school_district
2804170,Stone County School District,school_district,2022,2804170_school_district
2804440,Walthall County School District,school_district,2022,2804440_school_district
2804470,Vicksburg Warren School District,school_district,2022,2804470_school_district
2804500,Water Valley School District,school_district,2022,2804500_school_district
2804560,Webster County School District,school_district,2022,2804560_school_district
2804590,West Jasper School District,school_district,2022,2804590_school_district
2804650,West Tallahatchie School,school_district,2022,2804650_school_district
01027,State Senate District 27,sldu,2021,01027_sldu
01034,State Senate District 34,sldu,2021,01034_sldu
01017,State Senate District 17,sldu,2021,01017_sldu
01006,State Senate District 6,sldu,2021,01006_sldu
01031,State Senate District 31,sldu,2021,01031_sldu
01020,State Senate District 20,sldu,2021,01020_sldu
01026,State Senate District 26,sldu,2021,01026_sldu
01014,State Senate District 14,sldu,2021,01014_sldu
01021,State Senate District 21,sldu,2021,01021_sldu
01007,State Senate District 7,sldu,2021,01007_sldu
01009,State Senate District 9,sldu,2021,01009_sldu
01033,State Senate District 33,sldu,2021,01033_sldu
01019,State Senate District 19,sldu,2021,01019_sldu
01025,State Senate District 25,sldu,2021,01025_sldu
01004,State Senate District 4,sldu,2021,01004_sldu
01028,State Senate District 28,sldu,2021,01028_sldu
01012,State Senate District 12,sldu,2021,01012_sldu
01035,State Senate District 35,sldu,2021,01035_sldu
01001,State Senate District 1,sldu,2021,01001_sldu
01013,State Senate District 13,sldu,2021,01013_sldu
01023,State Senate District 23,sldu,2021,01023_sldu
01002,State Senate District 2,sldu,2021,01002_sldu
01011,State Senate District 11,sldu,2021,01011_sldu
01032,State Senate District 32,sldu,2021,01032_sldu
01018,State Senate District 18,sldu,2021,01018_sldu
01003,State Senate District 3,sldu,2021,01003_sldu
01029,State Senate District 29,sldu,2021,01029_sldu
01010,State Senate District 10,sldu,2021,01010_sldu
01008,State Senate District 8,sldu,2021,01008_sldu
01022,State Senate District 22,sldu,2021,01022_sldu
01015,State Senate District 15,sldu,2021,01015_sldu
01005,State Senate District 5,sldu,2021,01005_sldu
01030,State Senate District 30,sldu,2021,01030_sldu
01024,State Senate District 24,sldu,2021,01024_sldu
01016,State Senate District 16,sldu,2021,01016_sldu
01076,State House District 76,sldl,2021,01076_sldl
01003,State House District 3,sldl,2021,01003_sldl
01073,State House District 73,sldl,2021,01073_sldl
01088,State House District 88,sldl,2021,01088_sldl
01085,State House District 85,sldl,2021,01085_sldl
01063,State House District 63,sldl,2021,01063_sldl
01068,State House District 68,sldl,2021,01068_sldl
01024,State House District 24,sldl,2021,01024_sldl
01046,State House District 46,sldl,2021,01046_sldl
01017,State House District 17,sldl,2021,01017_sldl
01075,State House District 75,sldl,2021,01075_sldl
01031,State House District 31,sldl,2021,01031_sldl
01056,State House District 56,sldl,2021,01056_sldl
01094,State House District 94,sldl,2021,01094_sldl
01102,State House District 102,sldl,2021,01102_sldl
01087,State House District 87,sldl,2021,01087_sldl
01043,State House District 43,sldl,2021,01043_sldl
01069,State House District 69,sldl,2021,01069_sldl
01040,State House District 40,sldl,2021,01040_sldl
01103,State House District 103,sldl,2021,01103_sldl
01019,State House District 19,sldl,2021,01019_sldl
01062,State House District 62,sldl,2021,01062_sldl
01047,State House District 47,sldl,2021,01047_sldl
01035,State House District 35,sldl,2021,01035_sldl
01001,State House District 1,sldl,2021,01001_sldl
01067,State House District 67,sldl,2021,01067_sldl
01089,State House District 89,sldl,2021,01089_sldl
01101,State House District 101,sldl,2021,01101_sldl
01060,State House District 60,sldl,2021,01060_sldl
01095,State House District 95,sldl,2021,01095_sldl
01080,State House District 80,sldl,2021,01080_sldl
01074,State House District 74,sldl,2021,01074_sldl
01030,State House District 30,sldl,2021,01030_sldl
01100,State House District 100,sldl,2021,01100_sldl
01052,State House District 52,sldl,2021,01052_sldl
01096,State House District 96,sldl,2021,01096_sldl
01078,State House District 78,sldl,2021,01078_sldl
01034,State House District 34,sldl,2021,01034_sldl
01053,State House District 53,sldl,2021,01053_sldl
01105,State House District 105,sldl,2021,01105_sldl
01042,State House District 42,sldl,2021,01042_sldl
01014,State House District 14,sldl,2021,01014_sldl
01059,State House District 59,sldl,2021,01059_sldl
01037,State House District 37,sldl,2021,01037_sldl
01009,State House District 9,sldl,2021,01009_sldl
01033,State House District 33,sldl,2021,01033_sldl
01099,State House District 99,sldl,2021,01099_sldl
01058,State House District 58,sldl,2021,01058_sldl
01104,State House District 104,sldl,2021,01104_sldl
01028,State House District 28,sldl,2021,01028_sldl
01057,State House District 57,sldl,2021,01057_sldl
01011,State House District 11,sldl,2021,01011_sldl
01032,State House District 32,sldl,2021,01032_sldl
01061,State House District 61,sldl,2021,01061_sldl
01018,State House District 18,sldl,2021,01018_sldl
01029,State House District 29,sldl,2021,01029_sldl
01015,State House District 15,sldl,2021,01015_sldl
01007,State House District 7,sldl,2021,01007_sldl
01048,State House District 48,sldl,2021,01048_sldl
01036,State House District 36,sldl,2021,01036_sldl
01077,State House District 77,sldl,2021,01077_sldl
01055,State House District 55,sldl,2021,01055_sldl
01004,State House District 4,sldl,2021,01004_sldl
01092,State House District 92,sldl,2021,01092_sldl
01081,State House District 81,sldl,2021,01081_sldl
01038,State House District 38,sldl,2021,01038_sldl
01093,State House District 93,sldl,2021,01093_sldl
01090,State House District 90,sldl,2021,01090_sldl
01039,State House District 39,sldl,2021,01039_sldl
01002,State House District 2,sldl,2021,01002_sldl
01023,State House District 23,sldl,2021,01023_sldl
01013,State House District 13,sldl,2021,01013_sldl
01082,State House District 82,sldl,2021,01082_sldl
01054,State House District 54,sldl,2021,01054_sldl
01098,State House District 98,sldl,2021,01098_sldl
01083,State House District 83,sldl,2021,01083_sldl
01066,State House District 66,sldl,2021,01066_sldl
01051,State House District 51,sldl,2021,01051_sldl
01010,State House District 10,sldl,2021,01010_sldl
01008,State House District 8,sldl,2021,01008_sldl
01022,State House District 22,sldl,2021,01022_sldl
01005,State House District 5,sldl,2021,01005_sldl
01027,State House District 27,sldl,2021,01027_sldl
01097,State House District 97,sldl,2021,01097_sldl
01086,State House District 86,sldl,2021,01086_sldl
01049,State House District 49,sldl,2021,01049_sldl
01079,State House District 79,sldl,2021,01079_sldl
01064,State House District 64,sldl,2021,01064_sldl
01006,State House District 6,sldl,2021,01006_sldl
01020,State House District 20,sldl,2021,01020_sldl
01050,State House District 50,sldl,2021,01050_sldl
01072,State House District 72,sldl,2021,01072_sldl
01021,State House District 21,sldl,2021,01021_sldl
01065,State House District 65,sldl,2021,01065_sldl
01084,State House District 84,sldl,2021,01084_sldl
01025,State House District 25,sldl,2021,01025_sldl
01091,State House District 91,sldl,2021,01091_sldl
01070,State House District 70,sldl,2021,01070_sldl
01012,State House District 12,sldl,2021,01012_sldl
01045,State House District 45,sldl,2021,01045_sldl
01026,State House District 26,sldl,2021,01026_sldl
01071,State House District 71,sldl,2021,01071_sldl
01044,State House District 44,sldl,2021,01044_sldl
01041,State House District 41,sldl,2021,01041_sldl
01016,State House District 16,sldl,2021,01016_sldl
28049,State Senate District 49,sldu,2021,28049_sldu
28017,State Senate District 17,sldu,2021,28017_sldu
28006,State Senate District 6,sldu,2021,28006_sldu
28020,State Senate District 20,sldu,2021,28020_sldu
28031,State Senate District 31,sldu,2021,28031_sldu
28050,State Senate District 50,sldu,2021,28050_sldu
28021,State Senate District 21,sldu,2021,28021_sldu
28043,State Senate District 43,sldu,2021,28043_sldu
28040,State Senate District 40,sldu,2021,28040_sldu
28019,State Senate District 19,sldu,2021,28019_sldu
28047,State Senate District 47,sldu,2021,28047_sldu
28025,State Senate District 25,sldu,2021,28025_sldu
28012,State Senate District 12,sldu,2021,28012_sldu
28001,State Senate District 1,sldu,2021,28001_sldu
28035,State Senate District 35,sldu,2021,28035_sldu
28045,State Senate District 45,sldu,2021,28045_sldu
28013,State Senate District 13,sldu,2021,28013_sldu
28023,State Senate District 23,sldu,2021,28023_sldu
28051,State Senate District 51,sldu,2021,28051_sldu
28010,State Senate District 10,sldu,2021,28010_sldu
28008,State Senate District 8,sldu,2021,28008_sldu
28022,State Senate District 22,sldu,2021,28022_sldu
28005,State Senate District 5,sldu,2021,28005_sldu
28030,State Senate District 30,sldu,2021,28030_sldu
28052,State Senate District 52,sldu,2021,28052_sldu
28027,State Senate District 27,sldu,2021,28027_sldu
28034,State Senate District 34,sldu,2021,28034_sldu
28042,State Senate District 42,sldu,2021,28042_sldu
28014,State Senate District 14,sldu,2021,28014_sldu
28026,State Senate District 26,sldu,2021,28026_sldu
28048,State Senate District 48,sldu,2021,28048_sldu
28007,State Senate District 7,sldu,2021,28007_sldu
28037,State Senate District 37,sldu,2021,28037_sldu
28009,State Senate District 9,sldu,2021,28009_sldu
28033,State Senate District 33,sldu,2021,28033_sldu
28036,State Senate District 36,sldu,2021,28036_sldu
28004,State Senate District 4,sldu,2021,28004_sldu
28028,State Senate District 28,sldu,2021,28028_sldu
28038,State Senate District 38,sldu,2021,28038_sldu
28002,State Senate District 2,sldu,2021,28002_sldu
28039,State Senate District 39,sldu,2021,28039_sldu
28011,State Senate District 11,sldu,2021,28011_sldu
28032,State Senate District 32,sldu,2021,28032_sldu
28018,State Senate District 18,sldu,2021,28018_sldu
28003,State Senate District 3,sldu,2021,28003_sldu
28029,State Senate District 29,sldu,2021,28029_sldu
28015,State Senate District 15,sldu,2021,28015_sldu
28044,State Senate District 44,sldu,2021,28044_sldu
28024,State Senate District 24,sldu,2021,28024_sldu
28041,State Senate District 41,sldu,2021,28041_sldu
28046,State Senate District 46,sldu,2021,28046_sldu
28016,State Senate District 16,sldu,2021,28016_sldu
28020,State House District 20,sldl,2021,28020_sldl
28050,State House District 50,sldl,2021,28050_sldl
28115,State House District 115,sldl,2021,28115_sldl
28072,State House District 72,sldl,2021,28072_sldl
28049,State House District 49,sldl,2021,28049_sldl
28079,State House District 79,sldl,2021,28079_sldl
28064,State House District 64,sldl,2021,28064_sldl
28006,State House District 6,sldl,2021,28006_sldl
28118,State House District 118,sldl,2021,28118_sldl
28021,State House District 21,sldl,2021,28021_sldl
28091,State House District 91,sldl,2021,28091_sldl
28070,State House District 70,sldl,2021,28070_sldl
28012,State House District 12,sldl,2021,28012_sldl
28065,State House District 65,sldl,2021,28065_sldl
28025,State House District 25,sldl,2021,28025_sldl
28084,State House District 84,sldl,2021,28084_sldl
28038,State House District 38,sldl,2021,28038_sldl
28090,State House District 90,sldl,2021,28090_sldl
28093,State House District 93,sldl,2021,28093_sldl
28039,State House District 39,sldl,2021,28039_sldl
28002,State House District 2,sldl,2021,28002_sldl
28114,State House District 114,sldl,2021,28114_sldl
28071,State House District 71,sldl,2021,28071_sldl
28076,State House District 76,sldl,2021,28076_sldl
28003,State House District 3,sldl,2021,28003_sldl
28106,State House District 106,sldl,2021,28106_sldl
28073,State House District 73,sldl,2021,28073_sldl
28088,State House District 88,sldl,2021,28088_sldl
28107,State House District 107,sldl,2021,28107_sldl
28085,State House District 85,sldl,2021,28085_sldl
28063,State House District 63,sldl,2021,28063_sldl
28068,State House District 68,sldl,2021,28068_sldl
28110,State House District 110,sldl,2021,28110_sldl
28024,State House District 24,sldl,2021,28024_sldl
28046,State House District 46,sldl,2021,28046_sldl
28017,State House District 17,sldl,2021,28017_sldl
28075,State House District 75,sldl,2021,28075_sldl
28031,State House District 31,sldl,2021,28031_sldl
28056,State House District 56,sldl,2021,28056_sldl
28094,State House District 94,sldl,2021,28094_sldl
28102,State House District 102,sldl,2021,28102_sldl
28087,State House District 87,sldl,2021,28087_sldl
28043,State House District 43,sldl,2021,28043_sldl
28040,State House District 40,sldl,2021,28040_sldl
28069,State House District 69,sldl,2021,28069_sldl
28103,State House District 103,sldl,2021,28103_sldl
28112,State House District 112,sldl,2021,28112_sldl
28019,State House District 19,sldl,2021,28019_sldl
28062,State House District 62,sldl,2021,28062_sldl
28047,State House District 47,sldl,2021,28047_sldl
28121,State House District 121,sldl,2021,28121_sldl
28035,State House District 35,sldl,2021,28035_sldl
28001,State House District 1,sldl,2021,28001_sldl
28120,State House District 120,sldl,2021,28120_sldl
28113,State House District 113,sldl,2021,28113_sldl
28067,State House District 67,sldl,2021,28067_sldl
28089,State House District 89,sldl,2021,28089_sldl
28101,State House District 101,sldl,2021,28101_sldl
28060,State House District 60,sldl,2021,28060_sldl
28111,State House District 111,sldl,2021,28111_sldl
28095,State House District 95,sldl,2021,28095_sldl
28080,State House District 80,sldl,2021,28080_sldl
28074,State House District 74,sldl,2021,28074_sldl
28030,State House District 30,sldl,2021,28030_sldl
28100,State House District 100,sldl,2021,28100_sldl
28052,State House District 52,sldl,2021,28052_sldl
28096,State House District 96,sldl,2021,28096_sldl
28078,State House District 78,sldl,2021,28078_sldl
28053,State House District 53,sldl,2021,28053_sldl
28034,State House District 34,sldl,2021,28034_sldl
28105,State House District 105,sldl,2021,28105_sldl
28042,State House District 42,sldl,2021,28042_sldl
28014,State House District 14,sldl,2021,28014_sldl
28059,State House District 59,sldl,2021,28059_sldl
28037,State House District 37,sldl,2021,28037_sldl
28009,State House District 9,sldl,2021,28009_sldl
28033,State House District 33,sldl,2021,28033_sldl
28099,State House District 99,sldl,2021,28099_sldl
28058,State House District 58,sldl,2021,28058_sldl
28104,State House District 104,sldl,2021,28104_sldl
28028,State House District 28,sldl,2021,28028_sldl
28057,State House District 57,sldl,2021,28057_sldl
28119,State House District 119,sldl,2021,28119_sldl
28109,State House District 109,sldl,2021,28109_sldl
28011,State House District 11,sldl,2021,28011_sldl
28032,State House District 32,sldl,2021,28032_sldl
28061,State House District 61,sldl,2021,28061_sldl
28018,State House District 18,sldl,2021,28018_sldl
28108,State House District 108,sldl,2021,28108_sldl
28029,State House District 29,sldl,2021,28029_sldl
28116,State House District 116,sldl,2021,28116_sldl
28015,State House District 15,sldl,2021,28015_sldl
28044,State House District 44,sldl,2021,28044_sldl
28041,State House District 41,sldl,2021,28041_sldl
28016,State House District 16,sldl,2021,28016_sldl
28045,State House District 45,sldl,2021,28045_sldl
28013,State House District 13,sldl,2021,28013_sldl
28023,State House District 23,sldl,2021,28023_sldl
28082,State House District 82,sldl,2021,28082_sldl
28054,State House District 54,sldl,2021,28054_sldl
28098,State House District 98,sldl,2021,28098_sldl
28083,State House District 83,sldl,2021,28083_sldl
28066,State House District 66,sldl,2021,28066_sldl
28051,State House District 51,sldl,2021,28051_sldl
28010,State House District 10,sldl,2021,28010_sldl
28008,State House District 8,sldl,2021,28008_sldl
28022,State House District 22,sldl,2021,28022_sldl
28005,State House District 5,sldl,2021,28005_sldl
28117,State House District 117,sldl,2021,28117_sldl
28027,State House District 27,sldl,2021,28027_sldl
28097,State House District 97,sldl,2021,28097_sldl
28086,State House District 86,sldl,2021,28086_sldl
28026,State House District 26,sldl,2021,28026_sldl
28122,State House District 122,sldl,2021,28122_sldl
28007,State House District 7,sldl,2021,28007_sldl
28048,State House District 48,sldl,2021,28048_sldl
28036,State House District 36,sldl,2021,28036_sldl
28077,State House District 77,sldl,2021,28077_sldl
28055,State House District 55,sldl,2021,28055_sldl
28004,State House District 4,sldl,2021,28004_sldl
28092,State House District 92,sldl,2021,28092_sldl
28081,State House District 81,sldl,2021,28081_sldl
01001,State Senate District 1,sldu,2022,01001_sldu
01002,State Senate District 2,sldu,2022,01002_sldu
01004,State Senate District 4,sldu,2022,01004_sldu
01005,State Senate District 5,sldu,2022,01005_sldu
01007,State Senate District 7,sldu,2022,01007_sldu
01008,State Senate District 8,sldu,2022,01008_sldu
01025,State Senate District 25,sldu,2022,01025_sldu
01012,State Senate District 12,sldu,2022,01012_sldu
01013,State Senate District 13,sldu,2022,01013_sldu
01015,State Senate District 15,sldu,2022,01015_sldu
01016,State Senate District 16,sldu,2022,01016_sldu
01018,State Senate District 18,sldu,2022,01018_sldu
01030,State Senate District 30,sldu,2022,01030_sldu
01034,State Senate District 34,sldu,2022,01034_sldu
01021,State Senate District 21,sldu,2022,01021_sldu
01022,State Senate District 22,sldu,2022,01022_sldu
01024,State Senate District 24,sldu,2022,01024_sldu
01026,State Senate District 26,sldu,2022,01026_sldu
01028,State Senate District 28,sldu,2022,01028_sldu
01029,State Senate District 29,sldu,2022,01029_sldu
01010,State Senate District 10,sldu,2022,01010_sldu
01035,State Senate District 35,sldu,2022,01035_sldu
01019,State Senate District 19,sldu,2022,01019_sldu
01003,State Senate District 3,sldu,2022,01003_sldu
01027,State Senate District 27,sldu,2022,01027_sldu
01006,State Senate District 6,sldu,2022,01006_sldu
01009,State Senate District 9,sldu,2022,01009_sldu
01031,State Senate District 31,sldu,2022,01031_sldu
01033,State Senate District 33,sldu,2022,01033_sldu
01032,State Senate District 32,sldu,2022,01032_sldu
01011,State Senate District 11,sldu,2022,01011_sldu
01014,State Senate District 14,sldu,2022,01014_sldu
01017,State Senate District 17,sldu,2022,01017_sldu
01020,State Senate District 20,sldu,2022,01020_sldu
01023,State Senate District 23,sldu,2022,01023_sldu
01037,State House District 37,sldl,2022,01037_sldl
01039,State House District 39,sldl,2022,01039_sldl
01041,State House District 41,sldl,2022,01041_sldl
01042,State House District 42,sldl,2022,01042_sldl
01043,State House District 43,sldl,2022,01043_sldl
01045,State House District 45,sldl,2022,01045_sldl
01049,State House District 49,sldl,2022,01049_sldl
01052,State House District 52,sldl,2022,01052_sldl
01053,State House District 53,sldl,2022,01053_sldl
01054,State House District 54,sldl,2022,01054_sldl
01058,State House District 58,sldl,2022,01058_sldl
01002,State House District 2,sldl,2022,01002_sldl
01006,State House District 6,sldl,2022,01006_sldl
01007,State House District 7,sldl,2022,01007_sldl
01009,State House District 9,sldl,2022,01009_sldl
01010,State House District 10,sldl,2022,01010_sldl
01015,State House District 15,sldl,2022,01015_sldl
01017,State House District 17,sldl,2022,01017_sldl
01018,State House District 18,sldl,2022,01018_sldl
01020,State House District 20,sldl,2022,01020_sldl
01023,State House District 23,sldl,2022,01023_sldl
01027,State House District 27,sldl,2022,01027_sldl
01028,State House District 28,sldl,2022,01028_sldl
01080,State House District 80,sldl,2022,01080_sldl
01082,State House District 82,sldl,2022,01082_sldl
01083,State House District 83,sldl,2022,01083_sldl
01061,State House District 61,sldl,2022,01061_sldl
01063,State House District 63,sldl,2022,01063_sldl
01064,State House District 64,sldl,2022,01064_sldl
01068,State House District 68,sldl,2022,01068_sldl
01070,State House District 70,sldl,2022,01070_sldl
01072,State House District 72,sldl,2022,01072_sldl
01073,State House District 73,sldl,2022,01073_sldl
01078,State House District 78,sldl,2022,01078_sldl
01088,State House District 88,sldl,2022,01088_sldl
01090,State House District 90,sldl,2022,01090_sldl
01093,State House District 93,sldl,2022,01093_sldl
01094,State House District 94,sldl,2022,01094_sldl
01097,State House District 97,sldl,2022,01097_sldl
01029,State House District 29,sldl,2022,01029_sldl
01030,State House District 30,sldl,2022,01030_sldl
01031,State House District 31,sldl,2022,01031_sldl
01033,State House District 33,sldl,2022,01033_sldl
01034,State House District 34,sldl,2022,01034_sldl
01035,State House District 35,sldl,2022,01035_sldl
01098,State House District 98,sldl,2022,01098_sldl
01099,State House District 99,sldl,2022,01099_sldl
01102,State House District 102,sldl,2022,01102_sldl
01105,State House District 105,sldl,2022,01105_sldl
01079,State House District 79,sldl,2022,01079_sldl
01086,State House District 86,sldl,2022,01086_sldl
01003,State House District 3,sldl,2022,01003_sldl
01014,State House District 14,sldl,2022,01014_sldl
01024,State House District 24,sldl,2022,01024_sldl
01038,State House District 38,sldl,2022,01038_sldl
01040,State House District 40,sldl,2022,01040_sldl
01044,State House District 44,sldl,2022,01044_sldl
01051,State House District 51,sldl,2022,01051_sldl
01057,State House District 57,sldl,2022,01057_sldl
01067,State House District 67,sldl,2022,01067_sldl
01101,State House District 101,sldl,2022,01101_sldl
01076,State House District 76,sldl,2022,01076_sldl
01087,State House District 87,sldl,2022,01087_sldl
01004,State House District 4,sldl,2022,01004_sldl
01012,State House District 12,sldl,2022,01012_sldl
01022,State House District 22,sldl,2022,01022_sldl
01096,State House District 96,sldl,2022,01096_sldl
01056,State House District 56,sldl,2022,01056_sldl
01069,State House District 69,sldl,2022,01069_sldl
01071,State House District 71,sldl,2022,01071_sldl
01075,State House District 75,sldl,2022,01075_sldl
01091,State House District 91,sldl,2022,01091_sldl
01089,State House District 89,sldl,2022,01089_sldl
01021,State House District 21,sldl,2022,01021_sldl
01047,State House District 47,sldl,2022,01047_sldl
01060,State House District 60,sldl,2022,01060_sldl
01104,State House District 104,sldl,2022,01104_sldl
01077,State House District 77,sldl,2022,01077_sldl
01081,State House District 81,sldl,2022,01081_sldl
01084,State House District 84,sldl,2022,01084_sldl
01001,State House District 1,sldl,2022,01001_sldl
01005,State House District 5,sldl,2022,01005_sldl
01008,State House District 8,sldl,2022,01008_sldl
01092,State House District 92,sldl,2022,01092_sldl
01095,State House District 95,sldl,2022,01095_sldl
01011,State House District 11,sldl,2022,01011_sldl
01016,State House District 16,sldl,2022,01016_sldl
01019,State House District 19,sldl,2022,01019_sldl
01025,State House District 25,sldl,2022,01025_sldl
01036,State House District 36,sldl,2022,01036_sldl
01048,State House District 48,sldl,2022,01048_sldl
01050,State House District 50,sldl,2022,01050_sldl
01055,State House District 55,sldl,2022,01055_sldl
01059,State House District 59,sldl,2022,01059_sldl
01062,State House District 62,sldl,2022,01062_sldl
01066,State House District 66,sldl,2022,01066_sldl
01100,State House District 100,sldl,2022,01100_sldl
01103,State House District 103,sldl,2022,01103_sldl
01074,State House District 74,sldl,2022,01074_sldl
01085,State House District 85,sldl,2022,01085_sldl
01013,State House District 13,sldl,2022,01013_sldl
01026,State House District 26,sldl,2022,01026_sldl
01032,State House District 32,sldl,2022,01032_sldl
01046,State House District 46,sldl,2022,01046_sldl
01065,State House District 65,sldl,2022,01065_sldl
28004,State Senate District 4,sldu,2022,28004_sldu
28007,State Senate District 7,sldu,2022,28007_sldu
28009,State Senate District 9,sldu,2022,28009_sldu
28010,State Senate District 10,sldu,2022,28010_sldu
28012,State Senate District 12,sldu,2022,28012_sldu
28014,State Senate District 14,sldu,2022,28014_sldu
28016,State Senate District 16,sldu,2022,28016_sldu
28017,State Senate District 17,sldu,2022,28017_sldu
28020,State Senate District 20,sldu,2022,28020_sldu
28021,State Senate District 21,sldu,2022,28021_sldu
28047,State Senate District 47,sldu,2022,28047_sldu
28048,State Senate District 48,sldu,2022,28048_sldu
28049,State Senate District 49,sldu,2022,28049_sldu
28052,State Senate District 52,sldu,2022,28052_sldu
28023,State Senate District 23,sldu,2022,28023_sldu
28027,State Senate District 27,sldu,2022,28027_sldu
28029,State Senate District 29,sldu,2022,28029_sldu
28031,State Senate District 31,sldu,2022,28031_sldu
28032,State Senate District 32,sldu,2022,28032_sldu
28035,State Senate District 35,sldu,2022,28035_sldu
28038,State Senate District 38,sldu,2022,28038_sldu
28042,State Senate District 42,sldu,2022,28042_sldu
28043,State Senate District 43,sldu,2022,28043_sldu
28044,State Senate District 44,sldu,2022,28044_sldu
28046,State Senate District 46,sldu,2022,28046_sldu
28030,State Senate District 30,sldu,2022,28030_sldu
28036,State Senate District 36,sldu,2022,28036_sldu
28002,State Senate District 2,sldu,2022,28002_sldu
28050,State Senate District 50,sldu,2022,28050_sldu
28026,State Senate District 26,sldu,2022,28026_sldu
28039,State Senate District 39,sldu,2022,28039_sldu
28005,State Senate District 5,sldu,2022,28005_sldu
28033,State Senate District 33,sldu,2022,28033_sldu
28037,State Senate District 37,sldu,2022,28037_sldu
28040,State Senate District 40,sldu,2022,28040_sldu
28045,State Senate District 45,sldu,2022,28045_sldu
28003,State Senate District 3,sldu,2022,28003_sldu
28006,State Senate District 6,sldu,2022,28006_sldu
28008,State Senate District 8,sldu,2022,28008_sldu
28051,State Senate District 51,sldu,2022,28051_sldu
28011,State Senate District 11,sldu,2022,28011_sldu
28015,State Senate District 15,sldu,2022,28015_sldu
28019,State Senate District 19,sldu,2022,28019_sldu
28022,State Senate District 22,sldu,2022,28022_sldu
28028,State Senate District 28,sldu,2022,28028_sldu
28001,State Senate District 1,sldu,2022,28001_sldu
28013,State Senate District 13,sldu,2022,28013_sldu
28024,State Senate District 24,sldu,2022,28024_sldu
28034,State Senate District 34,sldu,2022,28034_sldu
28041,State Senate District 41,sldu,2022,28041_sldu
28018,State Senate District 18,sldu,2022,28018_sldu
28025,State Senate District 25,sldu,2022,28025_sldu
28100,State House District 100,sldl,2022,28100_sldl
28101,State House District 101,sldl,2022,28101_sldl
28015,State House District 15,sldl,2022,28015_sldl
28017,State House District 17,sldl,2022,28017_sldl
28019,State House District 19,sldl,2022,28019_sldl
28021,State House District 21,sldl,2022,28021_sldl
28024,State House District 24,sldl,2022,28024_sldl
28026,State House District 26,sldl,2022,28026_sldl
28028,State House District 28,sldl,2022,28028_sldl
28029,State House District 29,sldl,2022,28029_sldl
28032,State House District 32,sldl,2022,28032_sldl
28034,State House District 34,sldl,2022,28034_sldl
28036,State House District 36,sldl,2022,28036_sldl
28039,State House District 39,sldl,2022,28039_sldl
28041,State House District 41,sldl,2022,28041_sldl
28102,State House District 102,sldl,2022,28102_sldl
28105,State House District 105,sldl,2022,28105_sldl
28106,State House District 106,sldl,2022,28106_sldl
28108,State House District 108,sldl,2022,28108_sldl
28111,State House District 111,sldl,2022,28111_sldl
28113,State House District 113,sldl,2022,28113_sldl
28115,State House District 115,sldl,2022,28115_sldl
28117,State House District 117,sldl,2022,28117_sldl
28119,State House District 119,sldl,2022,28119_sldl
28121,State House District 121,sldl,2022,28121_sldl
28042,State House District 42,sldl,2022,28042_sldl
28044,State House District 44,sldl,2022,28044_sldl
28046,State House District 46,sldl,2022,28046_sldl
28048,State House District 48,sldl,2022,28048_sldl
28050,State House District 50,sldl,2022,28050_sldl
28052,State House District 52,sldl,2022,28052_sldl
28053,State House District 53,sldl,2022,28053_sldl
28055,State House District 55,sldl,2022,28055_sldl
28057,State House District 57,sldl,2022,28057_sldl
28060,State House District 60,sldl,2022,28060_sldl
28062,State House District 62,sldl,2022,28062_sldl
28064,State House District 64,sldl,2022,28064_sldl
28067,State House District 67,sldl,2022,28067_sldl
28068,State House District 68,sldl,2022,28068_sldl
28069,State House District 69,sldl,2022,28069_sldl
28070,State House District 70,sldl,2022,28070_sldl
28071,State House District 71,sldl,2022,28071_sldl
28073,State House District 73,sldl,2022,28073_sldl
28075,State House District 75,sldl,2022,28075_sldl
28077,State House District 77,sldl,2022,28077_sldl
28079,State House District 79,sldl,2022,28079_sldl
28081,State House District 81,sldl,2022,28081_sldl
28084,State House District 84,sldl,2022,28084_sldl
28086,State House District 86,sldl,2022,28086_sldl
28088,State House District 88,sldl,2022,28088_sldl
28091,State House District 91,sldl,2022,28091_sldl
28093,State House District 93,sldl,2022,28093_sldl
28095,State House District 95,sldl,2022,28095_sldl
28098,State House District 98,sldl,2022,28098_sldl
28012,State House District 12,sldl,2022,28012_sldl
28013,State House District 13,sldl,2022,28013_sldl
28001,State House District 1,sldl,2022,28001_sldl
28002,State House District 2,sldl,2022,28002_sldl
28003,State House District 3,sldl,2022,28003_sldl
28004,State House District 4,sldl,2022,28004_sldl
28005,State House District 5,sldl,2022,28005_sldl
28006,State House District 6,sldl,2022,28006_sldl
28007,State House District 7,sldl,2022,28007_sldl
28009,State House District 9,sldl,2022,28009_sldl
28011,State House District 11,sldl,2022,28011_sldl
28072,State House District 72,sldl,2022,28072_sldl
28074,State House District 74,sldl,2022,28074_sldl
28076,State House District 76,sldl,2022,28076_sldl
28110,State House District 110,sldl,2022,28110_sldl
28078,State House District 78,sldl,2022,28078_sldl
28112,State House District 112,sldl,2022,28112_sldl
28114,State House District 114,sldl,2022,28114_sldl
28116,State House District 116,sldl,2022,28116_sldl
28118,State House District 118,sldl,2022,28118_sldl
28080,State House District 80,sldl,2022,28080_sldl
28083,State House District 83,sldl,2022,28083_sldl
28085,State House District 85,sldl,2022,28085_sldl
28087,State House District 87,sldl,2022,28087_sldl
28120,State House District 120,sldl,2022,28120_sldl
28122,State House District 122,sldl,2022,28122_sldl
28008,State House District 8,sldl,2022,28008_sldl
28090,State House District 90,sldl,2022,28090_sldl
28092,State House District 92,sldl,2022,28092_sldl
28094,State House District 94,sldl,2022,28094_sldl
28097,State House District 97,sldl,2022,28097_sldl
28010,State House District 10,sldl,2022,28010_sldl
28099,State House District 99,sldl,2022,28099_sldl
28014,State House District 14,sldl,2022,28014_sldl
28016,State House District 16,sldl,2022,28016_sldl
28018,State House District 18,sldl,2022,28018_sldl
28020,State House District 20,sldl,2022,28020_sldl
28022,State House District 22,sldl,2022,28022_sldl
28025,State House District 25,sldl,2022,28025_sldl
28027,State House District 27,sldl,2022,28027_sldl
28031,State House District 31,sldl,2022,28031_sldl
28033,State House District 33,sldl,2022,28033_sldl
28035,State House District 35,sldl,2022,28035_sldl
28038,State House District 38,sldl,2022,28038_sldl
28040,State House District 40,sldl,2022,28040_sldl
28043,State House District 43,sldl,2022,28043_sldl
28045,State House District 45,sldl,2022,28045_sldl
28047,State House District 47,sldl,2022,28047_sldl
28049,State House District 49,sldl,2022,28049_sldl
28051,State House District 51,sldl,2022,28051_sldl
28054,State House District 54,sldl,2022,28054_sldl
28056,State House District 56,sldl,2022,28056_sldl
28059,State House District 59,sldl,2022,28059_sldl
28061,State House District 61,sldl,2022,28061_sldl
28063,State House District 63,sldl,2022,28063_sldl
28065,State House District 65,sldl,2022,28065_sldl
28066,State House District 66,sldl,2022,28066_sldl
28103,State House District 103,sldl,2022,28103_sldl
28107,State House District 107,sldl,2022,28107_sldl
28109,State House District 109,sldl,2022,28109_sldl
28082,State House District 82,sldl,2022,28082_sldl
28089,State House District 89,sldl,2022,28089_sldl
28096,State House District 96,sldl,2022,28096_sldl
28023,State House District 23,sldl,2022,28023_sldl
28030,State House District 30,sldl,2022,28030_sldl
28037,State House District 37,sldl,2022,28037_sldl
28058,State House District 58,sldl,2022,28058_sldl
28104,State House District 104,sldl,2022,28104_sldl
01079979201,9792.01,tract,2021,01079979201_tract
01079979202,9792.02,tract,2021,01079979202_tract
01079979502,9795.02,tract,2021,01079979502_tract
01079979501,9795.01,tract,2021,01079979501_tract
01009050103,501.03,tract,2021,01009050103_tract
01009050107,501.07,tract,2021,01009050107_tract
01009050603,506.03,tract,2021,01009050603_tract
01009050105,501.05,tract,2021,01009050105_tract
01009050702,507.02,tract,2021,01009050702_tract
01009050701,507.01,tract,2021,01009050701_tract
01009050604,506.04,tract,2021,01009050604_tract
01009050302,503.02,tract,2021,01009050302_tract
01009050301,503.01,tract,2021,01009050301_tract
01009050501,505.01,tract,2021,01009050501_tract
01009050502,505.02,tract,2021,01009050502_tract
01115040110,401.10,tract,2021,01115040110_tract
01115040302,403.02,tract,2021,01115040302_tract
01115040207,402.07,tract,2021,01115040207_tract
01115040209,402.09,tract,2021,01115040209_tract
01115040301,403.01,tract,2021,01115040301_tract
01115040503,405.03,tract,2021,01115040503_tract
01115040108,401.08,tract,2021,01115040108_tract
01115040507,405.07,tract,2021,01115040507_tract
01115040211,402.11,tract,2021,01115040211_tract
01115040208,402.08,tract,2021,01115040208_tract
01115040210,402.10,tract,2021,01115040210_tract
01115040213,402.13,tract,2021,01115040213_tract
01115040212,402.12,tract,2021,01115040212_tract
01115040107,401.07,tract,2021,01115040107_tract
01115040505,405.05,tract,2021,01115040505_tract
01115040109,401.09,tract,2021,01115040109_tract
01115040508,405.08,tract,2021,01115040508_tract
01115040206,402.06,tract,2021,01115040206_tract
01115040506,405.06,tract,2021,01115040506_tract
01115040504,405.04,tract,2021,01115040504_tract
01053969802,9698.02,tract,2021,01053969802_tract
01053969801,9698.01,tract,2021,01053969801_tract
01043965502,9655.02,tract,2021,01043965502_tract
01043964902,9649.02,tract,2021,01043964902_tract
01043965501,9655.01,tract,2021,01043965501_tract
01043964201,9642.01,tract,2021,01043964201_tract
01043964202,9642.02,tract,2021,01043964202_tract
01043965002,9650.02,tract,2021,01043965002_tract
01043965001,9650.01,tract,2021,01043965001_tract
01043964901,9649.01,tract,2021,01043964901_tract
01033020500,205,tract,2021,01033020500_tract
01037961200,9612,tract,2021,01037961200_tract
01037961100,9611,tract,2021,01037961100_tract
01037961000,9610,tract,2021,01037961000_tract
01109188900,1889,tract,2021,01109188900_tract
01109188700,1887,tract,2021,01109188700_tract
01109188800,1888,tract,2021,01109188800_tract
01109188600,1886,tract,2021,01109188600_tract
01109189300,1893,tract,2021,01109189300_tract
01109189200,1892,tract,2021,01109189200_tract
01073005905,59.05,tract,2021,01073005905_tract
01073005907,59.07,tract,2021,01073005907_tract
01073005908,59.08,tract,2021,01073005908_tract
01047957200,9572,tract,2021,01047957200_tract
01047956201,9562.01,tract,2021,01047956201_tract
01117030337,303.37,tract,2021,01117030337_tract
01117030704,307.04,tract,2021,01117030704_tract
01073010001,100.01,tract,2021,01073010001_tract
01073010002,100.02,tract,2021,01073010002_tract
01073010200,102,tract,2021,01073010200_tract
01073010301,103.01,tract,2021,01073010301_tract
01073010302,103.02,tract,2021,01073010302_tract
01073010401,104.01,tract,2021,01073010401_tract
01073010402,104.02,tract,2021,01073010402_tract
01097004800,48,tract,2021,01097004800_tract
01073010603,106.03,tract,2021,01073010603_tract
01073010701,107.01,tract,2021,01073010701_tract
01073010702,107.02,tract,2021,01073010702_tract
01073010703,107.03,tract,2021,01073010703_tract
01097003501,35.01,tract,2021,01097003501_tract
01097004900,49,tract,2021,01097004900_tract
01097005000,50,tract,2021,01097005000_tract
01097001501,15.01,tract,2021,01097001501_tract
01097001800,18,tract,2021,01097001800_tract
01015001300,13,tract,2021,01015001300_tract
01015001201,12.01,tract,2021,01015001201_tract
01015000500,5,tract,2021,01015000500_tract
01015000800,8,tract,2021,01015000800_tract
01097003502,35.02,tract,2021,01097003502_tract
01097005100,51,tract,2021,01097005100_tract
01097005200,52,tract,2021,01097005200_tract
01097002900,29,tract,2021,01097002900_tract
01097003602,36.02,tract,2021,01097003602_tract
01097003606,36.06,tract,2021,01097003606_tract
01097003608,36.08,tract,2021,01097003608_tract
01097003703,37.03,tract,2021,01097003703_tract
01097006403,64.03,tract,2021,01097006403_tract
01097001901,19.01,tract,2021,01097001901_tract
01097001902,19.02,tract,2021,01097001902_tract
01073010704,107.04,tract,2021,01073010704_tract
01073010705,107.05,tract,2021,01073010705_tract
01073010706,107.06,tract,2021,01073010706_tract
01073010801,108.01,tract,2021,01073010801_tract
01055010402,104.02,tract,2021,01055010402_tract
01055010601,106.01,tract,2021,01055010601_tract
01055011200,112,tract,2021,01055011200_tract
01055011001,110.01,tract,2021,01055011001_tract
01097003100,31,tract,2021,01097003100_tract
01015981901,9819.01,tract,2021,01015981901_tract
01103005109,51.09,tract,2021,01103005109_tract
01103005108,51.08,tract,2021,01103005108_tract
01097003202,32.02,tract,2021,01097003202_tract
01097003704,37.04,tract,2021,01097003704_tract
01097003705,37.05,tract,2021,01097003705_tract
01097003706,37.06,tract,2021,01097003706_tract
01097003707,37.07,tract,2021,01097003707_tract
01133965700,9657,tract,2021,01133965700_tract
01097002100,21,tract,2021,01097002100_tract
01097003203,32.03,tract,2021,01097003203_tract
01133965800,9658,tract,2021,01133965800_tract
01133965900,9659,tract,2021,01133965900_tract
01073003700,37,tract,2021,01073003700_tract
01073010804,108.04,tract,2021,01073010804_tract
01073011206,112.06,tract,2021,01073011206_tract
01073011500,115,tract,2021,01073011500_tract
01073011704,117.04,tract,2021,01073011704_tract
01073012001,120.01,tract,2021,01073012001_tract
01073010900,109,tract,2021,01073010900_tract
01073011207,112.07,tract,2021,01073011207_tract
01007010001,100.01,tract,2021,01007010001_tract
01073011208,112.08,tract,2021,01073011208_tract
01103005106,51.06,tract,2021,01103005106_tract
01073011209,112.09,tract,2021,01073011209_tract
01073011803,118.03,tract,2021,01073011803_tract
01073011804,118.04,tract,2021,01073011804_tract
01073012200,122,tract,2021,01073012200_tract
01073014406,144.06,tract,2021,01073014406_tract
01105686800,6868,tract,2021,01105686800_tract
01073012500,125,tract,2021,01073012500_tract
01073013100,131,tract,2021,01073013100_tract
01073000100,1,tract,2021,01073000100_tract
01073000300,3,tract,2021,01073000300_tract
01073012401,124.01,tract,2021,01073012401_tract
01073012402,124.02,tract,2021,01073012402_tract
01117030336,303.36,tract,2021,01117030336_tract
01005950900,9509,tract,2021,01005950900_tract
01005950100,9501,tract,2021,01005950100_tract
01005950600,9506,tract,2021,01005950600_tract
01005950200,9502,tract,2021,01005950200_tract
01005950300,9503,tract,2021,01005950300_tract
01005950500,9505,tract,2021,01005950500_tract
01005950400,9504,tract,2021,01005950400_tract
01005950700,9507,tract,2021,01005950700_tract
01005950800,9508,tract,2021,01005950800_tract
01073000400,4,tract,2021,01073000400_tract
01073012907,129.07,tract,2021,01073012907_tract
01073012908,129.08,tract,2021,01073012908_tract
01073013002,130.02,tract,2021,01073013002_tract
01073013200,132,tract,2021,01073013200_tract
01073013300,133,tract,2021,01073013300_tract
01073013400,134,tract,2021,01073013400_tract
01105687100,6871,tract,2021,01105687100_tract
01095030402,304.02,tract,2021,01095030402_tract
01035960200,9602,tract,2021,01035960200_tract
01103005107,51.07,tract,2021,01103005107_tract
01103005701,57.01,tract,2021,01103005701_tract
01121011100,111,tract,2021,01121011100_tract
01121011700,117,tract,2021,01121011700_tract
01121010900,109,tract,2021,01121010900_tract
01121011600,116,tract,2021,01121011600_tract
01121011400,114,tract,2021,01121011400_tract
01121010700,107,tract,2021,01121010700_tract
01121012000,120,tract,2021,01121012000_tract
01121011200,112,tract,2021,01121011200_tract
01121010500,105,tract,2021,01121010500_tract
01121011000,110,tract,2021,01121011000_tract
01121011900,119,tract,2021,01121011900_tract
01091973300,9733,tract,2021,01091973300_tract
01091973400,9734,tract,2021,01091973400_tract
01091973100,9731,tract,2021,01091973100_tract
01091973200,9732,tract,2021,01091973200_tract
01081042006,420.06,tract,2021,01081042006_tract
01121011800,118,tract,2021,01121011800_tract
01089002912,29.12,tract,2021,01089002912_tract
01101005410,54.10,tract,2021,01101005410_tract
01101005605,56.05,tract,2021,01101005605_tract
01081040602,406.02,tract,2021,01081040602_tract
01089002922,29.22,tract,2021,01089002922_tract
01089011012,110.12,tract,2021,01089011012_tract
01089011013,110.13,tract,2021,01089011013_tract
01089010902,109.02,tract,2021,01089010902_tract
01117030405,304.05,tract,2021,01117030405_tract
01115040104,401.04,tract,2021,01115040104_tract
01115040105,401.05,tract,2021,01115040105_tract
01115040401,404.01,tract,2021,01115040401_tract
01115040402,404.02,tract,2021,01115040402_tract
01083020101,201.01,tract,2021,01083020101_tract
01083020202,202.02,tract,2021,01083020202_tract
01083020201,202.01,tract,2021,01083020201_tract
01101005407,54.07,tract,2021,01101005407_tract
01057020100,201,tract,2021,01057020100_tract
01057020000,200,tract,2021,01057020000_tract
01057020400,204,tract,2021,01057020400_tract
01057020200,202,tract,2021,01057020200_tract
01117030215,302.15,tract,2021,01117030215_tract
01117030407,304.07,tract,2021,01117030407_tract
01057020300,203,tract,2021,01057020300_tract
01117030340,303.40,tract,2021,01117030340_tract
01117030341,303.41,tract,2021,01117030341_tract
01117030502,305.02,tract,2021,01117030502_tract
01117030703,307.03,tract,2021,01117030703_tract
01117030406,304.06,tract,2021,01117030406_tract
01009050200,502,tract,2021,01009050200_tract
01129044200,442,tract,2021,01129044200_tract
01129044100,441,tract,2021,01129044100_tract
01129044000,440,tract,2021,01129044000_tract
01129043900,439,tract,2021,01129043900_tract
01129044300,443,tract,2021,01129044300_tract
01089001500,15,tract,2021,01089001500_tract
01089001700,17,tract,2021,01089001700_tract
01089001903,19.03,tract,2021,01089001903_tract
01089002000,20,tract,2021,01089002000_tract
01047956400,9564,tract,2021,01047956400_tract
01047956600,9566,tract,2021,01047956600_tract
01083020600,206,tract,2021,01083020600_tract
01083020700,207,tract,2021,01083020700_tract
01083020900,209,tract,2021,01083020900_tract
01047957100,9571,tract,2021,01047957100_tract
01047957000,9570,tract,2021,01047957000_tract
01047956300,9563,tract,2021,01047956300_tract
01047956500,9565,tract,2021,01047956500_tract
01069040900,409,tract,2021,01069040900_tract
01069040100,401,tract,2021,01069040100_tract
01069041400,414,tract,2021,01069041400_tract
01069042000,420,tract,2021,01069042000_tract
01069041800,418,tract,2021,01069041800_tract
01069041700,417,tract,2021,01069041700_tract
01069041600,416,tract,2021,01069041600_tract
01125011401,114.01,tract,2021,01125011401_tract
01125011901,119.01,tract,2021,01125011901_tract
01089002100,21,tract,2021,01089002100_tract
01089002300,23,tract,2021,01089002300_tract
01089002400,24,tract,2021,01089002400_tract
01089002501,25.01,tract,2021,01089002501_tract
01089002502,25.02,tract,2021,01089002502_tract
01083021000,210,tract,2021,01083021000_tract
01083020402,204.02,tract,2021,01083020402_tract
01117030211,302.11,tract,2021,01117030211_tract
01117030103,301.03,tract,2021,01117030103_tract
01117030900,309,tract,2021,01117030900_tract
01117030102,301.02,tract,2021,01117030102_tract
01089002600,26,tract,2021,01089002600_tract
01089002701,27.01,tract,2021,01089002701_tract
01089002721,27.21,tract,2021,01089002721_tract
01117030408,304.08,tract,2021,01117030408_tract
01117030345,303.45,tract,2021,01117030345_tract
01117030212,302.12,tract,2021,01117030212_tract
01117030216,302.16,tract,2021,01117030216_tract
01009050400,504,tract,2021,01009050400_tract
01077010200,102,tract,2021,01077010200_tract
01077011602,116.02,tract,2021,01077011602_tract
01077010400,104,tract,2021,01077010400_tract
01077010100,101,tract,2021,01077010100_tract
01077011300,113,tract,2021,01077011300_tract
01077011502,115.02,tract,2021,01077011502_tract
01077010800,108,tract,2021,01077010800_tract
01077011200,112,tract,2021,01077011200_tract
01077011700,117,tract,2021,01077011700_tract
01003010903,109.03,tract,2021,01003010903_tract
01003011601,116.01,tract,2021,01003011601_tract
01003010906,109.06,tract,2021,01003010906_tract
01003011202,112.02,tract,2021,01003011202_tract
01025957500,9575,tract,2021,01025957500_tract
01025957902,9579.02,tract,2021,01025957902_tract
01025957901,9579.01,tract,2021,01025957901_tract
01025957800,9578,tract,2021,01025957800_tract
01001020300,203,tract,2021,01001020300_tract
01001021100,211,tract,2021,01001021100_tract
01001021000,210,tract,2021,01001021000_tract
01069040400,404,tract,2021,01069040400_tract
01069040500,405,tract,2021,01069040500_tract
01069040600,406,tract,2021,01069040600_tract
01125012304,123.04,tract,2021,01125012304_tract
01125012404,124.04,tract,2021,01125012404_tract
01125012600,126,tract,2021,01125012600_tract
01125012800,128,tract,2021,01125012800_tract
01125011703,117.03,tract,2021,01125011703_tract
01125012503,125.03,tract,2021,01125012503_tract
01051030901,309.01,tract,2021,01051030901_tract
01117030348,303.48,tract,2021,01117030348_tract
01117030349,303.49,tract,2021,01117030349_tract
01117030221,302.21,tract,2021,01117030221_tract
01117030220,302.20,tract,2021,01117030220_tract
01117030350,303.50,tract,2021,01117030350_tract
01117030612,306.12,tract,2021,01117030612_tract
01117030347,303.47,tract,2021,01117030347_tract
01117030218,302.18,tract,2021,01117030218_tract
01117030346,303.46,tract,2021,01117030346_tract
01117030351,303.51,tract,2021,01117030351_tract
01117030352,303.52,tract,2021,01117030352_tract
01109189001,1890.01,tract,2021,01109189001_tract
01109189102,1891.02,tract,2021,01109189102_tract
01109189002,1890.02,tract,2021,01109189002_tract
01109189101,1891.01,tract,2021,01109189101_tract
01105687002,6870.02,tract,2021,01105687002_tract
01105687001,6870.01,tract,2021,01105687001_tract
01097005900,59,tract,2021,01097005900_tract
01097006104,61.04,tract,2021,01097006104_tract
01097005500,55,tract,2021,01097005500_tract
01097007101,71.01,tract,2021,01097007101_tract
01097003404,34.04,tract,2021,01097003404_tract
01097007300,73,tract,2021,01097007300_tract
01097006600,66,tract,2021,01097006600_tract
01097002000,20,tract,2021,01097002000_tract
01097001502,15.02,tract,2021,01097001502_tract
01015000400,4,tract,2021,01015000400_tract
01097003607,36.07,tract,2021,01097003607_tract
01097001200,12,tract,2021,01097001200_tract
01097005800,58,tract,2021,01097005800_tract
01097006102,61.02,tract,2021,01097006102_tract
01097002200,22,tract,2021,01097002200_tract
01097003800,38,tract,2021,01097003800_tract
01097007103,71.03,tract,2021,01097007103_tract
01097003000,30,tract,2021,01097003000_tract
01117030504,305.04,tract,2021,01117030504_tract
01117980100,9801,tract,2021,01117980100_tract
01015002101,21.01,tract,2021,01015002101_tract
01015001700,17,tract,2021,01015001700_tract
01015000200,2,tract,2021,01015000200_tract
01015002200,22,tract,2021,01015002200_tract
01015000300,3,tract,2021,01015000300_tract
01089010623,106.23,tract,2021,01089010623_tract
01119011400,114,tract,2021,01119011400_tract
01097990000,9900,tract,2021,01097990000_tract
01033020600,206,tract,2021,01033020600_tract
01089001401,14.01,tract,2021,01089001401_tract
01073014415,144.15,tract,2021,01073014415_tract
01073014414,144.14,tract,2021,01073014414_tract
01073011116,111.16,tract,2021,01073011116_tract
01073011117,111.17,tract,2021,01073011117_tract
01073012003,120.03,tract,2021,01073012003_tract
01073012804,128.04,tract,2021,01073012804_tract
01073010806,108.06,tract,2021,01073010806_tract
01073012916,129.16,tract,2021,01073012916_tract
01101005611,56.11,tract,2021,01101005611_tract
01101005608,56.08,tract,2021,01101005608_tract
01101005503,55.03,tract,2021,01101005503_tract
01101005501,55.01,tract,2021,01101005501_tract
01101005504,55.04,tract,2021,01101005504_tract
01101005502,55.02,tract,2021,01101005502_tract
01101005612,56.12,tract,2021,01101005612_tract
01101005610,56.10,tract,2021,01101005610_tract
01133965502,9655.02,tract,2021,01133965502_tract
01133965501,9655.01,tract,2021,01133965501_tract
01133965503,9655.03,tract,2021,01133965503_tract
01073014408,144.08,tract,2021,01073014408_tract
01073011301,113.01,tract,2021,01073011301_tract
01073012703,127.03,tract,2021,01073012703_tract
01059973702,9737.02,tract,2021,01059973702_tract
01019956101,9561.01,tract,2021,01019956101_tract
01019955802,9558.02,tract,2021,01019955802_tract
01019955801,9558.01,tract,2021,01019955801_tract
01019956102,9561.02,tract,2021,01019956102_tract
01121011301,113.01,tract,2021,01121011301_tract
01121011302,113.02,tract,2021,01121011302_tract
01121011502,115.02,tract,2021,01121011502_tract
01121011501,115.01,tract,2021,01121011501_tract
01071950601,9506.01,tract,2021,01071950601_tract
01071950301,9503.01,tract,2021,01071950301_tract
01049960102,9601.02,tract,2021,01049960102_tract
01049960701,9607.01,tract,2021,01049960701_tract
01049960402,9604.02,tract,2021,01049960402_tract
01049960303,9603.03,tract,2021,01049960303_tract
01049960602,9606.02,tract,2021,01049960602_tract
01049960702,9607.02,tract,2021,01049960702_tract
01049960101,9601.01,tract,2021,01049960101_tract
01049960302,9603.02,tract,2021,01049960302_tract
01103005602,56.02,tract,2021,01103005602_tract
01103005703,57.03,tract,2021,01103005703_tract
01103005704,57.04,tract,2021,01103005704_tract
01103005601,56.01,tract,2021,01103005601_tract
01103005202,52.02,tract,2021,01103005202_tract
01073011805,118.05,tract,2021,01073011805_tract
01073012805,128.05,tract,2021,01073012805_tract
01123962600,9626,tract,2021,01123962600_tract
01123962100,9621,tract,2021,01123962100_tract
01047956900,9569,tract,2021,01047956900_tract
01125010102,101.02,tract,2021,01125010102_tract
01125010500,105,tract,2021,01125010500_tract
01125010406,104.06,tract,2021,01125010406_tract
01125010703,107.03,tract,2021,01125010703_tract
01125010101,101.01,tract,2021,01125010101_tract
01125010204,102.04,tract,2021,01125010204_tract
01125010405,104.05,tract,2021,01125010405_tract
01125010201,102.01,tract,2021,01125010201_tract
01125012305,123.05,tract,2021,01125012305_tract
01125012501,125.01,tract,2021,01125012501_tract
01125010802,108.02,tract,2021,01125010802_tract
01125012403,124.03,tract,2021,01125012403_tract
01125010404,104.04,tract,2021,01125010404_tract
01097007500,75,tract,2021,01097007500_tract
01089001301,13.01,tract,2021,01089001301_tract
01125010303,103.03,tract,2021,01125010303_tract
01125010407,104.07,tract,2021,01125010407_tract
01125010803,108.03,tract,2021,01125010803_tract
01125010203,102.03,tract,2021,01125010203_tract
01125012700,127,tract,2021,01125012700_tract
01125010302,103.02,tract,2021,01125010302_tract
01125010403,104.03,tract,2021,01125010403_tract
01125010601,106.01,tract,2021,01125010601_tract
01125010804,108.04,tract,2021,01125010804_tract
01125011200,112,tract,2021,01125011200_tract
01065040200,402,tract,2021,01065040200_tract
01065040300,403,tract,2021,01065040300_tract
01065040100,401,tract,2021,01065040100_tract
01065040500,405,tract,2021,01065040500_tract
01065040000,400,tract,2021,01065040000_tract
01071951000,9510,tract,2021,01071951000_tract
01071950200,9502,tract,2021,01071950200_tract
01071950400,9504,tract,2021,01071950400_tract
01071950700,9507,tract,2021,01071950700_tract
01071950500,9505,tract,2021,01071950500_tract
01051030902,309.02,tract,2021,01051030902_tract
01051030702,307.02,tract,2021,01051030702_tract
01051030701,307.01,tract,2021,01051030701_tract
01049960900,9609,tract,2021,01049960900_tract
01049960500,9605,tract,2021,01049960500_tract
01117980000,9800,tract,2021,01117980000_tract
01049960200,9602,tract,2021,01049960200_tract
01049961000,9610,tract,2021,01049961000_tract
01049961100,9611,tract,2021,01049961100_tract
01049960800,9608,tract,2021,01049960800_tract
01049961400,9614,tract,2021,01049961400_tract
01049961200,9612,tract,2021,01049961200_tract
01049961300,9613,tract,2021,01049961300_tract
01071950800,9508,tract,2021,01071950800_tract
01061050100,501,tract,2021,01061050100_tract
01061050600,506,tract,2021,01061050600_tract
01061050300,503,tract,2021,01061050300_tract
01061050400,504,tract,2021,01061050400_tract
01061050500,505,tract,2021,01061050500_tract
01061050200,502,tract,2021,01061050200_tract
01073014301,143.01,tract,2021,01073014301_tract
01073010802,108.02,tract,2021,01073010802_tract
01073012103,121.03,tract,2021,01073012103_tract
01073013601,136.01,tract,2021,01073013601_tract
01073013801,138.01,tract,2021,01073013801_tract
01073013901,139.01,tract,2021,01073013901_tract
01073013902,139.02,tract,2021,01073013902_tract
01073014105,141.05,tract,2021,01073014105_tract
01073000500,5,tract,2021,01073000500_tract
01073000700,7,tract,2021,01073000700_tract
01073014405,144.05,tract,2021,01073014405_tract
01073000800,8,tract,2021,01073000800_tract
01073001100,11,tract,2021,01073001100_tract
01073001200,12,tract,2021,01073001200_tract
01073001400,14,tract,2021,01073001400_tract
01073001500,15,tract,2021,01073001500_tract
01073001600,16,tract,2021,01073001600_tract
01073001902,19.02,tract,2021,01073001902_tract
01073002000,20,tract,2021,01073002000_tract
01073002200,22,tract,2021,01073002200_tract
01073002303,23.03,tract,2021,01073002303_tract
01073002305,23.05,tract,2021,01073002305_tract
01073002306,23.06,tract,2021,01073002306_tract
01073002900,29,tract,2021,01073002900_tract
01073003001,30.01,tract,2021,01073003001_tract
01073003002,30.02,tract,2021,01073003002_tract
01073003100,31,tract,2021,01073003100_tract
01073003300,33,tract,2021,01073003300_tract
01073003400,34,tract,2021,01073003400_tract
01085781100,7811,tract,2021,01085781100_tract
01085780800,7808,tract,2021,01085780800_tract
01085781200,7812,tract,2021,01085781200_tract
01085781000,7810,tract,2021,01085781000_tract
01073003500,35,tract,2021,01073003500_tract
01073003600,36,tract,2021,01073003600_tract
01073003802,38.02,tract,2021,01073003802_tract
01073003803,38.03,tract,2021,01073003803_tract
01073003900,39,tract,2021,01073003900_tract
01073004000,40,tract,2021,01073004000_tract
01073004200,42,tract,2021,01073004200_tract
01041963900,9639,tract,2021,01041963900_tract
01041963800,9638,tract,2021,01041963800_tract
01041963400,9634,tract,2021,01041963400_tract
01041963600,9636,tract,2021,01041963600_tract
01041963700,9637,tract,2021,01041963700_tract
01041963500,9635,tract,2021,01041963500_tract
01045021300,213,tract,2021,01045021300_tract
01045021102,211.02,tract,2021,01045021102_tract
01045020300,203,tract,2021,01045020300_tract
01045020400,204,tract,2021,01045020400_tract
01045021101,211.01,tract,2021,01045021101_tract
01045020200,202,tract,2021,01045020200_tract
01045020100,201,tract,2021,01045020100_tract
01045021200,212,tract,2021,01045021200_tract
01073004701,47.01,tract,2021,01073004701_tract
01073004702,47.02,tract,2021,01073004702_tract
01073004800,48,tract,2021,01073004800_tract
01073005101,51.01,tract,2021,01073005101_tract
01073005200,52,tract,2021,01073005200_tract
01073005302,53.02,tract,2021,01073005302_tract
01073005500,55,tract,2021,01073005500_tract
01073005701,57.01,tract,2021,01073005701_tract
01073005702,57.02,tract,2021,01073005702_tract
01073005800,58,tract,2021,01073005800_tract
01073005903,59.03,tract,2021,01073005903_tract
01089002801,28.01,tract,2021,01089002801_tract
01101006000,60,tract,2021,01101006000_tract
01101000300,3,tract,2021,01101000300_tract
01101002800,28,tract,2021,01101002800_tract
01101006100,61,tract,2021,01101006100_tract
01101005402,54.02,tract,2021,01101005402_tract
01101005102,51.02,tract,2021,01101005102_tract
01101005700,57,tract,2021,01101005700_tract
01101005101,51.01,tract,2021,01101005101_tract
01101005800,58,tract,2021,01101005800_tract
01101001400,14,tract,2021,01101001400_tract
01101005604,56.04,tract,2021,01101005604_tract
01101000100,1,tract,2021,01101000100_tract
01101000200,2,tract,2021,01101000200_tract
01101000400,4,tract,2021,01101000400_tract
01101000500,5,tract,2021,01101000500_tract
01101000600,6,tract,2021,01101000600_tract
01101000700,7,tract,2021,01101000700_tract
01101000900,9,tract,2021,01101000900_tract
01101001000,10,tract,2021,01101001000_tract
01121010202,102.02,tract,2021,01121010202_tract
01121010102,101.02,tract,2021,01121010102_tract
01121010201,102.01,tract,2021,01121010201_tract
01121010400,104,tract,2021,01121010400_tract
01101001100,11,tract,2021,01101001100_tract
01101001200,12,tract,2021,01101001200_tract
01101001300,13,tract,2021,01101001300_tract
01101001500,15,tract,2021,01101001500_tract
01101001600,16,tract,2021,01101001600_tract
01053969900,9699,tract,2021,01053969900_tract
01053970400,9704,tract,2021,01053970400_tract
01053970500,9705,tract,2021,01053970500_tract
01053970300,9703,tract,2021,01053970300_tract
01053970600,9706,tract,2021,01053970600_tract
01053970700,9707,tract,2021,01053970700_tract
01053970200,9702,tract,2021,01053970200_tract
01053970100,9701,tract,2021,01053970100_tract
01101001700,17,tract,2021,01101001700_tract
01101001800,18,tract,2021,01101001800_tract
01101001900,19,tract,2021,01101001900_tract
01101002000,20,tract,2021,01101002000_tract
01101002100,21,tract,2021,01101002100_tract
01001020200,202,tract,2021,01001020200_tract
01001020600,206,tract,2021,01001020600_tract
01001020100,201,tract,2021,01001020100_tract
01001020700,207,tract,2021,01001020700_tract
01001020400,204,tract,2021,01001020400_tract
01045020500,205,tract,2021,01045020500_tract
01045020700,207,tract,2021,01045020700_tract
01045021400,214,tract,2021,01045021400_tract
01019955702,9557.02,tract,2021,01019955702_tract
01011952500,9525,tract,2021,01011952500_tract
01111000600,6,tract,2021,01111000600_tract
01027959000,9590,tract,2021,01027959000_tract
01081042003,420.03,tract,2021,01081042003_tract
01121010301,103.01,tract,2021,01121010301_tract
01121010600,106,tract,2021,01121010600_tract
01121010302,103.02,tract,2021,01121010302_tract
01081040901,409.01,tract,2021,01081040901_tract
01019955900,9559,tract,2021,01019955900_tract
01019956000,9560,tract,2021,01019956000_tract
01123962400,9624,tract,2021,01123962400_tract
01123962200,9622,tract,2021,01123962200_tract
01123962502,9625.02,tract,2021,01123962502_tract
01123962000,9620,tract,2021,01123962000_tract
01063060102,601.02,tract,2021,01063060102_tract
01063060101,601.01,tract,2021,01063060101_tract
01069040802,408.02,tract,2021,01069040802_tract
01069040204,402.04,tract,2021,01069040204_tract
01069041902,419.02,tract,2021,01069041902_tract
01069040205,402.05,tract,2021,01069040205_tract
01069040203,402.03,tract,2021,01069040203_tract
01069040801,408.01,tract,2021,01069040801_tract
01069041901,419.01,tract,2021,01069041901_tract
01069040206,402.06,tract,2021,01069040206_tract
01125010706,107.06,tract,2021,01125010706_tract
01125010704,107.04,tract,2021,01125010704_tract
01125010705,107.05,tract,2021,01125010705_tract
01125010104,101.04,tract,2021,01125010104_tract
01125012504,125.04,tract,2021,01125012504_tract
01125010305,103.05,tract,2021,01125010305_tract
01125010603,106.03,tract,2021,01125010603_tract
01125012306,123.06,tract,2021,01125012306_tract
01125010707,107.07,tract,2021,01125010707_tract
01125010206,102.06,tract,2021,01125010206_tract
01125012307,123.07,tract,2021,01125012307_tract
01125012505,125.05,tract,2021,01125012505_tract
01125010604,106.04,tract,2021,01125010604_tract
01125012101,121.01,tract,2021,01125012101_tract
01125010105,101.05,tract,2021,01125010105_tract
01125010304,103.04,tract,2021,01125010304_tract
01125010205,102.05,tract,2021,01125010205_tract
01125012408,124.08,tract,2021,01125012408_tract
01125012406,124.06,tract,2021,01125012406_tract
01125012102,121.02,tract,2021,01125012102_tract
01125012002,120.02,tract,2021,01125012002_tract
01125012001,120.01,tract,2021,01125012001_tract
01125012407,124.07,tract,2021,01125012407_tract
01089001902,19.02,tract,2021,01089001902_tract
01089010302,103.02,tract,2021,01089010302_tract
01089010200,102,tract,2021,01089010200_tract
01089011021,110.21,tract,2021,01089011021_tract
01089001801,18.01,tract,2021,01089001801_tract
01089001901,19.01,tract,2021,01089001901_tract
01089000403,4.03,tract,2021,01089000403_tract
01089010502,105.02,tract,2021,01089010502_tract
01089011400,114,tract,2021,01089011400_tract
01089000901,9.01,tract,2021,01089000901_tract
01089000602,6.02,tract,2021,01089000602_tract
01089010612,106.12,tract,2021,01089010612_tract
01059973600,9736,tract,2021,01059973600_tract
01059973300,9733,tract,2021,01059973300_tract
01059973500,9735,tract,2021,01059973500_tract
01059973100,9731,tract,2021,01059973100_tract
01059972900,9729,tract,2021,01059972900_tract
01059973400,9734,tract,2021,01059973400_tract
01059973000,9730,tract,2021,01059973000_tract
01059973200,9732,tract,2021,01059973200_tract
01127020801,208.01,tract,2021,01127020801_tract
01127020302,203.02,tract,2021,01127020302_tract
01127020301,203.01,tract,2021,01127020301_tract
01127020802,208.02,tract,2021,01127020802_tract
01059973703,9737.03,tract,2021,01059973703_tract
01055010201,102.01,tract,2021,01055010201_tract
01059973701,9737.01,tract,2021,01059973701_tract
01009050104,501.04,tract,2021,01009050104_tract
01009050106,501.06,tract,2021,01009050106_tract
01089010704,107.04,tract,2021,01089010704_tract
01089011026,110.26,tract,2021,01089011026_tract
01089010503,105.03,tract,2021,01089010503_tract
01089010102,101.02,tract,2021,01089010102_tract
01089010631,106.31,tract,2021,01089010631_tract
01089010630,106.30,tract,2021,01089010630_tract
01089010904,109.04,tract,2021,01089010904_tract
01089001404,14.04,tract,2021,01089001404_tract
01089002804,28.04,tract,2021,01089002804_tract
01089002924,29.24,tract,2021,01089002924_tract
01089010101,101.01,tract,2021,01089010101_tract
01089010405,104.05,tract,2021,01089010405_tract
01089011023,110.23,tract,2021,01089011023_tract
01089010802,108.02,tract,2021,01089010802_tract
01089010905,109.05,tract,2021,01089010905_tract
01089000203,2.03,tract,2021,01089000203_tract
01089010903,109.03,tract,2021,01089010903_tract
01089010628,106.28,tract,2021,01089010628_tract
01089010703,107.03,tract,2021,01089010703_tract
01089011027,110.27,tract,2021,01089011027_tract
01089001403,14.03,tract,2021,01089001403_tract
01075030101,301.01,tract,2021,01075030101_tract
01075030102,301.02,tract,2021,01075030102_tract
01089000902,9.02,tract,2021,01089000902_tract
01089001000,10,tract,2021,01089001000_tract
01031011204,112.04,tract,2021,01031011204_tract
01095030702,307.02,tract,2021,01095030702_tract
01095030904,309.04,tract,2021,01095030904_tract
01001020801,208.01,tract,2021,01001020801_tract
01081042005,420.05,tract,2021,01081042005_tract
01101005606,56.06,tract,2021,01101005606_tract
01025957601,9576.01,tract,2021,01025957601_tract
01025957700,9577,tract,2021,01025957700_tract
01021060600,606,tract,2021,01021060600_tract
01021060101,601.01,tract,2021,01021060101_tract
01021060500,605,tract,2021,01021060500_tract
01021060200,602,tract,2021,01021060200_tract
01021060401,604.01,tract,2021,01021060401_tract
01021060300,603,tract,2021,01021060300_tract
01081042002,420.02,tract,2021,01081042002_tract
01081040603,406.03,tract,2021,01081040603_tract
01081042101,421.01,tract,2021,01081042101_tract
01089011100,111,tract,2021,01089011100_tract
01101005409,54.09,tract,2021,01101005409_tract
01101005607,56.07,tract,2021,01101005607_tract
01103000300,3,tract,2021,01103000300_tract
01103000400,4,tract,2021,01103000400_tract
01103000600,6,tract,2021,01103000600_tract
01103000700,7,tract,2021,01103000700_tract
01103000800,8,tract,2021,01103000800_tract
01103000900,9,tract,2021,01103000900_tract
01103001000,10,tract,2021,01103001000_tract
01103005303,53.03,tract,2021,01103005303_tract
01113030403,304.03,tract,2021,01113030403_tract
01113030903,309.03,tract,2021,01113030903_tract
01113030907,309.07,tract,2021,01113030907_tract
01113030602,306.02,tract,2021,01113030602_tract
01113030404,304.04,tract,2021,01113030404_tract
01113030905,309.05,tract,2021,01113030905_tract
01113030904,309.04,tract,2021,01113030904_tract
01113030906,309.06,tract,2021,01113030906_tract
01113030601,306.01,tract,2021,01113030601_tract
01033020200,202,tract,2021,01033020200_tract
01033020300,203,tract,2021,01033020300_tract
01033020400,204,tract,2021,01033020400_tract
01043965402,9654.02,tract,2021,01043965402_tract
01013953200,9532,tract,2021,01013953200_tract
01013953500,9535,tract,2021,01013953500_tract
01013953000,9530,tract,2021,01013953000_tract
01013953300,9533,tract,2021,01013953300_tract
01013952700,9527,tract,2021,01013952700_tract
01013953100,9531,tract,2021,01013953100_tract
01013953400,9534,tract,2021,01013953400_tract
01013952900,9529,tract,2021,01013952900_tract
01027958900,9589,tract,2021,01027958900_tract
01027959200,9592,tract,2021,01027959200_tract
01027959100,9591,tract,2021,01027959100_tract
01097000500,5,tract,2021,01097000500_tract
01097003301,33.01,tract,2021,01097003301_tract
01097006402,64.02,tract,2021,01097006402_tract
01097007102,71.02,tract,2021,01097007102_tract
01073002100,21,tract,2021,01073002100_tract
01111000300,3,tract,2021,01111000300_tract
01111000400,4,tract,2021,01111000400_tract
01111000500,5,tract,2021,01111000500_tract
01073014104,141.04,tract,2021,01073014104_tract
01073010500,105,tract,2021,01073010500_tract
01073014404,144.04,tract,2021,01073014404_tract
01073003200,32,tract,2021,01073003200_tract
01073011706,117.06,tract,2021,01073011706_tract
01073012701,127.01,tract,2021,01073012701_tract
01073005600,56,tract,2021,01073005600_tract
01073012602,126.02,tract,2021,01073012602_tract
01073012104,121.04,tract,2021,01073012104_tract
01073010803,108.03,tract,2021,01073010803_tract
01073005000,50,tract,2021,01073005000_tract
01073012403,124.03,tract,2021,01073012403_tract
01073012302,123.02,tract,2021,01073012302_tract
01073011901,119.01,tract,2021,01073011901_tract
01073011205,112.05,tract,2021,01073011205_tract
01073011210,112.10,tract,2021,01073011210_tract
01073011600,116,tract,2021,01073011600_tract
01073010100,101,tract,2021,01073010100_tract
01089001302,13.02,tract,2021,01089001302_tract
01089003000,30,tract,2021,01089003000_tract
01089003100,31,tract,2021,01089003100_tract
01015981902,9819.02,tract,2021,01015981902_tract
01015000900,9,tract,2021,01015000900_tract
01015002400,24,tract,2021,01015002400_tract
01015001400,14,tract,2021,01015001400_tract
01015000600,6,tract,2021,01015000600_tract
01015002600,26,tract,2021,01015002600_tract
01047956800,9568,tract,2021,01047956800_tract
01015001000,10,tract,2021,01015001000_tract
01015002102,21.02,tract,2021,01015002102_tract
01015981903,9819.03,tract,2021,01015981903_tract
01015002502,25.02,tract,2021,01015002502_tract
01015000700,7,tract,2021,01015000700_tract
01015002300,23,tract,2021,01015002300_tract
01015001202,12.02,tract,2021,01015001202_tract
01063060000,600,tract,2021,01063060000_tract
01063060200,602,tract,2021,01063060200_tract
01019955701,9557.01,tract,2021,01019955701_tract
01101005609,56.09,tract,2021,01101005609_tract
01015001600,16,tract,2021,01015001600_tract
01039961600,9616,tract,2021,01039961600_tract
01039962100,9621,tract,2021,01039962100_tract
01039962400,9624,tract,2021,01039962400_tract
01039962600,9626,tract,2021,01039962600_tract
01039961800,9618,tract,2021,01039961800_tract
01039961900,9619,tract,2021,01039961900_tract
01039962300,9623,tract,2021,01039962300_tract
01039963000,9630,tract,2021,01039963000_tract
01039961700,9617,tract,2021,01039961700_tract
01039962700,9627,tract,2021,01039962700_tract
01081041102,411.02,tract,2021,01081041102_tract
01081042103,421.03,tract,2021,01081042103_tract
01081042008,420.08,tract,2021,01081042008_tract
01081041002,410.02,tract,2021,01081041002_tract
01081040501,405.01,tract,2021,01081040501_tract
01081040607,406.07,tract,2021,01081040607_tract
01081041101,411.01,tract,2021,01081041101_tract
01081041702,417.02,tract,2021,01081041702_tract
01081041701,417.01,tract,2021,01081041701_tract
01081040904,409.04,tract,2021,01081040904_tract
01081041001,410.01,tract,2021,01081041001_tract
01081040502,405.02,tract,2021,01081040502_tract
01081041104,411.04,tract,2021,01081041104_tract
01081042104,421.04,tract,2021,01081042104_tract
01081040202,402.02,tract,2021,01081040202_tract
01081041902,419.02,tract,2021,01081041902_tract
01081041803,418.03,tract,2021,01081041803_tract
01081040401,404.01,tract,2021,01081040401_tract
01081040605,406.05,tract,2021,01081040605_tract
01081041903,419.03,tract,2021,01081041903_tract
01081041901,419.01,tract,2021,01081041901_tract
01081041802,418.02,tract,2021,01081041802_tract
01081041703,417.03,tract,2021,01081041703_tract
01081041801,418.01,tract,2021,01081041801_tract
01081042009,420.09,tract,2021,01081042009_tract
01081040606,406.06,tract,2021,01081040606_tract
01081041103,411.03,tract,2021,01081041103_tract
01081040802,408.02,tract,2021,01081040802_tract
01081040403,404.03,tract,2021,01081040403_tract
01081040402,404.02,tract,2021,01081040402_tract
01081040201,402.01,tract,2021,01081040201_tract
01081042007,420.07,tract,2021,01081042007_tract
01081040801,408.01,tract,2021,01081040801_tract
01081040903,409.03,tract,2021,01081040903_tract
01095030701,307.01,tract,2021,01095030701_tract
01095030401,304.01,tract,2021,01095030401_tract
01095030903,309.03,tract,2021,01095030903_tract
01121010101,101.01,tract,2021,01121010101_tract
01047956701,9567.01,tract,2021,01047956701_tract
01047956702,9567.02,tract,2021,01047956702_tract
01077011101,111.01,tract,2021,01077011101_tract
01077011802,118.02,tract,2021,01077011802_tract
01077011603,116.03,tract,2021,01077011603_tract
01093964600,9646,tract,2021,01093964600_tract
01093964100,9641,tract,2021,01093964100_tract
01093964200,9642,tract,2021,01093964200_tract
01093964300,9643,tract,2021,01093964300_tract
01093964500,9645,tract,2021,01093964500_tract
01073014107,141.07,tract,2021,01073014107_tract
01073011806,118.06,tract,2021,01073011806_tract
01073011708,117.08,tract,2021,01073011708_tract
01073012921,129.21,tract,2021,01073012921_tract
01073011112,111.12,tract,2021,01073011112_tract
01073011113,111.13,tract,2021,01073011113_tract
01073012920,129.20,tract,2021,01073012920_tract
01073010807,108.07,tract,2021,01073010807_tract
01073011303,113.03,tract,2021,01073011303_tract
01073011003,110.03,tract,2021,01073011003_tract
01073011707,117.07,tract,2021,01073011707_tract
01073011004,110.04,tract,2021,01073011004_tract
01073010605,106.05,tract,2021,01073010605_tract
01073010604,106.04,tract,2021,01073010604_tract
01073012004,120.04,tract,2021,01073012004_tract
01073011710,117.10,tract,2021,01073011710_tract
01073012307,123.07,tract,2021,01073012307_tract
01073011304,113.04,tract,2021,01073011304_tract
01073002702,27.02,tract,2021,01073002702_tract
01073012306,123.06,tract,2021,01073012306_tract
01073011401,114.01,tract,2021,01073011401_tract
01073012919,129.19,tract,2021,01073012919_tract
01051030300,303,tract,2021,01051030300_tract
01051030600,306,tract,2021,01051030600_tract
01051030500,305,tract,2021,01051030500_tract
01073011402,114.02,tract,2021,01073011402_tract
01051030200,302,tract,2021,01051030200_tract
01051031300,313,tract,2021,01051031300_tract
01051031200,312,tract,2021,01051031200_tract
01051031100,311,tract,2021,01051031100_tract
01075030000,300,tract,2021,01075030000_tract
01075030200,302,tract,2021,01075030200_tract
01101002700,27,tract,2021,01101002700_tract
01101003000,30,tract,2021,01101003000_tract
01101003100,31,tract,2021,01101003100_tract
01101003200,32,tract,2021,01101003200_tract
01103005101,51.01,tract,2021,01103005101_tract
01103005105,51.05,tract,2021,01103005105_tract
01097006704,67.04,tract,2021,01097006704_tract
01097005702,57.02,tract,2021,01097005702_tract
01097006305,63.05,tract,2021,01097006305_tract
01103005500,55,tract,2021,01103005500_tract
01103005405,54.05,tract,2021,01103005405_tract
01003990000,9900,tract,2021,01003990000_tract
01101003301,33.01,tract,2021,01101003301_tract
01101005301,53.01,tract,2021,01101005301_tract
01101005302,53.02,tract,2021,01101005302_tract
01097005601,56.01,tract,2021,01097005601_tract
01097005701,57.01,tract,2021,01097005701_tract
01097005602,56.02,tract,2021,01097005602_tract
01097006505,65.05,tract,2021,01097006505_tract
01097006202,62.02,tract,2021,01097006202_tract
01097006107,61.07,tract,2021,01097006107_tract
01097006504,65.04,tract,2021,01097006504_tract
01097006306,63.06,tract,2021,01097006306_tract
01097006412,64.12,tract,2021,01097006412_tract
01097006413,64.13,tract,2021,01097006413_tract
01097007204,72.04,tract,2021,01097007204_tract
01097006703,67.03,tract,2021,01097006703_tract
01097007203,72.03,tract,2021,01097007203_tract
01097003712,37.12,tract,2021,01097003712_tract
01097006304,63.04,tract,2021,01097006304_tract
01097003410,34.10,tract,2021,01097003410_tract
01097006106,61.06,tract,2021,01097006106_tract
01097006201,62.01,tract,2021,01097006201_tract
01101005403,54.03,tract,2021,01101005403_tract
01119011500,115,tract,2021,01119011500_tract
01119011600,116,tract,2021,01119011600_tract
01103005302,53.02,tract,2021,01103005302_tract
01103005304,53.04,tract,2021,01103005304_tract
01103000100,1,tract,2021,01103000100_tract
01103005103,51.03,tract,2021,01103005103_tract
01103005404,54.04,tract,2021,01103005404_tract
01101005902,59.02,tract,2021,01101005902_tract
01043965401,9654.01,tract,2021,01043965401_tract
01055011100,111,tract,2021,01055011100_tract
01055000500,5,tract,2021,01055000500_tract
01055001000,10,tract,2021,01055001000_tract
01003010709,107.09,tract,2021,01003010709_tract
01003011504,115.04,tract,2021,01003011504_tract
01003010710,107.10,tract,2021,01003010710_tract
01003011104,111.04,tract,2021,01003011104_tract
01003010711,107.11,tract,2021,01003010711_tract
01003010707,107.07,tract,2021,01003010707_tract
01003011413,114.13,tract,2021,01003011413_tract
01003011412,114.12,tract,2021,01003011412_tract
01003011503,115.03,tract,2021,01003011503_tract
01003010908,109.08,tract,2021,01003010908_tract
01003010907,109.07,tract,2021,01003010907_tract
01003011103,111.03,tract,2021,01003011103_tract
01003011410,114.10,tract,2021,01003011410_tract
01003011411,114.11,tract,2021,01003011411_tract
01003011418,114.18,tract,2021,01003011418_tract
01003011604,116.04,tract,2021,01003011604_tract
01003011415,114.15,tract,2021,01003011415_tract
01051030102,301.02,tract,2021,01051030102_tract
01051030103,301.03,tract,2021,01051030103_tract
01051030101,301.01,tract,2021,01051030101_tract
01051030802,308.02,tract,2021,01051030802_tract
01051030401,304.01,tract,2021,01051030401_tract
01051030801,308.01,tract,2021,01051030801_tract
01055010700,107,tract,2021,01055010700_tract
01055001300,13,tract,2021,01055001300_tract
01055000900,9,tract,2021,01055000900_tract
01055001700,17,tract,2021,01055001700_tract
01055010300,103,tract,2021,01055010300_tract
01055000600,6,tract,2021,01055000600_tract
01101005903,59.03,tract,2021,01101005903_tract
01055010100,101,tract,2021,01055010100_tract
01055000300,3,tract,2021,01055000300_tract
01055000700,7,tract,2021,01055000700_tract
01055001600,16,tract,2021,01055001600_tract
01055000400,4,tract,2021,01055000400_tract
01101003304,33.04,tract,2021,01101003304_tract
01101003303,33.03,tract,2021,01101003303_tract
01101005414,54.14,tract,2021,01101005414_tract
01101005413,54.13,tract,2021,01101005413_tract
01101005613,56.13,tract,2021,01101005613_tract
01101002901,29.01,tract,2021,01101002901_tract
01055000800,8,tract,2021,01055000800_tract
01055001100,11,tract,2021,01055001100_tract
01055010900,109,tract,2021,01055010900_tract
01051031001,310.01,tract,2021,01051031001_tract
01051030402,304.02,tract,2021,01051030402_tract
01051031002,310.02,tract,2021,01051031002_tract
01113030402,304.02,tract,2021,01113030402_tract
01107050000,500,tract,2021,01107050000_tract
01107050300,503,tract,2021,01107050300_tract
01107050100,501,tract,2021,01107050100_tract
01107050200,502,tract,2021,01107050200_tract
01127020100,201,tract,2021,01127020100_tract
01127021500,215,tract,2021,01127021500_tract
01127021200,212,tract,2021,01127021200_tract
01127021700,217,tract,2021,01127021700_tract
01127021600,216,tract,2021,01127021600_tract
01127021900,219,tract,2021,01127021900_tract
01083020403,204.03,tract,2021,01083020403_tract
01083020103,201.03,tract,2021,01083020103_tract
01083020404,204.04,tract,2021,01083020404_tract
01083021101,211.01,tract,2021,01083021101_tract
01083021203,212.03,tract,2021,01083021203_tract
01083021202,212.02,tract,2021,01083021202_tract
01083020803,208.03,tract,2021,01083020803_tract
01083020804,208.04,tract,2021,01083020804_tract
01083020806,208.06,tract,2021,01083020806_tract
01083021102,211.02,tract,2021,01083021102_tract
01083020805,208.05,tract,2021,01083020805_tract
01083021201,212.01,tract,2021,01083021201_tract
01083020104,201.04,tract,2021,01083020104_tract
01045020802,208.02,tract,2021,01045020802_tract
01045020000,200,tract,2021,01045020000_tract
01077011102,111.02,tract,2021,01077011102_tract
01127021400,214,tract,2021,01127021400_tract
01127020600,206,tract,2021,01127020600_tract
01127021800,218,tract,2021,01127021800_tract
01127021000,210,tract,2021,01127021000_tract
01127020700,207,tract,2021,01127020700_tract
01127020900,209,tract,2021,01127020900_tract
01127021100,211,tract,2021,01127021100_tract
01127021300,213,tract,2021,01127021300_tract
01127020400,204,tract,2021,01127020400_tract
01127020200,202,tract,2021,01127020200_tract
01067030600,306,tract,2021,01067030600_tract
01067030500,305,tract,2021,01067030500_tract
01067030300,303,tract,2021,01067030300_tract
01067030100,301,tract,2021,01067030100_tract
01067030200,302,tract,2021,01067030200_tract
01067030400,304,tract,2021,01067030400_tract
01003011419,114.19,tract,2021,01003011419_tract
01003010706,107.06,tract,2021,01003010706_tract
01003011603,116.03,tract,2021,01003011603_tract
01003010708,107.08,tract,2021,01003010708_tract
01003011409,114.09,tract,2021,01003011409_tract
01003011417,114.17,tract,2021,01003011417_tract
01003011414,114.14,tract,2021,01003011414_tract
01003011416,114.16,tract,2021,01003011416_tract
01017954001,9540.01,tract,2021,01017954001_tract
01017954002,9540.02,tract,2021,01017954002_tract
01017954800,9548,tract,2021,01017954800_tract
01015002504,25.04,tract,2021,01015002504_tract
01015001502,15.02,tract,2021,01015001502_tract
01015002503,25.03,tract,2021,01015002503_tract
01015002105,21.05,tract,2021,01015002105_tract
01015001103,11.03,tract,2021,01015001103_tract
01015001102,11.02,tract,2021,01015001102_tract
01015002001,20.01,tract,2021,01015002001_tract
01015002002,20.02,tract,2021,01015002002_tract
01015001501,15.01,tract,2021,01015001501_tract
01015001802,18.02,tract,2021,01015001802_tract
01015001801,18.01,tract,2021,01015001801_tract
01015001101,11.01,tract,2021,01015001101_tract
01097006503,65.03,tract,2021,01097006503_tract
01097980000,9800,tract,2021,01097980000_tract
01097006903,69.03,tract,2021,01097006903_tract
01097006904,69.04,tract,2021,01097006904_tract
01097006303,63.03,tract,2021,01097006303_tract
01097006307,63.07,tract,2021,01097006307_tract
01097006409,64.09,tract,2021,01097006409_tract
01097003711,37.11,tract,2021,01097003711_tract
01097006804,68.04,tract,2021,01097006804_tract
01097006410,64.10,tract,2021,01097006410_tract
01097003409,34.09,tract,2021,01097003409_tract
01097006411,64.11,tract,2021,01097006411_tract
01097006803,68.03,tract,2021,01097006803_tract
01097000801,8.01,tract,2021,01097000801_tract
01097000802,8.02,tract,2021,01097000802_tract
01097006408,64.08,tract,2021,01097006408_tract
01097003207,32.07,tract,2021,01097003207_tract
01097003206,32.06,tract,2021,01097003206_tract
01089011028,110.28,tract,2021,01089011028_tract
01089011201,112.01,tract,2021,01089011201_tract
01089010801,108.01,tract,2021,01089010801_tract
01089011301,113.01,tract,2021,01089011301_tract
01089010304,103.04,tract,2021,01089010304_tract
01089010626,106.26,tract,2021,01089010626_tract
01089010406,104.06,tract,2021,01089010406_tract
01089011025,110.25,tract,2021,01089011025_tract
01119011301,113.01,tract,2021,01119011301_tract
01119011302,113.02,tract,2021,01119011302_tract
01125011902,119.02,tract,2021,01125011902_tract
01125011402,114.02,tract,2021,01125011402_tract
01077010300,103,tract,2021,01077010300_tract
01077010700,107,tract,2021,01077010700_tract
01101005614,56.14,tract,2021,01101005614_tract
01077011000,110,tract,2021,01077011000_tract
01101002902,29.02,tract,2021,01101002902_tract
01101005412,54.12,tract,2021,01101005412_tract
01101005904,59.04,tract,2021,01101005904_tract
01101005411,54.11,tract,2021,01101005411_tract
01077011801,118.01,tract,2021,01077011801_tract
01073005103,51.03,tract,2021,01073005103_tract
01073004902,49.02,tract,2021,01073004902_tract
01073014409,144.09,tract,2021,01073014409_tract
01073012905,129.05,tract,2021,01073012905_tract
01073005909,59.09,tract,2021,01073005909_tract
01073012304,123.04,tract,2021,01073012304_tract
01001020501,205.01,tract,2021,01001020501_tract
01001020902,209.02,tract,2021,01001020902_tract
01001020803,208.03,tract,2021,01001020803_tract
01001020804,208.04,tract,2021,01001020804_tract
01001020805,208.05,tract,2021,01001020805_tract
01001020901,209.01,tract,2021,01001020901_tract
01001020502,205.02,tract,2021,01001020502_tract
01001020503,205.03,tract,2021,01001020503_tract
01031010900,109,tract,2021,01031010900_tract
01031010500,105,tract,2021,01031010500_tract
01031011000,110,tract,2021,01031011000_tract
01031010800,108,tract,2021,01031010800_tract
01031011300,113,tract,2021,01031011300_tract
01031010600,106,tract,2021,01031010600_tract
01031010700,107,tract,2021,01031010700_tract
01031010200,102,tract,2021,01031010200_tract
01031010300,103,tract,2021,01031010300_tract
01031010400,104,tract,2021,01031010400_tract
01031010100,101,tract,2021,01031010100_tract
01097007600,76,tract,2021,01097007600_tract
01113031000,310,tract,2021,01113031000_tract
01113031200,312,tract,2021,01113031200_tract
01113030800,308,tract,2021,01113030800_tract
01113031100,311,tract,2021,01113031100_tract
01113030200,302,tract,2021,01113030200_tract
01113030300,303,tract,2021,01113030300_tract
01113030500,305,tract,2021,01113030500_tract
01031011100,111,tract,2021,01031011100_tract
01113030700,307,tract,2021,01113030700_tract
01083020500,205,tract,2021,01083020500_tract
01083020300,203,tract,2021,01083020300_tract
01073011109,111.09,tract,2021,01073011109_tract
01073014002,140.02,tract,2021,01073014002_tract
01073011002,110.02,tract,2021,01073011002_tract
01073012704,127.04,tract,2021,01073012704_tract
01073011110,111.10,tract,2021,01073011110_tract
01035960600,9606,tract,2021,01035960600_tract
01035960300,9603,tract,2021,01035960300_tract
01035960500,9605,tract,2021,01035960500_tract
01035960400,9604,tract,2021,01035960400_tract
01009050601,506.01,tract,2021,01009050601_tract
01031011205,112.05,tract,2021,01031011205_tract
01031011203,112.03,tract,2021,01031011203_tract
01031011206,112.06,tract,2021,01031011206_tract
01007010006,100.06,tract,2021,01007010006_tract
01007010011,100.11,tract,2021,01007010011_tract
01007010007,100.07,tract,2021,01007010007_tract
01007010005,100.05,tract,2021,01007010005_tract
01007010008,100.08,tract,2021,01007010008_tract
01007010009,100.09,tract,2021,01007010009_tract
01007010010,100.10,tract,2021,01007010010_tract
01089001200,12,tract,2021,01089001200_tract
01089010303,103.03,tract,2021,01089010303_tract
01089010629,106.29,tract,2021,01089010629_tract
01089002923,29.23,tract,2021,01089002923_tract
01089010627,106.27,tract,2021,01089010627_tract
01089010403,104.03,tract,2021,01089010403_tract
01089011024,110.24,tract,2021,01089011024_tract
01089011302,113.02,tract,2021,01089011302_tract
01089010706,107.06,tract,2021,01089010706_tract
01089002803,28.03,tract,2021,01089002803_tract
01089011202,112.02,tract,2021,01089011202_tract
01089011203,112.03,tract,2021,01089011203_tract
01089010504,105.04,tract,2021,01089010504_tract
01011952202,9522.02,tract,2021,01011952202_tract
01011952201,9522.01,tract,2021,01011952201_tract
01021060701,607.01,tract,2021,01021060701_tract
01021060702,607.02,tract,2021,01021060702_tract
01021060403,604.03,tract,2021,01021060403_tract
01021060404,604.04,tract,2021,01021060404_tract
01021060103,601.03,tract,2021,01021060103_tract
01021060104,601.04,tract,2021,01021060104_tract
01069040700,407,tract,2021,01069040700_tract
01069041000,410,tract,2021,01069041000_tract
01069041100,411,tract,2021,01069041100_tract
01069041200,412,tract,2021,01069041200_tract
01069041500,415,tract,2021,01069041500_tract
01069042100,421,tract,2021,01069042100_tract
01055010505,105.05,tract,2021,01055010505_tract
01055010202,102.02,tract,2021,01055010202_tract
01055010504,105.04,tract,2021,01055010504_tract
01055010503,105.03,tract,2021,01055010503_tract
01055010506,105.06,tract,2021,01055010506_tract
01133965602,9656.02,tract,2021,01133965602_tract
01133965601,9656.01,tract,2021,01133965601_tract
01071950901,9509.01,tract,2021,01071950901_tract
01071950902,9509.02,tract,2021,01071950902_tract
01071950302,9503.02,tract,2021,01071950302_tract
01071951102,9511.02,tract,2021,01071951102_tract
01071950602,9506.02,tract,2021,01071950602_tract
01071950101,9501.01,tract,2021,01071950101_tract
01071951101,9511.01,tract,2021,01071951101_tract
01071950102,9501.02,tract,2021,01071950102_tract
01095030803,308.03,tract,2021,01095030803_tract
01095030804,308.04,tract,2021,01095030804_tract
01095030204,302.04,tract,2021,01095030204_tract
01095030102,301.02,tract,2021,01095030102_tract
01095030206,302.06,tract,2021,01095030206_tract
01095030101,301.01,tract,2021,01095030101_tract
01095030302,303.02,tract,2021,01095030302_tract
01095030601,306.01,tract,2021,01095030601_tract
01095030602,306.02,tract,2021,01095030602_tract
01095030502,305.02,tract,2021,01095030502_tract
01095030301,303.01,tract,2021,01095030301_tract
01089000301,3.01,tract,2021,01089000301_tract
01089000302,3.02,tract,2021,01089000302_tract
01089002200,22,tract,2021,01089002200_tract
01089002722,27.22,tract,2021,01089002722_tract
01065040401,404.01,tract,2021,01065040401_tract
01065040402,404.02,tract,2021,01065040402_tract
01089002911,29.11,tract,2021,01089002911_tract
01013952800,9528,tract,2021,01013952800_tract
01089000501,5.01,tract,2021,01089000501_tract
01089000502,5.02,tract,2021,01089000502_tract
01089000503,5.03,tract,2021,01089000503_tract
01089000601,6.01,tract,2021,01089000601_tract
01089000701,7.01,tract,2021,01089000701_tract
01049960601,9606.01,tract,2021,01049960601_tract
01049960401,9604.01,tract,2021,01049960401_tract
01049960703,9607.03,tract,2021,01049960703_tract
01049960301,9603.01,tract,2021,01049960301_tract
01033020704,207.04,tract,2021,01033020704_tract
01091973001,9730.01,tract,2021,01091973001_tract
01091972901,9729.01,tract,2021,01091972901_tract
01091973002,9730.02,tract,2021,01091973002_tract
01091972902,9729.02,tract,2021,01091972902_tract
01047956101,9561.01,tract,2021,01047956101_tract
01047956102,9561.02,tract,2021,01047956102_tract
01047957302,9573.02,tract,2021,01047957302_tract
01047957301,9573.01,tract,2021,01047957301_tract
01033020703,207.03,tract,2021,01033020703_tract
01097006501,65.01,tract,2021,01097006501_tract
01097006702,67.02,tract,2021,01097006702_tract
01097006407,64.07,tract,2021,01097006407_tract
01097007201,72.01,tract,2021,01097007201_tract
01097007700,77,tract,2021,01097007700_tract
01097007400,74,tract,2021,01097007400_tract
01033020902,209.02,tract,2021,01033020902_tract
01033020901,209.01,tract,2021,01033020901_tract
01023956700,9567,tract,2021,01023956700_tract
01043964800,9648,tract,2021,01043964800_tract
01107050401,504.01,tract,2021,01107050401_tract
01107050402,504.02,tract,2021,01107050402_tract
01099076102,761.02,tract,2021,01099076102_tract
01099075901,759.01,tract,2021,01099075901_tract
01099076101,761.01,tract,2021,01099076101_tract
01099075902,759.02,tract,2021,01099075902_tract
01131034801,348.01,tract,2021,01131034801_tract
01131034802,348.02,tract,2021,01131034802_tract
01089000702,7.02,tract,2021,01089000702_tract
01087232100,2321,tract,2021,01087232100_tract
01103005305,53.05,tract,2021,01103005305_tract
01103005306,53.06,tract,2021,01103005306_tract
01103005201,52.01,tract,2021,01103005201_tract
01101002201,22.01,tract,2021,01101002201_tract
01101002202,22.02,tract,2021,01101002202_tract
01101002300,23,tract,2021,01101002300_tract
01101002400,24,tract,2021,01101002400_tract
01101002500,25,tract,2021,01101002500_tract
01101002600,26,tract,2021,01101002600_tract
01103000200,2,tract,2021,01103000200_tract
01073014001,140.01,tract,2021,01073014001_tract
01073014410,144.10,tract,2021,01073014410_tract
01087231602,2316.02,tract,2021,01087231602_tract
01087231601,2316.01,tract,2021,01087231601_tract
01087231603,2316.03,tract,2021,01087231603_tract
01003010904,109.04,tract,2021,01003010904_tract
01003011501,115.01,tract,2021,01003011501_tract
01011952100,9521,tract,2021,01011952100_tract
01069040302,403.02,tract,2021,01069040302_tract
01069040301,403.01,tract,2021,01069040301_tract
01025958003,9580.03,tract,2021,01025958003_tract
01025957603,9576.03,tract,2021,01025957603_tract
01025957604,9576.04,tract,2021,01025957604_tract
01003010400,104,tract,2021,01003010400_tract
01003011201,112.01,tract,2021,01003011201_tract
01003010800,108,tract,2021,01003010800_tract
01003011000,110,tract,2021,01003011000_tract
01003010300,103,tract,2021,01003010300_tract
01003010500,105,tract,2021,01003010500_tract
01003011300,113,tract,2021,01003011300_tract
01003010704,107.04,tract,2021,01003010704_tract
01003010100,101,tract,2021,01003010100_tract
01033020802,208.02,tract,2021,01033020802_tract
01033021000,210,tract,2021,01033021000_tract
01033020801,208.01,tract,2021,01033020801_tract
01033020100,201,tract,2021,01033020100_tract
01003010200,102,tract,2021,01003010200_tract
01003010600,106,tract,2021,01003010600_tract
01111000100,1,tract,2021,01111000100_tract
01111000200,2,tract,2021,01111000200_tract
01095030801,308.01,tract,2021,01095030801_tract
01095031100,311,tract,2021,01095031100_tract
01095030902,309.02,tract,2021,01095030902_tract
01043964400,9644,tract,2021,01043964400_tract
01043964500,9645,tract,2021,01043964500_tract
01043964100,9641,tract,2021,01043964100_tract
01043964700,9647,tract,2021,01043964700_tract
01043965600,9656,tract,2021,01043965600_tract
01043965700,9657,tract,2021,01043965700_tract
01043965300,9653,tract,2021,01043965300_tract
01095031200,312,tract,2021,01095031200_tract
01073004901,49.01,tract,2021,01073004901_tract
01073005104,51.04,tract,2021,01073005104_tract
01073011108,111.08,tract,2021,01073011108_tract
01073005910,59.10,tract,2021,01073005910_tract
01079979100,9791,tract,2021,01079979100_tract
01079979900,9799,tract,2021,01079979900_tract
01079979800,9798,tract,2021,01079979800_tract
01079979700,9797,tract,2021,01079979700_tract
01079979600,9796,tract,2021,01079979600_tract
01079979400,9794,tract,2021,01079979400_tract
01079979300,9793,tract,2021,01079979300_tract
01131035100,351,tract,2021,01131035100_tract
01131034700,347,tract,2021,01131034700_tract
01131035200,352,tract,2021,01131035200_tract
01033020705,207.05,tract,2021,01033020705_tract
01033020706,207.06,tract,2021,01033020706_tract
01073012914,129.14,tract,2021,01073012914_tract
01073014412,144.12,tract,2021,01073014412_tract
01073012910,129.10,tract,2021,01073012910_tract
01073012911,129.11,tract,2021,01073012911_tract
01073012802,128.02,tract,2021,01073012802_tract
01073012913,129.13,tract,2021,01073012913_tract
01073011904,119.04,tract,2021,01073011904_tract
01093964001,9640.01,tract,2021,01093964001_tract
01015002104,21.04,tract,2021,01015002104_tract
01093964002,9640.02,tract,2021,01093964002_tract
01077011401,114.01,tract,2021,01077011401_tract
01093964701,9647.01,tract,2021,01093964701_tract
01077011605,116.05,tract,2021,01077011605_tract
01093964702,9647.02,tract,2021,01093964702_tract
01077011503,115.03,tract,2021,01077011503_tract
01093964402,9644.02,tract,2021,01093964402_tract
01093964401,9644.01,tract,2021,01093964401_tract
01077011606,116.06,tract,2021,01077011606_tract
01077011402,114.02,tract,2021,01077011402_tract
01077011504,115.04,tract,2021,01077011504_tract
01077010902,109.02,tract,2021,01077010902_tract
01077010901,109.01,tract,2021,01077010901_tract
01095030205,302.05,tract,2021,01095030205_tract
01095030203,302.03,tract,2021,01095030203_tract
01095030501,305.01,tract,2021,01095030501_tract
01095031002,310.02,tract,2021,01095031002_tract
01095031001,310.01,tract,2021,01095031001_tract
01123962302,9623.02,tract,2021,01123962302_tract
01123962301,9623.01,tract,2021,01123962301_tract
01123962702,9627.02,tract,2021,01123962702_tract
01123962701,9627.01,tract,2021,01123962701_tract
01077010600,106,tract,2021,01077010600_tract
01029959700,9597,tract,2021,01029959700_tract
01029959500,9595,tract,2021,01029959500_tract
01029959800,9598,tract,2021,01029959800_tract
01029959600,9596,tract,2021,01029959600_tract
01017953900,9539,tract,2021,01017953900_tract
01047956202,9562.02,tract,2021,01047956202_tract
01089010705,107.05,tract,2021,01089010705_tract
01089010625,106.25,tract,2021,01089010625_tract
01089010404,104.04,tract,2021,01089010404_tract
01073014209,142.09,tract,2021,01073014209_tract
01073014208,142.08,tract,2021,01073014208_tract
01073014206,142.06,tract,2021,01073014206_tract
01073014205,142.05,tract,2021,01073014205_tract
01073014207,142.07,tract,2021,01073014207_tract
01073014303,143.03,tract,2021,01073014303_tract
01073014106,141.06,tract,2021,01073014106_tract
01073004502,45.02,tract,2021,01073004502_tract
01073004501,45.01,tract,2021,01073004501_tract
01073002701,27.01,tract,2021,01073002701_tract
01073002402,24.02,tract,2021,01073002402_tract
01073002401,24.01,tract,2021,01073002401_tract
01073012917,129.17,tract,2021,01073012917_tract
01073011115,111.15,tract,2021,01073011115_tract
01073011114,111.14,tract,2021,01073011114_tract
01073012918,129.18,tract,2021,01073012918_tract
01073011709,117.09,tract,2021,01073011709_tract
01073014304,143.04,tract,2021,01073014304_tract
01097002301,23.01,tract,2021,01097002301_tract
01117030314,303.14,tract,2021,01117030314_tract
01117030317,303.17,tract,2021,01117030317_tract
01117030319,303.19,tract,2021,01117030319_tract
01081040300,403,tract,2021,01081040300_tract
01097002302,23.02,tract,2021,01097002302_tract
01097006902,69.02,tract,2021,01097006902_tract
01081040700,407,tract,2021,01081040700_tract
01081041300,413,tract,2021,01081041300_tract
01097002502,25.02,tract,2021,01097002502_tract
01097005300,53,tract,2021,01097005300_tract
01097006000,60,tract,2021,01097006000_tract
01097006103,61.03,tract,2021,01097006103_tract
01097006802,68.02,tract,2021,01097006802_tract
01097007000,70,tract,2021,01097007000_tract
01097000200,2,tract,2021,01097000200_tract
01097000401,4.01,tract,2021,01097000401_tract
01097000402,4.02,tract,2021,01097000402_tract
01097000600,6,tract,2021,01097000600_tract
01097005400,54,tract,2021,01097005400_tract
01081041400,414,tract,2021,01081041400_tract
01081041600,416,tract,2021,01081041600_tract
01081041200,412,tract,2021,01081041200_tract
01097002400,24,tract,2021,01097002400_tract
01097003708,37.08,tract,2021,01097003708_tract
01003011102,111.02,tract,2021,01003011102_tract
01097003710,37.10,tract,2021,01097003710_tract
01097002501,25.01,tract,2021,01097002501_tract
01097003205,32.05,tract,2021,01097003205_tract
01097003302,33.02,tract,2021,01097003302_tract
01097003402,34.02,tract,2021,01097003402_tract
01117030320,303.20,tract,2021,01117030320_tract
01117030701,307.01,tract,2021,01117030701_tract
01097003405,34.05,tract,2021,01097003405_tract
01097003406,34.06,tract,2021,01097003406_tract
01097003901,39.01,tract,2021,01097003901_tract
01097003902,39.02,tract,2021,01097003902_tract
01097000701,7.01,tract,2021,01097000701_tract
01097000702,7.02,tract,2021,01097000702_tract
01097002600,26,tract,2021,01097002600_tract
01097003408,34.08,tract,2021,01097003408_tract
01097004000,40,tract,2021,01097004000_tract
01097004100,41,tract,2021,01097004100_tract
01099076000,760,tract,2021,01099076000_tract
01099075800,758,tract,2021,01099075800_tract
01097002700,27,tract,2021,01097002700_tract
01099075700,757,tract,2021,01099075700_tract
01099076200,762,tract,2021,01099076200_tract
01099075600,756,tract,2021,01099075600_tract
01117030331,303.31,tract,2021,01117030331_tract
01117030800,308,tract,2021,01117030800_tract
01117030315,303.15,tract,2021,01117030315_tract
01117030607,306.07,tract,2021,01117030607_tract
01117030304,303.04,tract,2021,01117030304_tract
01117030316,303.16,tract,2021,01117030316_tract
01117030305,303.05,tract,2021,01117030305_tract
01117030330,303.30,tract,2021,01117030330_tract
01117030306,303.06,tract,2021,01117030306_tract
01097000901,9.01,tract,2021,01097000901_tract
01097000902,9.02,tract,2021,01097000902_tract
01097000903,9.03,tract,2021,01097000903_tract
01097001001,10.01,tract,2021,01097001001_tract
01097001002,10.02,tract,2021,01097001002_tract
01097001100,11,tract,2021,01097001100_tract
01097001302,13.02,tract,2021,01097001302_tract
01097001400,14,tract,2021,01097001400_tract
01097002800,28,tract,2021,01097002800_tract
01055011002,110.02,tract,2021,01055011002_tract
01055001200,12,tract,2021,01055001200_tract
01055010800,108,tract,2021,01055010800_tract
01055010602,106.02,tract,2021,01055010602_tract
01055000200,2,tract,2021,01055000200_tract
01055010401,104.01,tract,2021,01055010401_tract
01123962501,9625.01,tract,2021,01123962501_tract
01123961900,9619,tract,2021,01123961900_tract
01039962500,9625,tract,2021,01039962500_tract
01039962800,9628,tract,2021,01039962800_tract
01039962000,9620,tract,2021,01039962000_tract
01039962900,9629,tract,2021,01039962900_tract
01109189003,1890.03,tract,2021,01109189003_tract
01043965100,9651,tract,2021,01043965100_tract
01043964600,9646,tract,2021,01043964600_tract
01043965200,9652,tract,2021,01043965200_tract
01043964300,9643,tract,2021,01043964300_tract
01017954600,9546,tract,2021,01017954600_tract
01045020801,208.01,tract,2021,01045020801_tract
01017954200,9542,tract,2021,01017954200_tract
01017953800,9538,tract,2021,01017953800_tract
01017954300,9543,tract,2021,01017954300_tract
01017954700,9547,tract,2021,01017954700_tract
01125011600,116,tract,2021,01125011600_tract
01125011701,117.01,tract,2021,01125011701_tract
01125011800,118,tract,2021,01125011800_tract
01023956800,9568,tract,2021,01023956800_tract
01023956900,9569,tract,2021,01023956900_tract
01023957000,9570,tract,2021,01023957000_tract
01117030219,302.19,tract,2021,01117030219_tract
01117030611,306.11,tract,2021,01117030611_tract
01117030613,306.13,tract,2021,01117030613_tract
01117030614,306.14,tract,2021,01117030614_tract
01117030610,306.10,tract,2021,01117030610_tract
01117030616,306.16,tract,2021,01117030616_tract
01117030503,305.03,tract,2021,01117030503_tract
01117030615,306.15,tract,2021,01117030615_tract
01087232300,2323,tract,2021,01087232300_tract
01087231900,2319,tract,2021,01087231900_tract
01087231700,2317,tract,2021,01087231700_tract
01087232200,2322,tract,2021,01087232200_tract
01087232000,2320,tract,2021,01087232000_tract
01087231500,2315,tract,2021,01087231500_tract
01087231400,2314,tract,2021,01087231400_tract
01087231800,2318,tract,2021,01087231800_tract
28001000101,1.01,tract,2021,28001000101_tract
28001000102,1.02,tract,2021,28001000102_tract
28113950300,9503,tract,2021,28113950300_tract
28113950700,9507,tract,2021,28113950700_tract
28047003208,32.08,tract,2021,28047003208_tract
28155950100,9501,tract,2021,28155950100_tract
28155950300,9503,tract,2021,28155950300_tract
28155950200,9502,tract,2021,28155950200_tract
28075010601,106.01,tract,2021,28075010601_tract
28075010502,105.02,tract,2021,28075010502_tract
28075010303,103.03,tract,2021,28075010303_tract
28075010205,102.05,tract,2021,28075010205_tract
28075010501,105.01,tract,2021,28075010501_tract
28075000402,4.02,tract,2021,28075000402_tract
28075010204,102.04,tract,2021,28075010204_tract
28075000401,4.01,tract,2021,28075000401_tract
28075010203,102.03,tract,2021,28075010203_tract
28075010304,103.04,tract,2021,28075010304_tract
28065950102,9501.02,tract,2021,28065950102_tract
28065950101,9501.01,tract,2021,28065950101_tract
28141950102,9501.02,tract,2021,28141950102_tract
28141950101,9501.01,tract,2021,28141950101_tract
28141950302,9503.02,tract,2021,28141950302_tract
28141950402,9504.02,tract,2021,28141950402_tract
28141950401,9504.01,tract,2021,28141950401_tract
28141950301,9503.01,tract,2021,28141950301_tract
28075010602,106.02,tract,2021,28075010602_tract
28075010206,102.06,tract,2021,28075010206_tract
28077960200,9602,tract,2021,28077960200_tract
28077960100,9601,tract,2021,28077960100_tract
28077960300,9603,tract,2021,28077960300_tract
28003950502,9505.02,tract,2021,28003950502_tract
28003950401,9504.01,tract,2021,28003950401_tract
28003950402,9504.02,tract,2021,28003950402_tract
28003950501,9505.01,tract,2021,28003950501_tract
28003950202,9502.02,tract,2021,28003950202_tract
28003950201,9502.01,tract,2021,28003950201_tract
28017950401,9504.01,tract,2021,28017950401_tract
28017950402,9504.02,tract,2021,28017950402_tract
28163950602,9506.02,tract,2021,28163950602_tract
28163950601,9506.01,tract,2021,28163950601_tract
28099010102,101.02,tract,2021,28099010102_tract
28099010101,101.01,tract,2021,28099010101_tract
28079040401,404.01,tract,2021,28079040401_tract
28079040402,404.02,tract,2021,28079040402_tract
28035010101,101.01,tract,2021,28035010101_tract
28035010700,107,tract,2021,28035010700_tract
28143980000,9800,tract,2021,28143980000_tract
28047980000,9800,tract,2021,28047980000_tract
28047003700,37,tract,2021,28047003700_tract
28091950100,9501,tract,2021,28091950100_tract
28091950400,9504,tract,2021,28091950400_tract
28091950600,9506,tract,2021,28091950600_tract
28091950500,9505,tract,2021,28091950500_tract
28091950300,9503,tract,2021,28091950300_tract
28091950200,9502,tract,2021,28091950200_tract
28121020703,207.03,tract,2021,28121020703_tract
28121020213,202.13,tract,2021,28121020213_tract
28079040100,401,tract,2021,28079040100_tract
28079040500,405,tract,2021,28079040500_tract
28049010809,108.09,tract,2021,28049010809_tract
28049010808,108.08,tract,2021,28049010808_tract
28133950100,9501,tract,2021,28133950100_tract
28117950101,9501.01,tract,2021,28117950101_tract
28117950202,9502.02,tract,2021,28117950202_tract
28117950301,9503.01,tract,2021,28117950301_tract
28117950201,9502.01,tract,2021,28117950201_tract
28117950302,9503.02,tract,2021,28117950302_tract
28117950102,9501.02,tract,2021,28117950102_tract
28033070102,701.02,tract,2021,28033070102_tract
28033070323,703.23,tract,2021,28033070323_tract
28033070324,703.24,tract,2021,28033070324_tract
28033070721,707.21,tract,2021,28033070721_tract
28033070101,701.01,tract,2021,28033070101_tract
28033070421,704.21,tract,2021,28033070421_tract
28033070412,704.12,tract,2021,28033070412_tract
28049000400,4,tract,2021,28049000400_tract
28089030202,302.02,tract,2021,28089030202_tract
28033070523,705.23,tract,2021,28033070523_tract
28033070631,706.31,tract,2021,28033070631_tract
28033070524,705.24,tract,2021,28033070524_tract
28033070724,707.24,tract,2021,28033070724_tract
28033070635,706.35,tract,2021,28033070635_tract
28033071002,710.02,tract,2021,28033071002_tract
28033071001,710.01,tract,2021,28033071001_tract
28033070723,707.23,tract,2021,28033070723_tract
28033071123,711.23,tract,2021,28033071123_tract
28033070632,706.32,tract,2021,28033070632_tract
28033071122,711.22,tract,2021,28033071122_tract
28033071124,711.24,tract,2021,28033071124_tract
28033070634,706.34,tract,2021,28033070634_tract
28033070633,706.33,tract,2021,28033070633_tract
28033071121,711.21,tract,2021,28033071121_tract
28133950401,9504.01,tract,2021,28133950401_tract
28025950400,9504,tract,2021,28025950400_tract
28025950300,9503,tract,2021,28025950300_tract
28133950402,9504.02,tract,2021,28133950402_tract
28059042900,429,tract,2021,28059042900_tract
28059040203,402.03,tract,2021,28059040203_tract
28059990000,9900,tract,2021,28059990000_tract
28039950200,9502,tract,2021,28039950200_tract
28079040700,407,tract,2021,28079040700_tract
28149950902,9509.02,tract,2021,28149950902_tract
28149950901,9509.01,tract,2021,28149950901_tract
28079040600,406,tract,2021,28079040600_tract
28089030205,302.05,tract,2021,28089030205_tract
28059040500,405,tract,2021,28059040500_tract
28059042600,426,tract,2021,28059042600_tract
28135950400,9504,tract,2021,28135950400_tract
28135950100,9501,tract,2021,28135950100_tract
28135950300,9503,tract,2021,28135950300_tract
28135950200,9502,tract,2021,28135950200_tract
28089030900,309,tract,2021,28089030900_tract
28059040600,406,tract,2021,28059040600_tract
28087000102,1.02,tract,2021,28087000102_tract
28087000404,4.04,tract,2021,28087000404_tract
28087000403,4.03,tract,2021,28087000403_tract
28059041500,415,tract,2021,28059041500_tract
28059041600,416,tract,2021,28059041600_tract
28059041700,417,tract,2021,28059041700_tract
28089030105,301.05,tract,2021,28089030105_tract
28133950600,9506,tract,2021,28133950600_tract
28133950300,9503,tract,2021,28133950300_tract
28133950500,9505,tract,2021,28133950500_tract
28017950100,9501,tract,2021,28017950100_tract
28017950200,9502,tract,2021,28017950200_tract
28017950300,9503,tract,2021,28017950300_tract
28153950200,9502,tract,2021,28153950200_tract
28047000600,6,tract,2021,28047000600_tract
28047000900,9,tract,2021,28047000900_tract
28007060600,606,tract,2021,28007060600_tract
28007060400,604,tract,2021,28007060400_tract
28007060100,601,tract,2021,28007060100_tract
28007060300,603,tract,2021,28007060300_tract
28007060500,605,tract,2021,28007060500_tract
28007060200,602,tract,2021,28007060200_tract
28047001900,19,tract,2021,28047001900_tract
28047002300,23,tract,2021,28047002300_tract
28047002500,25,tract,2021,28047002500_tract
28047002600,26,tract,2021,28047002600_tract
28143950102,9501.02,tract,2021,28143950102_tract
28143950101,9501.01,tract,2021,28143950101_tract
28113950102,9501.02,tract,2021,28113950102_tract
28089030107,301.07,tract,2021,28089030107_tract
28157950201,9502.01,tract,2021,28157950201_tract
28157950202,9502.02,tract,2021,28157950202_tract
28047001600,16,tract,2021,28047001600_tract
28047001800,18,tract,2021,28047001800_tract
28075001101,11.01,tract,2021,28075001101_tract
28075001102,11.02,tract,2021,28075001102_tract
28075980000,9800,tract,2021,28075980000_tract
28113950400,9504,tract,2021,28113950400_tract
28113950200,9502,tract,2021,28113950200_tract
28059042700,427,tract,2021,28059042700_tract
28059041400,414,tract,2021,28059041400_tract
28059042500,425,tract,2021,28059042500_tract
28005950200,9502,tract,2021,28005950200_tract
28005950100,9501,tract,2021,28005950100_tract
28063950103,9501.03,tract,2021,28063950103_tract
28063950101,9501.01,tract,2021,28063950101_tract
28063950102,9501.02,tract,2021,28063950102_tract
28109950600,9506,tract,2021,28109950600_tract
28027950500,9505,tract,2021,28027950500_tract
28027950300,9503,tract,2021,28027950300_tract
28027950400,9504,tract,2021,28027950400_tract
28027950600,9506,tract,2021,28027950600_tract
28027950700,9507,tract,2021,28027950700_tract
28027950200,9502,tract,2021,28027950200_tract
28027950100,9501,tract,2021,28027950100_tract
28101050301,503.01,tract,2021,28101050301_tract
28101050302,503.02,tract,2021,28101050302_tract
28129950202,9502.02,tract,2021,28129950202_tract
28129950302,9503.02,tract,2021,28129950302_tract
28129950201,9502.01,tract,2021,28129950201_tract
28129950301,9503.01,tract,2021,28129950301_tract
28001000500,5,tract,2021,28001000500_tract
28001000400,4,tract,2021,28001000400_tract
28001000700,7,tract,2021,28001000700_tract
28001000300,3,tract,2021,28001000300_tract
28001000600,6,tract,2021,28001000600_tract
28001000200,2,tract,2021,28001000200_tract
28001000900,9,tract,2021,28001000900_tract
28081950800,9508,tract,2021,28081950800_tract
28081950700,9507,tract,2021,28081950700_tract
28147950102,9501.02,tract,2021,28147950102_tract
28147950301,9503.01,tract,2021,28147950301_tract
28147950302,9503.02,tract,2021,28147950302_tract
28147950101,9501.01,tract,2021,28147950101_tract
28001000800,8,tract,2021,28001000800_tract
28009950200,9502,tract,2021,28009950200_tract
28067950700,9507,tract,2021,28067950700_tract
28067951000,9510,tract,2021,28067951000_tract
28067950500,9505,tract,2021,28067950500_tract
28121020210,202.10,tract,2021,28121020210_tract
28121020208,202.08,tract,2021,28121020208_tract
28121020212,202.12,tract,2021,28121020212_tract
28121020209,202.09,tract,2021,28121020209_tract
28121980000,9800,tract,2021,28121980000_tract
28115950500,9505,tract,2021,28115950500_tract
28115950200,9502,tract,2021,28115950200_tract
28115950300,9503,tract,2021,28115950300_tract
28115950400,9504,tract,2021,28115950400_tract
28159950200,9502,tract,2021,28159950200_tract
28159950300,9503,tract,2021,28159950300_tract
28159950400,9504,tract,2021,28159950400_tract
28159950100,9501,tract,2021,28159950100_tract
28159950500,9505,tract,2021,28159950500_tract
28147950200,9502,tract,2021,28147950200_tract
28033070722,707.22,tract,2021,28033070722_tract
28033070222,702.22,tract,2021,28033070222_tract
28033070811,708.11,tract,2021,28033070811_tract
28033070812,708.12,tract,2021,28033070812_tract
28157950100,9501,tract,2021,28157950100_tract
28059041102,411.02,tract,2021,28059041102_tract
28059040205,402.05,tract,2021,28059040205_tract
28059040901,409.01,tract,2021,28059040901_tract
28059041302,413.02,tract,2021,28059041302_tract
28059040801,408.01,tract,2021,28059040801_tract
28059040104,401.04,tract,2021,28059040104_tract
28059041101,411.01,tract,2021,28059041101_tract
28059040702,407.02,tract,2021,28059040702_tract
28059041001,410.01,tract,2021,28059041001_tract
28059040106,401.06,tract,2021,28059040106_tract
28059040103,401.03,tract,2021,28059040103_tract
28059040206,402.06,tract,2021,28059040206_tract
28059040402,404.02,tract,2021,28059040402_tract
28059040701,407.01,tract,2021,28059040701_tract
28059040802,408.02,tract,2021,28059040802_tract
28059040207,402.07,tract,2021,28059040207_tract
28059040902,409.02,tract,2021,28059040902_tract
28059040903,409.03,tract,2021,28059040903_tract
28059042202,422.02,tract,2021,28059042202_tract
28059040208,402.08,tract,2021,28059040208_tract
28059040301,403.01,tract,2021,28059040301_tract
28059040302,403.02,tract,2021,28059040302_tract
28059040401,404.01,tract,2021,28059040401_tract
28059042201,422.01,tract,2021,28059042201_tract
28123020400,204,tract,2021,28123020400_tract
28123020600,206,tract,2021,28123020600_tract
28123020200,202,tract,2021,28123020200_tract
28123020500,205,tract,2021,28123020500_tract
28039950304,9503.04,tract,2021,28039950304_tract
28039950303,9503.03,tract,2021,28039950303_tract
28033070900,709,tract,2021,28033070900_tract
28033071200,712,tract,2021,28033071200_tract
28033070610,706.10,tract,2021,28033070610_tract
28033070830,708.30,tract,2021,28033070830_tract
28055950100,9501,tract,2021,28055950100_tract
28033070210,702.10,tract,2021,28033070210_tract
28043950202,9502.02,tract,2021,28043950202_tract
28043950102,9501.02,tract,2021,28043950102_tract
28043950201,9502.01,tract,2021,28043950201_tract
28043950101,9501.01,tract,2021,28043950101_tract
28033070310,703.10,tract,2021,28033070310_tract
28033070322,703.22,tract,2021,28033070322_tract
28045030400,304,tract,2021,28045030400_tract
28029950600,9506,tract,2021,28029950600_tract
28029950200,9502,tract,2021,28029950200_tract
28029950400,9504,tract,2021,28029950400_tract
28029950300,9503,tract,2021,28029950300_tract
28125950200,9502,tract,2021,28125950200_tract
28125950100,9501,tract,2021,28125950100_tract
28067950201,9502.01,tract,2021,28067950201_tract
28067950101,9501.01,tract,2021,28067950101_tract
28067950202,9502.02,tract,2021,28067950202_tract
28067950102,9501.02,tract,2021,28067950102_tract
28067950602,9506.02,tract,2021,28067950602_tract
28067950601,9506.01,tract,2021,28067950601_tract
28067950901,9509.01,tract,2021,28067950901_tract
28067950801,9508.01,tract,2021,28067950801_tract
28067950802,9508.02,tract,2021,28067950802_tract
28067951101,9511.01,tract,2021,28067951101_tract
28067951102,9511.02,tract,2021,28067951102_tract
28067950902,9509.02,tract,2021,28067950902_tract
28061950401,9504.01,tract,2021,28061950401_tract
28061950402,9504.02,tract,2021,28061950402_tract
28061950101,9501.01,tract,2021,28061950101_tract
28061950102,9501.02,tract,2021,28061950102_tract
28061950301,9503.01,tract,2021,28061950301_tract
28061950302,9503.02,tract,2021,28061950302_tract
28047003216,32.16,tract,2021,28047003216_tract
28047002402,24.02,tract,2021,28047002402_tract
28047003104,31.04,tract,2021,28047003104_tract
28047003513,35.13,tract,2021,28047003513_tract
28047003105,31.05,tract,2021,28047003105_tract
28047003305,33.05,tract,2021,28047003305_tract
28047003506,35.06,tract,2021,28047003506_tract
28047003405,34.05,tract,2021,28047003405_tract
28047003103,31.03,tract,2021,28047003103_tract
28047002802,28.02,tract,2021,28047002802_tract
28047003211,32.11,tract,2021,28047003211_tract
28047003509,35.09,tract,2021,28047003509_tract
28047001702,17.02,tract,2021,28047001702_tract
28047003106,31.06,tract,2021,28047003106_tract
28047002701,27.01,tract,2021,28047002701_tract
28047002002,20.02,tract,2021,28047002002_tract
28047003309,33.09,tract,2021,28047003309_tract
28047003210,32.10,tract,2021,28047003210_tract
28047003214,32.14,tract,2021,28047003214_tract
28047003307,33.07,tract,2021,28047003307_tract
28047001505,15.05,tract,2021,28047001505_tract
28047003107,31.07,tract,2021,28047003107_tract
28047002702,27.02,tract,2021,28047002702_tract
28131020204,202.04,tract,2021,28131020204_tract
28131020206,202.06,tract,2021,28131020206_tract
28131020205,202.05,tract,2021,28131020205_tract
28131020203,202.03,tract,2021,28131020203_tract
28041950201,9502.01,tract,2021,28041950201_tract
28041950102,9501.02,tract,2021,28041950102_tract
28041950202,9502.02,tract,2021,28041950202_tract
28041950101,9501.01,tract,2021,28041950101_tract
28025950500,9505,tract,2021,28025950500_tract
28025950100,9501,tract,2021,28025950100_tract
28025950200,9502,tract,2021,28025950200_tract
28071950203,9502.03,tract,2021,28071950203_tract
28071950204,9502.04,tract,2021,28071950204_tract
28071950303,9503.03,tract,2021,28071950303_tract
28071950504,9505.04,tract,2021,28071950504_tract
28071950304,9503.04,tract,2021,28071950304_tract
28071950404,9504.04,tract,2021,28071950404_tract
28071950505,9505.05,tract,2021,28071950505_tract
28071950507,9505.07,tract,2021,28071950507_tract
28071950506,9505.06,tract,2021,28071950506_tract
28071950403,9504.03,tract,2021,28071950403_tract
28083950700,9507,tract,2021,28083950700_tract
28121020803,208.03,tract,2021,28121020803_tract
28121020500,205,tract,2021,28121020500_tract
28121020301,203.01,tract,2021,28121020301_tract
28121020101,201.01,tract,2021,28121020101_tract
28121020402,204.02,tract,2021,28121020402_tract
28121021001,210.01,tract,2021,28121021001_tract
28083950800,9508,tract,2021,28083950800_tract
28083950900,9509,tract,2021,28083950900_tract
28083950400,9504,tract,2021,28083950400_tract
28083950600,9506,tract,2021,28083950600_tract
28083950300,9503,tract,2021,28083950300_tract
28083950200,9502,tract,2021,28083950200_tract
28083950100,9501,tract,2021,28083950100_tract
28161950200,9502,tract,2021,28161950200_tract
28161950100,9501,tract,2021,28161950100_tract
28123020101,201.01,tract,2021,28123020101_tract
28123020301,203.01,tract,2021,28123020301_tract
28123020102,201.02,tract,2021,28123020102_tract
28123020302,203.02,tract,2021,28123020302_tract
28107950601,9506.01,tract,2021,28107950601_tract
28107950302,9503.02,tract,2021,28107950302_tract
28107950602,9506.02,tract,2021,28107950602_tract
28107950502,9505.02,tract,2021,28107950502_tract
28107950102,9501.02,tract,2021,28107950102_tract
28107950101,9501.01,tract,2021,28107950101_tract
28107950501,9505.01,tract,2021,28107950501_tract
28107950301,9503.01,tract,2021,28107950301_tract
28107950201,9502.01,tract,2021,28107950201_tract
28107950202,9502.02,tract,2021,28107950202_tract
28031950401,9504.01,tract,2021,28031950401_tract
28031950402,9504.02,tract,2021,28031950402_tract
28049010301,103.01,tract,2021,28049010301_tract
28049001000,10,tract,2021,28049001000_tract
28049001200,12,tract,2021,28049001200_tract
28049002300,23,tract,2021,28049002300_tract
28049002500,25,tract,2021,28049002500_tract
28049001500,15,tract,2021,28049001500_tract
28049001600,16,tract,2021,28049001600_tract
28011950601,9506.01,tract,2021,28011950601_tract
28011950602,9506.02,tract,2021,28011950602_tract
28149950102,9501.02,tract,2021,28149950102_tract
28149950101,9501.01,tract,2021,28149950101_tract
28109950300,9503,tract,2021,28109950300_tract
28047003407,34.07,tract,2021,28047003407_tract
28047003508,35.08,tract,2021,28047003508_tract
28093950302,9503.02,tract,2021,28093950302_tract
28093950301,9503.01,tract,2021,28093950301_tract
28093950201,9502.01,tract,2021,28093950201_tract
28093950101,9501.01,tract,2021,28093950101_tract
28093950502,9505.02,tract,2021,28093950502_tract
28093950501,9505.01,tract,2021,28093950501_tract
28093950202,9502.02,tract,2021,28093950202_tract
28093950102,9501.02,tract,2021,28093950102_tract
28049010305,103.05,tract,2021,28049010305_tract
28081950403,9504.03,tract,2021,28081950403_tract
28081950404,9504.04,tract,2021,28081950404_tract
28081950203,9502.03,tract,2021,28081950203_tract
28081950501,9505.01,tract,2021,28081950501_tract
28081951102,9511.02,tract,2021,28081951102_tract
28081951101,9511.01,tract,2021,28081951101_tract
28081950204,9502.04,tract,2021,28081950204_tract
28081950502,9505.02,tract,2021,28081950502_tract
28115950102,9501.02,tract,2021,28115950102_tract
28115950101,9501.01,tract,2021,28115950101_tract
28127950301,9503.01,tract,2021,28127950301_tract
28127950302,9503.02,tract,2021,28127950302_tract
28127950102,9501.02,tract,2021,28127950102_tract
28127950401,9504.01,tract,2021,28127950401_tract
28127950403,9504.03,tract,2021,28127950403_tract
28127950101,9501.01,tract,2021,28127950101_tract
28127950402,9504.02,tract,2021,28127950402_tract
28121020804,208.04,tract,2021,28121020804_tract
28121020304,203.04,tract,2021,28121020304_tract
28121021005,210.05,tract,2021,28121021005_tract
28121021004,210.04,tract,2021,28121021004_tract
28121020217,202.17,tract,2021,28121020217_tract
28121020602,206.02,tract,2021,28121020602_tract
28121020601,206.01,tract,2021,28121020601_tract
28121020219,202.19,tract,2021,28121020219_tract
28121020303,203.03,tract,2021,28121020303_tract
28121020705,207.05,tract,2021,28121020705_tract
28121020218,202.18,tract,2021,28121020218_tract
28121020805,208.05,tract,2021,28121020805_tract
28121020216,202.16,tract,2021,28121020216_tract
28121020902,209.02,tract,2021,28121020902_tract
28035000200,2,tract,2021,28035000200_tract
28051950300,9503,tract,2021,28051950300_tract
28139950100,9501,tract,2021,28139950100_tract
28139950300,9503,tract,2021,28139950300_tract
28097950100,9501,tract,2021,28097950100_tract
28097950200,9502,tract,2021,28097950200_tract
28117950500,9505,tract,2021,28117950500_tract
28117950400,9504,tract,2021,28117950400_tract
28023950300,9503,tract,2021,28023950300_tract
28023950400,9504,tract,2021,28023950400_tract
28023950100,9501,tract,2021,28023950100_tract
28003950100,9501,tract,2021,28003950100_tract
28003950300,9503,tract,2021,28003950300_tract
28003950700,9507,tract,2021,28003950700_tract
28003950600,9506,tract,2021,28003950600_tract
28087000800,8,tract,2021,28087000800_tract
28087000500,5,tract,2021,28087000500_tract
28087001000,10,tract,2021,28087001000_tract
28087000600,6,tract,2021,28087000600_tract
28087001100,11,tract,2021,28087001100_tract
28087000700,7,tract,2021,28087000700_tract
28107950400,9504,tract,2021,28107950400_tract
28057950202,9502.02,tract,2021,28057950202_tract
28057950201,9502.01,tract,2021,28057950201_tract
28013950400,9504,tract,2021,28013950400_tract
28013950100,9501,tract,2021,28013950100_tract
28013950500,9505,tract,2021,28013950500_tract
28013950200,9502,tract,2021,28013950200_tract
28013950300,9503,tract,2021,28013950300_tract
28015950100,9501,tract,2021,28015950100_tract
28053950300,9503,tract,2021,28053950300_tract
28081950102,9501.02,tract,2021,28081950102_tract
28081950302,9503.02,tract,2021,28081950302_tract
28081950901,9509.01,tract,2021,28081950901_tract
28081951002,9510.02,tract,2021,28081951002_tract
28081950101,9501.01,tract,2021,28081950101_tract
28073020502,205.02,tract,2021,28073020502_tract
28073020402,204.02,tract,2021,28073020402_tract
28073020501,205.01,tract,2021,28073020501_tract
28073020102,201.02,tract,2021,28073020102_tract
28073020401,204.01,tract,2021,28073020401_tract
28073020205,202.05,tract,2021,28073020205_tract
28073020306,203.06,tract,2021,28073020306_tract
28073020304,203.04,tract,2021,28073020304_tract
28073020303,203.03,tract,2021,28073020303_tract
28073020101,201.01,tract,2021,28073020101_tract
28073020307,203.07,tract,2021,28073020307_tract
28073020308,203.08,tract,2021,28073020308_tract
28073020204,202.04,tract,2021,28073020204_tract
28073020206,202.06,tract,2021,28073020206_tract
28073020203,202.03,tract,2021,28073020203_tract
28073020305,203.05,tract,2021,28073020305_tract
28081950202,9502.02,tract,2021,28081950202_tract
28081950602,9506.02,tract,2021,28081950602_tract
28081950601,9506.01,tract,2021,28081950601_tract
28081951001,9510.01,tract,2021,28081951001_tract
28081950301,9503.01,tract,2021,28081950301_tract
28081980000,9800,tract,2021,28081980000_tract
28081950902,9509.02,tract,2021,28081950902_tract
28081950401,9504.01,tract,2021,28081950401_tract
28033070522,705.22,tract,2021,28033070522_tract
28053950100,9501,tract,2021,28053950100_tract
28053950200,9502,tract,2021,28053950200_tract
28075000300,3,tract,2021,28075000300_tract
28049010501,105.01,tract,2021,28049010501_tract
28049011203,112.03,tract,2021,28049011203_tract
28049011204,112.04,tract,2021,28049011204_tract
28049010502,105.02,tract,2021,28049010502_tract
28049011600,116,tract,2021,28049011600_tract
28049010104,101.04,tract,2021,28049010104_tract
28049011105,111.05,tract,2021,28049011105_tract
28049011104,111.04,tract,2021,28049011104_tract
28049010103,101.03,tract,2021,28049010103_tract
28075000600,6,tract,2021,28075000600_tract
28101050500,505,tract,2021,28101050500_tract
28101050400,504,tract,2021,28101050400_tract
28101050200,502,tract,2021,28101050200_tract
28101050100,501,tract,2021,28101050100_tract
28069030100,301,tract,2021,28069030100_tract
28069030200,302,tract,2021,28069030200_tract
28105950300,9503,tract,2021,28105950300_tract
28105950500,9505,tract,2021,28105950500_tract
28095950201,9502.01,tract,2021,28095950201_tract
28095950202,9502.02,tract,2021,28095950202_tract
28095950101,9501.01,tract,2021,28095950101_tract
28095950102,9501.02,tract,2021,28095950102_tract
28063950200,9502,tract,2021,28063950200_tract
28059040105,401.05,tract,2021,28059040105_tract
28059041002,410.02,tract,2021,28059041002_tract
28059041301,413.01,tract,2021,28059041301_tract
28021950200,9502,tract,2021,28021950200_tract
28051950501,9505.01,tract,2021,28051950501_tract
28035000500,5,tract,2021,28035000500_tract
28035001100,11,tract,2021,28035001100_tract
28035000800,8,tract,2021,28035000800_tract
28035010500,105,tract,2021,28035010500_tract
28051950502,9505.02,tract,2021,28051950502_tract
28035010400,104,tract,2021,28035010400_tract
28035010300,103,tract,2021,28035010300_tract
28021950100,9501,tract,2021,28021950100_tract
28021950300,9503,tract,2021,28021950300_tract
28035000300,3,tract,2021,28035000300_tract
28035001000,10,tract,2021,28035001000_tract
28035000700,7,tract,2021,28035000700_tract
28035000900,9,tract,2021,28035000900_tract
28033070221,702.21,tract,2021,28033070221_tract
28141950200,9502,tract,2021,28141950200_tract
28037950102,9501.02,tract,2021,28037950102_tract
28037950101,9501.01,tract,2021,28037950101_tract
28139950201,9502.01,tract,2021,28139950201_tract
28139950202,9502.02,tract,2021,28139950202_tract
28139950401,9504.01,tract,2021,28139950401_tract
28139950402,9504.02,tract,2021,28139950402_tract
28085950401,9504.01,tract,2021,28085950401_tract
28085950601,9506.01,tract,2021,28085950601_tract
28085950602,9506.02,tract,2021,28085950602_tract
28085950301,9503.01,tract,2021,28085950301_tract
28045030304,303.04,tract,2021,28045030304_tract
28045030605,306.05,tract,2021,28045030605_tract
28045030501,305.01,tract,2021,28045030501_tract
28045030502,305.02,tract,2021,28045030502_tract
28045030503,305.03,tract,2021,28045030503_tract
28045030604,306.04,tract,2021,28045030604_tract
28045030603,306.03,tract,2021,28045030603_tract
28095950300,9503,tract,2021,28095950300_tract
28095950700,9507,tract,2021,28095950700_tract
28095950600,9506,tract,2021,28095950600_tract
28095950400,9504,tract,2021,28095950400_tract
28095950800,9508,tract,2021,28095950800_tract
28089030403,304.03,tract,2021,28089030403_tract
28089030109,301.09,tract,2021,28089030109_tract
28089030111,301.11,tract,2021,28089030111_tract
28089030112,301.12,tract,2021,28089030112_tract
28089030402,304.02,tract,2021,28089030402_tract
28089030401,304.01,tract,2021,28089030401_tract
28089030208,302.08,tract,2021,28089030208_tract
28089030207,302.07,tract,2021,28089030207_tract
28089030110,301.10,tract,2021,28089030110_tract
28089031100,311,tract,2021,28089031100_tract
28089030502,305.02,tract,2021,28089030502_tract
28089030501,305.01,tract,2021,28089030501_tract
28089030206,302.06,tract,2021,28089030206_tract
28137950201,9502.01,tract,2021,28137950201_tract
28137950202,9502.02,tract,2021,28137950202_tract
28033070521,705.21,tract,2021,28033070521_tract
28005950302,9503.02,tract,2021,28005950302_tract
28005950301,9503.01,tract,2021,28005950301_tract
28047003507,35.07,tract,2021,28047003507_tract
28109950102,9501.02,tract,2021,28109950102_tract
28109950702,9507.02,tract,2021,28109950702_tract
28109950504,9505.04,tract,2021,28109950504_tract
28109950701,9507.01,tract,2021,28109950701_tract
28109950403,9504.03,tract,2021,28109950403_tract
28109950405,9504.05,tract,2021,28109950405_tract
28109950506,9505.06,tract,2021,28109950506_tract
28109950505,9505.05,tract,2021,28109950505_tract
28109950406,9504.06,tract,2021,28109950406_tract
28109950202,9502.02,tract,2021,28109950202_tract
28109950503,9505.03,tract,2021,28109950503_tract
28109950101,9501.01,tract,2021,28109950101_tract
28109950404,9504.04,tract,2021,28109950404_tract
28109950201,9502.01,tract,2021,28109950201_tract
28153950302,9503.02,tract,2021,28153950302_tract
28153950301,9503.01,tract,2021,28153950301_tract
28153950101,9501.01,tract,2021,28153950101_tract
28153950402,9504.02,tract,2021,28153950402_tract
28153950401,9504.01,tract,2021,28153950401_tract
28153950102,9501.02,tract,2021,28153950102_tract
28047003313,33.13,tract,2021,28047003313_tract
28047003310,33.10,tract,2021,28047003310_tract
28047003308,33.08,tract,2021,28047003308_tract
28075000800,8,tract,2021,28075000800_tract
28031950100,9501,tract,2021,28031950100_tract
28031950200,9502,tract,2021,28031950200_tract
28035010601,106.01,tract,2021,28035010601_tract
28035010602,106.02,tract,2021,28035010602_tract
28035010202,102.02,tract,2021,28035010202_tract
28035010201,102.01,tract,2021,28035010201_tract
28035010104,101.04,tract,2021,28035010104_tract
28035000601,6.01,tract,2021,28035000601_tract
28035000602,6.02,tract,2021,28035000602_tract
28035010103,101.03,tract,2021,28035010103_tract
28051950200,9502,tract,2021,28051950200_tract
28051950100,9501,tract,2021,28051950100_tract
28051950400,9504,tract,2021,28051950400_tract
28085950302,9503.02,tract,2021,28085950302_tract
28085950402,9504.02,tract,2021,28085950402_tract
28085950201,9502.01,tract,2021,28085950201_tract
28085950202,9502.02,tract,2021,28085950202_tract
28033070422,704.22,tract,2021,28033070422_tract
28033070411,704.11,tract,2021,28033070411_tract
28033070821,708.21,tract,2021,28033070821_tract
28033070325,703.25,tract,2021,28033070325_tract
28033070822,708.22,tract,2021,28033070822_tract
28047003403,34.03,tract,2021,28047003403_tract
28103950200,9502,tract,2021,28103950200_tract
28103950300,9503,tract,2021,28103950300_tract
28103950100,9501,tract,2021,28103950100_tract
28049000302,3.02,tract,2021,28049000302_tract
28049000301,3.01,tract,2021,28049000301_tract
28049011400,114,tract,2021,28049011400_tract
28049002100,21,tract,2021,28049002100_tract
28049011500,115,tract,2021,28049011500_tract
28113950502,9505.02,tract,2021,28113950502_tract
28113950601,9506.01,tract,2021,28113950601_tract
28113950501,9505.01,tract,2021,28113950501_tract
28113950104,9501.04,tract,2021,28113950104_tract
28113950602,9506.02,tract,2021,28113950602_tract
28113950103,9501.03,tract,2021,28113950103_tract
28089030108,301.08,tract,2021,28089030108_tract
28045990000,9900,tract,2021,28045990000_tract
28047003800,38,tract,2021,28047003800_tract
28047990000,9900,tract,2021,28047990000_tract
28075010700,107,tract,2021,28075010700_tract
28047003600,36,tract,2021,28047003600_tract
28075010301,103.01,tract,2021,28075010301_tract
28075010400,104,tract,2021,28075010400_tract
28075001000,10,tract,2021,28075001000_tract
28075000200,2,tract,2021,28075000200_tract
28075000900,9,tract,2021,28075000900_tract
28075000700,7,tract,2021,28075000700_tract
28047002900,29,tract,2021,28047002900_tract
28143950200,9502,tract,2021,28143950200_tract
28151000701,7.01,tract,2021,28151000701_tract
28011950300,9503,tract,2021,28011950300_tract
28011950200,9502,tract,2021,28011950200_tract
28011950500,9505,tract,2021,28011950500_tract
28011950400,9504,tract,2021,28011950400_tract
28011950100,9501,tract,2021,28011950100_tract
28071950201,9502.01,tract,2021,28071950201_tract
28071950502,9505.02,tract,2021,28071950502_tract
28151000702,7.02,tract,2021,28151000702_tract
28057950300,9503,tract,2021,28057950300_tract
28057950500,9505,tract,2021,28057950500_tract
28057950400,9504,tract,2021,28057950400_tract
28057950100,9501,tract,2021,28057950100_tract
28161950302,9503.02,tract,2021,28161950302_tract
28161950301,9503.01,tract,2021,28161950301_tract
28029950102,9501.02,tract,2021,28029950102_tract
28029950101,9501.01,tract,2021,28029950101_tract
28029950501,9505.01,tract,2021,28029950501_tract
28029950502,9505.02,tract,2021,28029950502_tract
28121020105,201.05,tract,2021,28121020105_tract
28121020901,209.01,tract,2021,28121020901_tract
28121020103,201.03,tract,2021,28121020103_tract
28121020806,208.06,tract,2021,28121020806_tract
28121020104,201.04,tract,2021,28121020104_tract
28121020215,202.15,tract,2021,28121020215_tract
28121020214,202.14,tract,2021,28121020214_tract
28071950100,9501,tract,2021,28071950100_tract
28151000100,1,tract,2021,28151000100_tract
28151000200,2,tract,2021,28151000200_tract
28151000800,8,tract,2021,28151000800_tract
28151000400,4,tract,2021,28151000400_tract
28151000300,3,tract,2021,28151000300_tract
28151002000,20,tract,2021,28151002000_tract
28151001500,15,tract,2021,28151001500_tract
28059041900,419,tract,2021,28059041900_tract
28059041800,418,tract,2021,28059041800_tract
28059042000,420,tract,2021,28059042000_tract
28121021003,210.03,tract,2021,28121021003_tract
28121020401,204.01,tract,2021,28121020401_tract
28121020801,208.01,tract,2021,28121020801_tract
28049003200,32,tract,2021,28049003200_tract
28049003400,34,tract,2021,28049003400_tract
28065950202,9502.02,tract,2021,28065950202_tract
28065950201,9502.01,tract,2021,28065950201_tract
28137950301,9503.01,tract,2021,28137950301_tract
28097950302,9503.02,tract,2021,28097950302_tract
28097950301,9503.01,tract,2021,28097950301_tract
28049003500,35,tract,2021,28049003500_tract
28145950500,9505,tract,2021,28145950500_tract
28145950100,9501,tract,2021,28145950100_tract
28145950600,9506,tract,2021,28145950600_tract
28145950300,9503,tract,2021,28145950300_tract
28145950400,9504,tract,2021,28145950400_tract
28145950200,9502,tract,2021,28145950200_tract
28049002200,22,tract,2021,28049002200_tract
28049003600,36,tract,2021,28049003600_tract
28059042100,421,tract,2021,28059042100_tract
28049000500,5,tract,2021,28049000500_tract
28011950702,9507.02,tract,2021,28011950702_tract
28049003700,37,tract,2021,28049003700_tract
28049000600,6,tract,2021,28049000600_tract
28011950701,9507.01,tract,2021,28011950701_tract
28151000600,6,tract,2021,28151000600_tract
28151000900,9,tract,2021,28151000900_tract
28151001000,10,tract,2021,28151001000_tract
28151001100,11,tract,2021,28151001100_tract
28151001200,12,tract,2021,28151001200_tract
28151001300,13,tract,2021,28151001300_tract
28049000900,9,tract,2021,28049000900_tract
28039950302,9503.02,tract,2021,28039950302_tract
28039950102,9501.02,tract,2021,28039950102_tract
28039950101,9501.01,tract,2021,28039950101_tract
28009950102,9501.02,tract,2021,28009950102_tract
28009950101,9501.01,tract,2021,28009950101_tract
28047004000,40,tract,2021,28047004000_tract
28047002401,24.01,tract,2021,28047002401_tract
28047001203,12.03,tract,2021,28047001203_tract
28047003902,39.02,tract,2021,28047003902_tract
28047001205,12.05,tract,2021,28047001205_tract
28047001204,12.04,tract,2021,28047001204_tract
28047001506,15.06,tract,2021,28047001506_tract
28047001207,12.07,tract,2021,28047001207_tract
28047003217,32.17,tract,2021,28047003217_tract
28047001206,12.06,tract,2021,28047001206_tract
28047001701,17.01,tract,2021,28047001701_tract
28047001503,15.03,tract,2021,28047001503_tract
28047001703,17.03,tract,2021,28047001703_tract
28047001402,14.02,tract,2021,28047001402_tract
28047001301,13.01,tract,2021,28047001301_tract
28047003901,39.01,tract,2021,28047003901_tract
28047002801,28.01,tract,2021,28047002801_tract
28047002001,20.01,tract,2021,28047002001_tract
28047001302,13.02,tract,2021,28047001302_tract
28047001504,15.04,tract,2021,28047001504_tract
28023950202,9502.02,tract,2021,28023950202_tract
28023950201,9502.01,tract,2021,28023950201_tract
28151001400,14,tract,2021,28151001400_tract
28071950301,9503.01,tract,2021,28071950301_tract
28111950102,9501.02,tract,2021,28111950102_tract
28111950101,9501.01,tract,2021,28111950101_tract
28137950302,9503.02,tract,2021,28137950302_tract
28151001600,16,tract,2021,28151001600_tract
28151001700,17,tract,2021,28151001700_tract
28151002100,21,tract,2021,28151002100_tract
28087000901,9.01,tract,2021,28087000901_tract
28087000406,4.06,tract,2021,28087000406_tract
28087000405,4.05,tract,2021,28087000405_tract
28087980000,9800,tract,2021,28087980000_tract
28087000103,1.03,tract,2021,28087000103_tract
28087000301,3.01,tract,2021,28087000301_tract
28087000104,1.04,tract,2021,28087000104_tract
28087000302,3.02,tract,2021,28087000302_tract
28087000902,9.02,tract,2021,28087000902_tract
28085950500,9505,tract,2021,28085950500_tract
28085950100,9501,tract,2021,28085950100_tract
28045030102,301.02,tract,2021,28045030102_tract
28045030302,303.02,tract,2021,28045030302_tract
28045030201,302.01,tract,2021,28045030201_tract
28045030202,302.02,tract,2021,28045030202_tract
28045030203,302.03,tract,2021,28045030203_tract
28045030301,303.01,tract,2021,28045030301_tract
28045030101,301.01,tract,2021,28045030101_tract
28045030303,303.03,tract,2021,28045030303_tract
28045030606,306.06,tract,2021,28045030606_tract
28047001401,14.01,tract,2021,28047001401_tract
28047003311,33.11,tract,2021,28047003311_tract
28047003312,33.12,tract,2021,28047003312_tract
28019950200,9502,tract,2021,28019950200_tract
28019950300,9503,tract,2021,28019950300_tract
28019950100,9501,tract,2021,28019950100_tract
28131020100,201,tract,2021,28131020100_tract
28149950700,9507,tract,2021,28149950700_tract
28149950200,9502,tract,2021,28149950200_tract
28149950500,9505,tract,2021,28149950500_tract
28149951102,9511.02,tract,2021,28149951102_tract
28149950400,9504,tract,2021,28149950400_tract
28149950300,9503,tract,2021,28149950300_tract
28149951101,9511.01,tract,2021,28149951101_tract
28149950600,9506,tract,2021,28149950600_tract
28149950800,9508,tract,2021,28149950800_tract
28099010500,105,tract,2021,28099010500_tract
28099940100,9401,tract,2021,28099940100_tract
28099010600,106,tract,2021,28099010600_tract
28099010400,104,tract,2021,28099010400_tract
28099010200,102,tract,2021,28099010200_tract
28099010700,107,tract,2021,28099010700_tract
28067980000,9800,tract,2021,28067980000_tract
28037950200,9502,tract,2021,28037950200_tract
28015950201,9502.01,tract,2021,28015950201_tract
28015950202,9502.02,tract,2021,28015950202_tract
28049010804,108.04,tract,2021,28049010804_tract
28049010805,108.05,tract,2021,28049010805_tract
28049010902,109.02,tract,2021,28049010902_tract
28049011002,110.02,tract,2021,28049011002_tract
28105950601,9506.01,tract,2021,28105950601_tract
28093950401,9504.01,tract,2021,28093950401_tract
28093950402,9504.02,tract,2021,28093950402_tract
28095950502,9505.02,tract,2021,28095950502_tract
28095950501,9505.01,tract,2021,28095950501_tract
28043950500,9505,tract,2021,28043950500_tract
28043950300,9503,tract,2021,28043950300_tract
28043950400,9504,tract,2021,28043950400_tract
28061950200,9502,tract,2021,28061950200_tract
28071950402,9504.02,tract,2021,28071950402_tract
28137950400,9504,tract,2021,28137950400_tract
28137950100,9501,tract,2021,28137950100_tract
28119950200,9502,tract,2021,28119950200_tract
28119950100,9501,tract,2021,28119950100_tract
28119950300,9503,tract,2021,28119950300_tract
28105950401,9504.01,tract,2021,28105950401_tract
28105950102,9501.02,tract,2021,28105950102_tract
28105950402,9504.02,tract,2021,28105950402_tract
28105950201,9502.01,tract,2021,28105950201_tract
28105950101,9501.01,tract,2021,28105950101_tract
28105950701,9507.01,tract,2021,28105950701_tract
28105950604,9506.04,tract,2021,28105950604_tract
28105950702,9507.02,tract,2021,28105950702_tract
28105950603,9506.03,tract,2021,28105950603_tract
28105950202,9502.02,tract,2021,28105950202_tract
28111950200,9502,tract,2021,28111950200_tract
28031950300,9503,tract,2021,28031950300_tract
28073020600,206,tract,2021,28073020600_tract
28047003512,35.12,tract,2021,28047003512_tract
28047003215,32.15,tract,2021,28047003215_tract
28047003406,34.06,tract,2021,28047003406_tract
28047003209,32.09,tract,2021,28047003209_tract
28047003212,32.12,tract,2021,28047003212_tract
28047003511,35.11,tract,2021,28047003511_tract
28047003510,35.10,tract,2021,28047003510_tract
28047003213,32.13,tract,2021,28047003213_tract
28047003001,30.01,tract,2021,28047003001_tract
28047003002,30.02,tract,2021,28047003002_tract
28047003306,33.06,tract,2021,28047003306_tract
28047003409,34.09,tract,2021,28047003409_tract
28047003408,34.08,tract,2021,28047003408_tract
28047003514,35.14,tract,2021,28047003514_tract
28129950100,9501,tract,2021,28129950100_tract
28127950500,9505,tract,2021,28127950500_tract
28127950200,9502,tract,2021,28127950200_tract
28049010801,108.01,tract,2021,28049010801_tract
28049010400,104,tract,2021,28049010400_tract
28049011001,110.01,tract,2021,28049011001_tract
28049010600,106,tract,2021,28049010600_tract
28049010304,103.04,tract,2021,28049010304_tract
28049003300,33,tract,2021,28049003300_tract
28049010807,108.07,tract,2021,28049010807_tract
28049003800,38,tract,2021,28049003800_tract
28163950100,9501,tract,2021,28163950100_tract
28163950500,9505,tract,2021,28163950500_tract
28163950400,9504,tract,2021,28163950400_tract
28163950200,9502,tract,2021,28163950200_tract
28163950300,9503,tract,2021,28163950300_tract
28049010806,108.06,tract,2021,28049010806_tract
28049010201,102.01,tract,2021,28049010201_tract
28049011103,111.03,tract,2021,28049011103_tract
28049000800,8,tract,2021,28049000800_tract
28049002700,27,tract,2021,28049002700_tract
28049001300,13,tract,2021,28049001300_tract
28049010700,107,tract,2021,28049010700_tract
28049010203,102.03,tract,2021,28049010203_tract
28049010202,102.02,tract,2021,28049010202_tract
28049011101,111.01,tract,2021,28049011101_tract
28049000700,7,tract,2021,28049000700_tract
28049010901,109.01,tract,2021,28049010901_tract
28049002400,24,tract,2021,28049002400_tract
28049003000,30,tract,2021,28049003000_tract
28049010102,101.02,tract,2021,28049010102_tract
28049001100,11,tract,2021,28049001100_tract
28049000100,1,tract,2021,28049000100_tract
28049001400,14,tract,2021,28049001400_tract
28049000200,2,tract,2021,28049000200_tract
28089030302,303.02,tract,2021,28089030302_tract
28089031000,310,tract,2021,28089031000_tract
28089030203,302.03,tract,2021,28089030203_tract
28089030301,303.01,tract,2021,28089030301_tract
28089030104,301.04,tract,2021,28089030104_tract
28089030600,306,tract,2021,28089030600_tract
28089030204,302.04,tract,2021,28089030204_tract
28049011300,113,tract,2021,28049011300_tract
28049011201,112.01,tract,2021,28049011201_tract
28133950200,9502,tract,2021,28133950200_tract
28067950402,9504.02,tract,2021,28067950402_tract
28067950302,9503.02,tract,2021,28067950302_tract
28067950301,9503.01,tract,2021,28067950301_tract
28067950401,9504.01,tract,2021,28067950401_tract
01063060102,601.02,tract,2022,01063060102_tract
01063060101,601.01,tract,2022,01063060101_tract
01069040802,408.02,tract,2022,01069040802_tract
01069040204,402.04,tract,2022,01069040204_tract
01069041902,419.02,tract,2022,01069041902_tract
01069040205,402.05,tract,2022,01069040205_tract
01069040203,402.03,tract,2022,01069040203_tract
01069040801,408.01,tract,2022,01069040801_tract
01069041901,419.01,tract,2022,01069041901_tract
01069040206,402.06,tract,2022,01069040206_tract
01125010706,107.06,tract,2022,01125010706_tract
01125010704,107.04,tract,2022,01125010704_tract
01125010705,107.05,tract,2022,01125010705_tract
01125010104,101.04,tract,2022,01125010104_tract
01125012504,125.04,tract,2022,01125012504_tract
01125010305,103.05,tract,2022,01125010305_tract
01125010603,106.03,tract,2022,01125010603_tract
01125012306,123.06,tract,2022,01125012306_tract
01125010707,107.07,tract,2022,01125010707_tract
01125010206,102.06,tract,2022,01125010206_tract
01125012307,123.07,tract,2022,01125012307_tract
01125012505,125.05,tract,2022,01125012505_tract
01125010604,106.04,tract,2022,01125010604_tract
01125012101,121.01,tract,2022,01125012101_tract
01125010105,101.05,tract,2022,01125010105_tract
01125010304,103.04,tract,2022,01125010304_tract
01125010205,102.05,tract,2022,01125010205_tract
01125012408,124.08,tract,2022,01125012408_tract
01125012406,124.06,tract,2022,01125012406_tract
01125012102,121.02,tract,2022,01125012102_tract
01125012002,120.02,tract,2022,01125012002_tract
01125012001,120.01,tract,2022,01125012001_tract
01125012407,124.07,tract,2022,01125012407_tract
01089001902,19.02,tract,2022,01089001902_tract
01089010302,103.02,tract,2022,01089010302_tract
01089010200,102,tract,2022,01089010200_tract
01089011021,110.21,tract,2022,01089011021_tract
01089001801,18.01,tract,2022,01089001801_tract
01089001901,19.01,tract,2022,01089001901_tract
01089000403,4.03,tract,2022,01089000403_tract
01089010502,105.02,tract,2022,01089010502_tract
01089011400,114,tract,2022,01089011400_tract
01089000901,9.01,tract,2022,01089000901_tract
01089000602,6.02,tract,2022,01089000602_tract
01089010612,106.12,tract,2022,01089010612_tract
01059973600,9736,tract,2022,01059973600_tract
01059973300,9733,tract,2022,01059973300_tract
01059973500,9735,tract,2022,01059973500_tract
01059973100,9731,tract,2022,01059973100_tract
01059972900,9729,tract,2022,01059972900_tract
01059973400,9734,tract,2022,01059973400_tract
01059973000,9730,tract,2022,01059973000_tract
01059973200,9732,tract,2022,01059973200_tract
01127020801,208.01,tract,2022,01127020801_tract
01127020302,203.02,tract,2022,01127020302_tract
01127020301,203.01,tract,2022,01127020301_tract
01127020802,208.02,tract,2022,01127020802_tract
01059973703,9737.03,tract,2022,01059973703_tract
01055010201,102.01,tract,2022,01055010201_tract
01059973701,9737.01,tract,2022,01059973701_tract
01009050104,501.04,tract,2022,01009050104_tract
01009050106,501.06,tract,2022,01009050106_tract
01089010704,107.04,tract,2022,01089010704_tract
01089011026,110.26,tract,2022,01089011026_tract
01089010503,105.03,tract,2022,01089010503_tract
01089010102,101.02,tract,2022,01089010102_tract
01089010631,106.31,tract,2022,01089010631_tract
01089010630,106.30,tract,2022,01089010630_tract
01089010904,109.04,tract,2022,01089010904_tract
01089001404,14.04,tract,2022,01089001404_tract
01089002804,28.04,tract,2022,01089002804_tract
01089002924,29.24,tract,2022,01089002924_tract
01089010101,101.01,tract,2022,01089010101_tract
01089010405,104.05,tract,2022,01089010405_tract
01089011023,110.23,tract,2022,01089011023_tract
01089010802,108.02,tract,2022,01089010802_tract
01089010905,109.05,tract,2022,01089010905_tract
01089000203,2.03,tract,2022,01089000203_tract
01089010903,109.03,tract,2022,01089010903_tract
01089010628,106.28,tract,2022,01089010628_tract
01089010703,107.03,tract,2022,01089010703_tract
01089011027,110.27,tract,2022,01089011027_tract
01089001403,14.03,tract,2022,01089001403_tract
01075030101,301.01,tract,2022,01075030101_tract
01075030102,301.02,tract,2022,01075030102_tract
01089000902,9.02,tract,2022,01089000902_tract
01089001000,10,tract,2022,01089001000_tract
01031011204,112.04,tract,2022,01031011204_tract
01031011205,112.05,tract,2022,01031011205_tract
01031011203,112.03,tract,2022,01031011203_tract
01031011206,112.06,tract,2022,01031011206_tract
01007010006,100.06,tract,2022,01007010006_tract
01007010011,100.11,tract,2022,01007010011_tract
01007010007,100.07,tract,2022,01007010007_tract
01007010005,100.05,tract,2022,01007010005_tract
01007010008,100.08,tract,2022,01007010008_tract
01007010009,100.09,tract,2022,01007010009_tract
01007010010,100.10,tract,2022,01007010010_tract
01089001200,12,tract,2022,01089001200_tract
01089010303,103.03,tract,2022,01089010303_tract
01089010629,106.29,tract,2022,01089010629_tract
01089002923,29.23,tract,2022,01089002923_tract
01089010627,106.27,tract,2022,01089010627_tract
01089010403,104.03,tract,2022,01089010403_tract
01089011024,110.24,tract,2022,01089011024_tract
01089011302,113.02,tract,2022,01089011302_tract
01089010706,107.06,tract,2022,01089010706_tract
01089002803,28.03,tract,2022,01089002803_tract
01089011202,112.02,tract,2022,01089011202_tract
01089011203,112.03,tract,2022,01089011203_tract
01089010504,105.04,tract,2022,01089010504_tract
01011952202,9522.02,tract,2022,01011952202_tract
01011952201,9522.01,tract,2022,01011952201_tract
01021060701,607.01,tract,2022,01021060701_tract
01021060702,607.02,tract,2022,01021060702_tract
01021060403,604.03,tract,2022,01021060403_tract
01021060404,604.04,tract,2022,01021060404_tract
01021060103,601.03,tract,2022,01021060103_tract
01021060104,601.04,tract,2022,01021060104_tract
01069040700,407,tract,2022,01069040700_tract
01069041000,410,tract,2022,01069041000_tract
01069041100,411,tract,2022,01069041100_tract
01069041200,412,tract,2022,01069041200_tract
01069041500,415,tract,2022,01069041500_tract
01069042100,421,tract,2022,01069042100_tract
01055010505,105.05,tract,2022,01055010505_tract
01055010202,102.02,tract,2022,01055010202_tract
01055010504,105.04,tract,2022,01055010504_tract
01055010503,105.03,tract,2022,01055010503_tract
01055010506,105.06,tract,2022,01055010506_tract
01133965602,9656.02,tract,2022,01133965602_tract
01133965601,9656.01,tract,2022,01133965601_tract
01071950901,9509.01,tract,2022,01071950901_tract
01071950902,9509.02,tract,2022,01071950902_tract
01071950302,9503.02,tract,2022,01071950302_tract
01071951102,9511.02,tract,2022,01071951102_tract
01071950602,9506.02,tract,2022,01071950602_tract
01071950101,9501.01,tract,2022,01071950101_tract
01071951101,9511.01,tract,2022,01071951101_tract
01071950102,9501.02,tract,2022,01071950102_tract
01095030803,308.03,tract,2022,01095030803_tract
01095030804,308.04,tract,2022,01095030804_tract
01095030204,302.04,tract,2022,01095030204_tract
01095030102,301.02,tract,2022,01095030102_tract
01095030206,302.06,tract,2022,01095030206_tract
01095030101,301.01,tract,2022,01095030101_tract
01095030302,303.02,tract,2022,01095030302_tract
01095030601,306.01,tract,2022,01095030601_tract
01095030602,306.02,tract,2022,01095030602_tract
01095030502,305.02,tract,2022,01095030502_tract
01095030301,303.01,tract,2022,01095030301_tract
01089000301,3.01,tract,2022,01089000301_tract
01089000302,3.02,tract,2022,01089000302_tract
01089002200,22,tract,2022,01089002200_tract
01089002722,27.22,tract,2022,01089002722_tract
01065040401,404.01,tract,2022,01065040401_tract
01065040402,404.02,tract,2022,01065040402_tract
01089002911,29.11,tract,2022,01089002911_tract
01013952800,9528,tract,2022,01013952800_tract
01089000501,5.01,tract,2022,01089000501_tract
01089000502,5.02,tract,2022,01089000502_tract
01089000503,5.03,tract,2022,01089000503_tract
01089000601,6.01,tract,2022,01089000601_tract
01089000701,7.01,tract,2022,01089000701_tract
01049960601,9606.01,tract,2022,01049960601_tract
01049960401,9604.01,tract,2022,01049960401_tract
01049960703,9607.03,tract,2022,01049960703_tract
01049960301,9603.01,tract,2022,01049960301_tract
01033020704,207.04,tract,2022,01033020704_tract
01091973001,9730.01,tract,2022,01091973001_tract
01091972901,9729.01,tract,2022,01091972901_tract
01091973002,9730.02,tract,2022,01091973002_tract
01091972902,9729.02,tract,2022,01091972902_tract
01047956101,9561.01,tract,2022,01047956101_tract
01047956102,9561.02,tract,2022,01047956102_tract
01047957302,9573.02,tract,2022,01047957302_tract
01047957301,9573.01,tract,2022,01047957301_tract
01033020703,207.03,tract,2022,01033020703_tract
01097006501,65.01,tract,2022,01097006501_tract
01097006702,67.02,tract,2022,01097006702_tract
01097006407,64.07,tract,2022,01097006407_tract
01097007201,72.01,tract,2022,01097007201_tract
01097007700,77,tract,2022,01097007700_tract
01097007400,74,tract,2022,01097007400_tract
01033020902,209.02,tract,2022,01033020902_tract
01033020901,209.01,tract,2022,01033020901_tract
01023956700,9567,tract,2022,01023956700_tract
01043964800,9648,tract,2022,01043964800_tract
01107050401,504.01,tract,2022,01107050401_tract
01107050402,504.02,tract,2022,01107050402_tract
01099076102,761.02,tract,2022,01099076102_tract
01099075901,759.01,tract,2022,01099075901_tract
01099076101,761.01,tract,2022,01099076101_tract
01099075902,759.02,tract,2022,01099075902_tract
01131034801,348.01,tract,2022,01131034801_tract
01131034802,348.02,tract,2022,01131034802_tract
01089000702,7.02,tract,2022,01089000702_tract
01087232100,2321,tract,2022,01087232100_tract
01103005305,53.05,tract,2022,01103005305_tract
01103005306,53.06,tract,2022,01103005306_tract
01103005201,52.01,tract,2022,01103005201_tract
01101002201,22.01,tract,2022,01101002201_tract
01101002202,22.02,tract,2022,01101002202_tract
01101002300,23,tract,2022,01101002300_tract
01101002400,24,tract,2022,01101002400_tract
01101002500,25,tract,2022,01101002500_tract
01101002600,26,tract,2022,01101002600_tract
01103000200,2,tract,2022,01103000200_tract
01101002700,27,tract,2022,01101002700_tract
01101003000,30,tract,2022,01101003000_tract
01101003100,31,tract,2022,01101003100_tract
01101003200,32,tract,2022,01101003200_tract
01103005101,51.01,tract,2022,01103005101_tract
01103005105,51.05,tract,2022,01103005105_tract
01097006704,67.04,tract,2022,01097006704_tract
01097005702,57.02,tract,2022,01097005702_tract
01097006305,63.05,tract,2022,01097006305_tract
01103005500,55,tract,2022,01103005500_tract
01103005405,54.05,tract,2022,01103005405_tract
01003990000,9900,tract,2022,01003990000_tract
01101003301,33.01,tract,2022,01101003301_tract
01101005301,53.01,tract,2022,01101005301_tract
01101005302,53.02,tract,2022,01101005302_tract
01097005601,56.01,tract,2022,01097005601_tract
01097005701,57.01,tract,2022,01097005701_tract
01097005602,56.02,tract,2022,01097005602_tract
01097006505,65.05,tract,2022,01097006505_tract
01097006202,62.02,tract,2022,01097006202_tract
01097006107,61.07,tract,2022,01097006107_tract
01097006504,65.04,tract,2022,01097006504_tract
01097006306,63.06,tract,2022,01097006306_tract
01097006412,64.12,tract,2022,01097006412_tract
01097006413,64.13,tract,2022,01097006413_tract
01097007204,72.04,tract,2022,01097007204_tract
01097006703,67.03,tract,2022,01097006703_tract
01097007203,72.03,tract,2022,01097007203_tract
01097003712,37.12,tract,2022,01097003712_tract
01097006304,63.04,tract,2022,01097006304_tract
01097003410,34.10,tract,2022,01097003410_tract
01097006106,61.06,tract,2022,01097006106_tract
01097006201,62.01,tract,2022,01097006201_tract
01101005403,54.03,tract,2022,01101005403_tract
01119011500,115,tract,2022,01119011500_tract
01119011600,116,tract,2022,01119011600_tract
01103005302,53.02,tract,2022,01103005302_tract
01103005304,53.04,tract,2022,01103005304_tract
01103000100,1,tract,2022,01103000100_tract
01103005103,51.03,tract,2022,01103005103_tract
01103005404,54.04,tract,2022,01103005404_tract
01101005902,59.02,tract,2022,01101005902_tract
01043965401,9654.01,tract,2022,01043965401_tract
01055011100,111,tract,2022,01055011100_tract
01055000500,5,tract,2022,01055000500_tract
01055001000,10,tract,2022,01055001000_tract
01003010709,107.09,tract,2022,01003010709_tract
01003011504,115.04,tract,2022,01003011504_tract
01003010710,107.10,tract,2022,01003010710_tract
01003011104,111.04,tract,2022,01003011104_tract
01003010711,107.11,tract,2022,01003010711_tract
01003010707,107.07,tract,2022,01003010707_tract
01003011413,114.13,tract,2022,01003011413_tract
01003011412,114.12,tract,2022,01003011412_tract
01003011503,115.03,tract,2022,01003011503_tract
01003010908,109.08,tract,2022,01003010908_tract
01003010907,109.07,tract,2022,01003010907_tract
01003011103,111.03,tract,2022,01003011103_tract
01003011410,114.10,tract,2022,01003011410_tract
01003011411,114.11,tract,2022,01003011411_tract
01003011418,114.18,tract,2022,01003011418_tract
01003011604,116.04,tract,2022,01003011604_tract
01003011415,114.15,tract,2022,01003011415_tract
01051030102,301.02,tract,2022,01051030102_tract
01051030103,301.03,tract,2022,01051030103_tract
01051030101,301.01,tract,2022,01051030101_tract
01051030802,308.02,tract,2022,01051030802_tract
01051030401,304.01,tract,2022,01051030401_tract
01051030801,308.01,tract,2022,01051030801_tract
01055010700,107,tract,2022,01055010700_tract
01055001300,13,tract,2022,01055001300_tract
01055000900,9,tract,2022,01055000900_tract
01055001700,17,tract,2022,01055001700_tract
01055010300,103,tract,2022,01055010300_tract
01055000600,6,tract,2022,01055000600_tract
01101005903,59.03,tract,2022,01101005903_tract
01055010100,101,tract,2022,01055010100_tract
01055000300,3,tract,2022,01055000300_tract
01055000700,7,tract,2022,01055000700_tract
01055001600,16,tract,2022,01055001600_tract
01055000400,4,tract,2022,01055000400_tract
01101003304,33.04,tract,2022,01101003304_tract
01101003303,33.03,tract,2022,01101003303_tract
01101005414,54.14,tract,2022,01101005414_tract
01101005413,54.13,tract,2022,01101005413_tract
01101005613,56.13,tract,2022,01101005613_tract
01101002901,29.01,tract,2022,01101002901_tract
01055000800,8,tract,2022,01055000800_tract
01055001100,11,tract,2022,01055001100_tract
01055010900,109,tract,2022,01055010900_tract
01051031001,310.01,tract,2022,01051031001_tract
01051030402,304.02,tract,2022,01051030402_tract
01051031002,310.02,tract,2022,01051031002_tract
01113030402,304.02,tract,2022,01113030402_tract
01107050000,500,tract,2022,01107050000_tract
01107050300,503,tract,2022,01107050300_tract
01107050100,501,tract,2022,01107050100_tract
01107050200,502,tract,2022,01107050200_tract
01127020100,201,tract,2022,01127020100_tract
01127021500,215,tract,2022,01127021500_tract
01127021200,212,tract,2022,01127021200_tract
01127021700,217,tract,2022,01127021700_tract
01127021600,216,tract,2022,01127021600_tract
01127021900,219,tract,2022,01127021900_tract
01083020403,204.03,tract,2022,01083020403_tract
01083020103,201.03,tract,2022,01083020103_tract
01083020404,204.04,tract,2022,01083020404_tract
01083021101,211.01,tract,2022,01083021101_tract
01083021203,212.03,tract,2022,01083021203_tract
01083021202,212.02,tract,2022,01083021202_tract
01083020803,208.03,tract,2022,01083020803_tract
01083020804,208.04,tract,2022,01083020804_tract
01083020806,208.06,tract,2022,01083020806_tract
01083021102,211.02,tract,2022,01083021102_tract
01083020805,208.05,tract,2022,01083020805_tract
01083021201,212.01,tract,2022,01083021201_tract
01083020104,201.04,tract,2022,01083020104_tract
01045020802,208.02,tract,2022,01045020802_tract
01045020000,200,tract,2022,01045020000_tract
01077011102,111.02,tract,2022,01077011102_tract
01127021400,214,tract,2022,01127021400_tract
01127020600,206,tract,2022,01127020600_tract
01127021800,218,tract,2022,01127021800_tract
01127021000,210,tract,2022,01127021000_tract
01127020700,207,tract,2022,01127020700_tract
01127020900,209,tract,2022,01127020900_tract
01127021100,211,tract,2022,01127021100_tract
01127021300,213,tract,2022,01127021300_tract
01127020400,204,tract,2022,01127020400_tract
01127020200,202,tract,2022,01127020200_tract
01067030600,306,tract,2022,01067030600_tract
01067030500,305,tract,2022,01067030500_tract
01067030300,303,tract,2022,01067030300_tract
01067030100,301,tract,2022,01067030100_tract
01067030200,302,tract,2022,01067030200_tract
01067030400,304,tract,2022,01067030400_tract
01003011419,114.19,tract,2022,01003011419_tract
01003010706,107.06,tract,2022,01003010706_tract
01003011603,116.03,tract,2022,01003011603_tract
01003010708,107.08,tract,2022,01003010708_tract
01003011409,114.09,tract,2022,01003011409_tract
01003011417,114.17,tract,2022,01003011417_tract
01003011414,114.14,tract,2022,01003011414_tract
01003011416,114.16,tract,2022,01003011416_tract
01017954001,9540.01,tract,2022,01017954001_tract
01017954002,9540.02,tract,2022,01017954002_tract
01017954800,9548,tract,2022,01017954800_tract
01015002504,25.04,tract,2022,01015002504_tract
01015001502,15.02,tract,2022,01015001502_tract
01015002503,25.03,tract,2022,01015002503_tract
01015002105,21.05,tract,2022,01015002105_tract
01015001103,11.03,tract,2022,01015001103_tract
01015001102,11.02,tract,2022,01015001102_tract
01015002001,20.01,tract,2022,01015002001_tract
01015002002,20.02,tract,2022,01015002002_tract
01015001501,15.01,tract,2022,01015001501_tract
01015001802,18.02,tract,2022,01015001802_tract
01015001801,18.01,tract,2022,01015001801_tract
01015001101,11.01,tract,2022,01015001101_tract
01097006503,65.03,tract,2022,01097006503_tract
01097980000,9800,tract,2022,01097980000_tract
01097006903,69.03,tract,2022,01097006903_tract
01097006904,69.04,tract,2022,01097006904_tract
01097006303,63.03,tract,2022,01097006303_tract
01097006307,63.07,tract,2022,01097006307_tract
01097006409,64.09,tract,2022,01097006409_tract
01097003711,37.11,tract,2022,01097003711_tract
01097006804,68.04,tract,2022,01097006804_tract
01097006410,64.10,tract,2022,01097006410_tract
01097003409,34.09,tract,2022,01097003409_tract
01097006411,64.11,tract,2022,01097006411_tract
01097006803,68.03,tract,2022,01097006803_tract
01097000801,8.01,tract,2022,01097000801_tract
01097000802,8.02,tract,2022,01097000802_tract
01097006408,64.08,tract,2022,01097006408_tract
01097003207,32.07,tract,2022,01097003207_tract
01097003206,32.06,tract,2022,01097003206_tract
01089011028,110.28,tract,2022,01089011028_tract
01089011201,112.01,tract,2022,01089011201_tract
01089010801,108.01,tract,2022,01089010801_tract
01089011301,113.01,tract,2022,01089011301_tract
01089010304,103.04,tract,2022,01089010304_tract
01089010626,106.26,tract,2022,01089010626_tract
01089010406,104.06,tract,2022,01089010406_tract
01089011025,110.25,tract,2022,01089011025_tract
01119011301,113.01,tract,2022,01119011301_tract
01119011302,113.02,tract,2022,01119011302_tract
01125011902,119.02,tract,2022,01125011902_tract
01125011402,114.02,tract,2022,01125011402_tract
01077010300,103,tract,2022,01077010300_tract
01077010700,107,tract,2022,01077010700_tract
01101005614,56.14,tract,2022,01101005614_tract
01077011000,110,tract,2022,01077011000_tract
01101002902,29.02,tract,2022,01101002902_tract
01101005412,54.12,tract,2022,01101005412_tract
01101005904,59.04,tract,2022,01101005904_tract
01101005411,54.11,tract,2022,01101005411_tract
01077011801,118.01,tract,2022,01077011801_tract
01073005103,51.03,tract,2022,01073005103_tract
01073004902,49.02,tract,2022,01073004902_tract
01073014409,144.09,tract,2022,01073014409_tract
01073012905,129.05,tract,2022,01073012905_tract
01073005909,59.09,tract,2022,01073005909_tract
01073012304,123.04,tract,2022,01073012304_tract
01001020501,205.01,tract,2022,01001020501_tract
01001020902,209.02,tract,2022,01001020902_tract
01001020803,208.03,tract,2022,01001020803_tract
01001020804,208.04,tract,2022,01001020804_tract
01001020805,208.05,tract,2022,01001020805_tract
01001020901,209.01,tract,2022,01001020901_tract
01001020502,205.02,tract,2022,01001020502_tract
01001020503,205.03,tract,2022,01001020503_tract
01073004901,49.01,tract,2022,01073004901_tract
01073005104,51.04,tract,2022,01073005104_tract
01073011108,111.08,tract,2022,01073011108_tract
01073005910,59.10,tract,2022,01073005910_tract
01079979100,9791,tract,2022,01079979100_tract
01079979900,9799,tract,2022,01079979900_tract
01079979800,9798,tract,2022,01079979800_tract
01079979700,9797,tract,2022,01079979700_tract
01079979600,9796,tract,2022,01079979600_tract
01079979400,9794,tract,2022,01079979400_tract
01079979300,9793,tract,2022,01079979300_tract
01131035100,351,tract,2022,01131035100_tract
01131034700,347,tract,2022,01131034700_tract
01131035200,352,tract,2022,01131035200_tract
01033020705,207.05,tract,2022,01033020705_tract
01033020706,207.06,tract,2022,01033020706_tract
01073012914,129.14,tract,2022,01073012914_tract
01073014412,144.12,tract,2022,01073014412_tract
01073012910,129.10,tract,2022,01073012910_tract
01073012911,129.11,tract,2022,01073012911_tract
01073012802,128.02,tract,2022,01073012802_tract
01073012913,129.13,tract,2022,01073012913_tract
01073011904,119.04,tract,2022,01073011904_tract
01093964001,9640.01,tract,2022,01093964001_tract
01015002104,21.04,tract,2022,01015002104_tract
01093964002,9640.02,tract,2022,01093964002_tract
01077011401,114.01,tract,2022,01077011401_tract
01093964701,9647.01,tract,2022,01093964701_tract
01077011605,116.05,tract,2022,01077011605_tract
01093964702,9647.02,tract,2022,01093964702_tract
01077011503,115.03,tract,2022,01077011503_tract
01093964402,9644.02,tract,2022,01093964402_tract
01093964401,9644.01,tract,2022,01093964401_tract
01077011606,116.06,tract,2022,01077011606_tract
01077011402,114.02,tract,2022,01077011402_tract
01077011504,115.04,tract,2022,01077011504_tract
01077010902,109.02,tract,2022,01077010902_tract
01077010901,109.01,tract,2022,01077010901_tract
01095030205,302.05,tract,2022,01095030205_tract
01095030203,302.03,tract,2022,01095030203_tract
01095030501,305.01,tract,2022,01095030501_tract
01095031002,310.02,tract,2022,01095031002_tract
01095031001,310.01,tract,2022,01095031001_tract
01123962302,9623.02,tract,2022,01123962302_tract
01123962301,9623.01,tract,2022,01123962301_tract
01123962702,9627.02,tract,2022,01123962702_tract
01123962701,9627.01,tract,2022,01123962701_tract
01077010600,106,tract,2022,01077010600_tract
01029959700,9597,tract,2022,01029959700_tract
01029959500,9595,tract,2022,01029959500_tract
01029959800,9598,tract,2022,01029959800_tract
01029959600,9596,tract,2022,01029959600_tract
01017953900,9539,tract,2022,01017953900_tract
01047956202,9562.02,tract,2022,01047956202_tract
01089010705,107.05,tract,2022,01089010705_tract
01089010625,106.25,tract,2022,01089010625_tract
01089010404,104.04,tract,2022,01089010404_tract
01073014209,142.09,tract,2022,01073014209_tract
01073014208,142.08,tract,2022,01073014208_tract
01073014206,142.06,tract,2022,01073014206_tract
01073014205,142.05,tract,2022,01073014205_tract
01073014207,142.07,tract,2022,01073014207_tract
01073014303,143.03,tract,2022,01073014303_tract
01073014106,141.06,tract,2022,01073014106_tract
01073004502,45.02,tract,2022,01073004502_tract
01073004501,45.01,tract,2022,01073004501_tract
01073002701,27.01,tract,2022,01073002701_tract
01073002402,24.02,tract,2022,01073002402_tract
01073002401,24.01,tract,2022,01073002401_tract
01073012917,129.17,tract,2022,01073012917_tract
01073011115,111.15,tract,2022,01073011115_tract
01073011114,111.14,tract,2022,01073011114_tract
01073012918,129.18,tract,2022,01073012918_tract
01073011709,117.09,tract,2022,01073011709_tract
01073014304,143.04,tract,2022,01073014304_tract
01073014415,144.15,tract,2022,01073014415_tract
01073014414,144.14,tract,2022,01073014414_tract
01073011116,111.16,tract,2022,01073011116_tract
01073011117,111.17,tract,2022,01073011117_tract
01073012003,120.03,tract,2022,01073012003_tract
01073012804,128.04,tract,2022,01073012804_tract
01073010806,108.06,tract,2022,01073010806_tract
01073012916,129.16,tract,2022,01073012916_tract
01101005611,56.11,tract,2022,01101005611_tract
01101005608,56.08,tract,2022,01101005608_tract
01101005503,55.03,tract,2022,01101005503_tract
01101005501,55.01,tract,2022,01101005501_tract
01101005504,55.04,tract,2022,01101005504_tract
01101005502,55.02,tract,2022,01101005502_tract
01101005612,56.12,tract,2022,01101005612_tract
01101005610,56.10,tract,2022,01101005610_tract
01133965502,9655.02,tract,2022,01133965502_tract
01133965501,9655.01,tract,2022,01133965501_tract
01133965503,9655.03,tract,2022,01133965503_tract
01073014408,144.08,tract,2022,01073014408_tract
01073011301,113.01,tract,2022,01073011301_tract
01073012703,127.03,tract,2022,01073012703_tract
01059973702,9737.02,tract,2022,01059973702_tract
01019956101,9561.01,tract,2022,01019956101_tract
01019955802,9558.02,tract,2022,01019955802_tract
01019955801,9558.01,tract,2022,01019955801_tract
01019956102,9561.02,tract,2022,01019956102_tract
01121011301,113.01,tract,2022,01121011301_tract
01121011302,113.02,tract,2022,01121011302_tract
01121011502,115.02,tract,2022,01121011502_tract
01121011501,115.01,tract,2022,01121011501_tract
01071950601,9506.01,tract,2022,01071950601_tract
01071950301,9503.01,tract,2022,01071950301_tract
01049960102,9601.02,tract,2022,01049960102_tract
01049960701,9607.01,tract,2022,01049960701_tract
01049960402,9604.02,tract,2022,01049960402_tract
01049960303,9603.03,tract,2022,01049960303_tract
01049960602,9606.02,tract,2022,01049960602_tract
01049960702,9607.02,tract,2022,01049960702_tract
01049960101,9601.01,tract,2022,01049960101_tract
01049960302,9603.02,tract,2022,01049960302_tract
01103005602,56.02,tract,2022,01103005602_tract
01103005703,57.03,tract,2022,01103005703_tract
01103005704,57.04,tract,2022,01103005704_tract
01103005601,56.01,tract,2022,01103005601_tract
01103005202,52.02,tract,2022,01103005202_tract
01073011805,118.05,tract,2022,01073011805_tract
01073012805,128.05,tract,2022,01073012805_tract
01123962600,9626,tract,2022,01123962600_tract
01123962100,9621,tract,2022,01123962100_tract
01079979201,9792.01,tract,2022,01079979201_tract
01079979202,9792.02,tract,2022,01079979202_tract
01079979502,9795.02,tract,2022,01079979502_tract
01079979501,9795.01,tract,2022,01079979501_tract
01009050103,501.03,tract,2022,01009050103_tract
01009050107,501.07,tract,2022,01009050107_tract
01009050603,506.03,tract,2022,01009050603_tract
01009050105,501.05,tract,2022,01009050105_tract
01009050702,507.02,tract,2022,01009050702_tract
01009050701,507.01,tract,2022,01009050701_tract
01009050604,506.04,tract,2022,01009050604_tract
01009050302,503.02,tract,2022,01009050302_tract
01009050301,503.01,tract,2022,01009050301_tract
01009050501,505.01,tract,2022,01009050501_tract
01009050502,505.02,tract,2022,01009050502_tract
01115040110,401.10,tract,2022,01115040110_tract
01115040302,403.02,tract,2022,01115040302_tract
01115040207,402.07,tract,2022,01115040207_tract
01115040209,402.09,tract,2022,01115040209_tract
01115040301,403.01,tract,2022,01115040301_tract
01115040503,405.03,tract,2022,01115040503_tract
01115040108,401.08,tract,2022,01115040108_tract
01115040507,405.07,tract,2022,01115040507_tract
01115040211,402.11,tract,2022,01115040211_tract
01115040208,402.08,tract,2022,01115040208_tract
01115040210,402.10,tract,2022,01115040210_tract
01115040213,402.13,tract,2022,01115040213_tract
01115040212,402.12,tract,2022,01115040212_tract
01115040107,401.07,tract,2022,01115040107_tract
01115040505,405.05,tract,2022,01115040505_tract
01115040109,401.09,tract,2022,01115040109_tract
01115040508,405.08,tract,2022,01115040508_tract
01115040206,402.06,tract,2022,01115040206_tract
01115040506,405.06,tract,2022,01115040506_tract
01115040504,405.04,tract,2022,01115040504_tract
01053969802,9698.02,tract,2022,01053969802_tract
01053969801,9698.01,tract,2022,01053969801_tract
01093964600,9646,tract,2022,01093964600_tract
01093964100,9641,tract,2022,01093964100_tract
01093964200,9642,tract,2022,01093964200_tract
01093964300,9643,tract,2022,01093964300_tract
01093964500,9645,tract,2022,01093964500_tract
01073014107,141.07,tract,2022,01073014107_tract
01073011806,118.06,tract,2022,01073011806_tract
01073011708,117.08,tract,2022,01073011708_tract
01073012921,129.21,tract,2022,01073012921_tract
01073011112,111.12,tract,2022,01073011112_tract
01073011113,111.13,tract,2022,01073011113_tract
01073012920,129.20,tract,2022,01073012920_tract
01073010807,108.07,tract,2022,01073010807_tract
01073011303,113.03,tract,2022,01073011303_tract
01073011003,110.03,tract,2022,01073011003_tract
01073011707,117.07,tract,2022,01073011707_tract
01073011004,110.04,tract,2022,01073011004_tract
01073010605,106.05,tract,2022,01073010605_tract
01073010604,106.04,tract,2022,01073010604_tract
01073012004,120.04,tract,2022,01073012004_tract
01073011710,117.10,tract,2022,01073011710_tract
01073012307,123.07,tract,2022,01073012307_tract
01073011304,113.04,tract,2022,01073011304_tract
01073002702,27.02,tract,2022,01073002702_tract
01073012306,123.06,tract,2022,01073012306_tract
01073011401,114.01,tract,2022,01073011401_tract
01073012919,129.19,tract,2022,01073012919_tract
01051030300,303,tract,2022,01051030300_tract
01051030600,306,tract,2022,01051030600_tract
01051030500,305,tract,2022,01051030500_tract
01073011402,114.02,tract,2022,01073011402_tract
01051030200,302,tract,2022,01051030200_tract
01051031300,313,tract,2022,01051031300_tract
01051031200,312,tract,2022,01051031200_tract
01051031100,311,tract,2022,01051031100_tract
01075030000,300,tract,2022,01075030000_tract
01075030200,302,tract,2022,01075030200_tract
01019955701,9557.01,tract,2022,01019955701_tract
01101005609,56.09,tract,2022,01101005609_tract
01015001600,16,tract,2022,01015001600_tract
01039961600,9616,tract,2022,01039961600_tract
01039962100,9621,tract,2022,01039962100_tract
01039962400,9624,tract,2022,01039962400_tract
01039962600,9626,tract,2022,01039962600_tract
01039961800,9618,tract,2022,01039961800_tract
01039961900,9619,tract,2022,01039961900_tract
01039962300,9623,tract,2022,01039962300_tract
01039963000,9630,tract,2022,01039963000_tract
01039961700,9617,tract,2022,01039961700_tract
01039962700,9627,tract,2022,01039962700_tract
01081041102,411.02,tract,2022,01081041102_tract
01081042103,421.03,tract,2022,01081042103_tract
01081042008,420.08,tract,2022,01081042008_tract
01081041002,410.02,tract,2022,01081041002_tract
01081040501,405.01,tract,2022,01081040501_tract
01081040607,406.07,tract,2022,01081040607_tract
01081041101,411.01,tract,2022,01081041101_tract
01081041702,417.02,tract,2022,01081041702_tract
01081041701,417.01,tract,2022,01081041701_tract
01081040904,409.04,tract,2022,01081040904_tract
01081041001,410.01,tract,2022,01081041001_tract
01081040502,405.02,tract,2022,01081040502_tract
01081041104,411.04,tract,2022,01081041104_tract
01081042104,421.04,tract,2022,01081042104_tract
01081040202,402.02,tract,2022,01081040202_tract
01081041902,419.02,tract,2022,01081041902_tract
01081041803,418.03,tract,2022,01081041803_tract
01081040401,404.01,tract,2022,01081040401_tract
01081040605,406.05,tract,2022,01081040605_tract
01081041903,419.03,tract,2022,01081041903_tract
01081041901,419.01,tract,2022,01081041901_tract
01081041802,418.02,tract,2022,01081041802_tract
01081041703,417.03,tract,2022,01081041703_tract
01081041801,418.01,tract,2022,01081041801_tract
01081042009,420.09,tract,2022,01081042009_tract
01081040606,406.06,tract,2022,01081040606_tract
01081041103,411.03,tract,2022,01081041103_tract
01081040802,408.02,tract,2022,01081040802_tract
01081040403,404.03,tract,2022,01081040403_tract
01081040402,404.02,tract,2022,01081040402_tract
01081040201,402.01,tract,2022,01081040201_tract
01081042007,420.07,tract,2022,01081042007_tract
01081040801,408.01,tract,2022,01081040801_tract
01081040903,409.03,tract,2022,01081040903_tract
01095030701,307.01,tract,2022,01095030701_tract
01095030401,304.01,tract,2022,01095030401_tract
01095030903,309.03,tract,2022,01095030903_tract
01121010101,101.01,tract,2022,01121010101_tract
01047956701,9567.01,tract,2022,01047956701_tract
01047956702,9567.02,tract,2022,01047956702_tract
01095030702,307.02,tract,2022,01095030702_tract
01095030904,309.04,tract,2022,01095030904_tract
01001020801,208.01,tract,2022,01001020801_tract
01081042005,420.05,tract,2022,01081042005_tract
01101005606,56.06,tract,2022,01101005606_tract
01025957601,9576.01,tract,2022,01025957601_tract
01025957700,9577,tract,2022,01025957700_tract
01021060600,606,tract,2022,01021060600_tract
01021060101,601.01,tract,2022,01021060101_tract
01021060500,605,tract,2022,01021060500_tract
01021060200,602,tract,2022,01021060200_tract
01021060401,604.01,tract,2022,01021060401_tract
01021060300,603,tract,2022,01021060300_tract
01081042002,420.02,tract,2022,01081042002_tract
01081040603,406.03,tract,2022,01081040603_tract
01081042101,421.01,tract,2022,01081042101_tract
01089011100,111,tract,2022,01089011100_tract
01101005409,54.09,tract,2022,01101005409_tract
01101005607,56.07,tract,2022,01101005607_tract
01043965402,9654.02,tract,2022,01043965402_tract
01013953200,9532,tract,2022,01013953200_tract
01013953500,9535,tract,2022,01013953500_tract
01013953000,9530,tract,2022,01013953000_tract
01013953300,9533,tract,2022,01013953300_tract
01013952700,9527,tract,2022,01013952700_tract
01013953100,9531,tract,2022,01013953100_tract
01013953400,9534,tract,2022,01013953400_tract
01013952900,9529,tract,2022,01013952900_tract
01027958900,9589,tract,2022,01027958900_tract
01027959200,9592,tract,2022,01027959200_tract
01027959100,9591,tract,2022,01027959100_tract
01097000500,5,tract,2022,01097000500_tract
01097003301,33.01,tract,2022,01097003301_tract
01097006402,64.02,tract,2022,01097006402_tract
01097007102,71.02,tract,2022,01097007102_tract
01073002100,21,tract,2022,01073002100_tract
01111000300,3,tract,2022,01111000300_tract
01111000400,4,tract,2022,01111000400_tract
01111000500,5,tract,2022,01111000500_tract
01097002301,23.01,tract,2022,01097002301_tract
01117030314,303.14,tract,2022,01117030314_tract
01117030317,303.17,tract,2022,01117030317_tract
01117030319,303.19,tract,2022,01117030319_tract
01081040300,403,tract,2022,01081040300_tract
01097002302,23.02,tract,2022,01097002302_tract
01097006902,69.02,tract,2022,01097006902_tract
01081040700,407,tract,2022,01081040700_tract
01081041300,413,tract,2022,01081041300_tract
01097002502,25.02,tract,2022,01097002502_tract
01097005300,53,tract,2022,01097005300_tract
01097006000,60,tract,2022,01097006000_tract
01097006103,61.03,tract,2022,01097006103_tract
01097006802,68.02,tract,2022,01097006802_tract
01097007000,70,tract,2022,01097007000_tract
01097000200,2,tract,2022,01097000200_tract
01097000401,4.01,tract,2022,01097000401_tract
01097000402,4.02,tract,2022,01097000402_tract
01097000600,6,tract,2022,01097000600_tract
01097005400,54,tract,2022,01097005400_tract
01081041400,414,tract,2022,01081041400_tract
01081041600,416,tract,2022,01081041600_tract
01081041200,412,tract,2022,01081041200_tract
01097002400,24,tract,2022,01097002400_tract
01097003708,37.08,tract,2022,01097003708_tract
01003011102,111.02,tract,2022,01003011102_tract
01097003710,37.10,tract,2022,01097003710_tract
01097002501,25.01,tract,2022,01097002501_tract
01097003205,32.05,tract,2022,01097003205_tract
01097003302,33.02,tract,2022,01097003302_tract
01097003402,34.02,tract,2022,01097003402_tract
01117030320,303.20,tract,2022,01117030320_tract
01117030701,307.01,tract,2022,01117030701_tract
01097003405,34.05,tract,2022,01097003405_tract
01097003406,34.06,tract,2022,01097003406_tract
01097003901,39.01,tract,2022,01097003901_tract
01097003902,39.02,tract,2022,01097003902_tract
01097000701,7.01,tract,2022,01097000701_tract
01097000702,7.02,tract,2022,01097000702_tract
01097002600,26,tract,2022,01097002600_tract
01097003408,34.08,tract,2022,01097003408_tract
01097004000,40,tract,2022,01097004000_tract
01097004100,41,tract,2022,01097004100_tract
01099076000,760,tract,2022,01099076000_tract
01099075800,758,tract,2022,01099075800_tract
01097002700,27,tract,2022,01097002700_tract
01099075700,757,tract,2022,01099075700_tract
01099076200,762,tract,2022,01099076200_tract
01099075600,756,tract,2022,01099075600_tract
01117030331,303.31,tract,2022,01117030331_tract
01117030800,308,tract,2022,01117030800_tract
01117030315,303.15,tract,2022,01117030315_tract
01117030607,306.07,tract,2022,01117030607_tract
01117030304,303.04,tract,2022,01117030304_tract
01117030316,303.16,tract,2022,01117030316_tract
01117030305,303.05,tract,2022,01117030305_tract
01117030330,303.30,tract,2022,01117030330_tract
01117030306,303.06,tract,2022,01117030306_tract
01097000901,9.01,tract,2022,01097000901_tract
01097000902,9.02,tract,2022,01097000902_tract
01097000903,9.03,tract,2022,01097000903_tract
01097001001,10.01,tract,2022,01097001001_tract
01097001002,10.02,tract,2022,01097001002_tract
01097001100,11,tract,2022,01097001100_tract
01097001302,13.02,tract,2022,01097001302_tract
01097001400,14,tract,2022,01097001400_tract
01097002800,28,tract,2022,01097002800_tract
01073014001,140.01,tract,2022,01073014001_tract
01073014410,144.10,tract,2022,01073014410_tract
01087231602,2316.02,tract,2022,01087231602_tract
01087231601,2316.01,tract,2022,01087231601_tract
01087231603,2316.03,tract,2022,01087231603_tract
01003010904,109.04,tract,2022,01003010904_tract
01003011501,115.01,tract,2022,01003011501_tract
01011952100,9521,tract,2022,01011952100_tract
01069040302,403.02,tract,2022,01069040302_tract
01069040301,403.01,tract,2022,01069040301_tract
01025958003,9580.03,tract,2022,01025958003_tract
01025957603,9576.03,tract,2022,01025957603_tract
01025957604,9576.04,tract,2022,01025957604_tract
01003010400,104,tract,2022,01003010400_tract
01003011201,112.01,tract,2022,01003011201_tract
01003010800,108,tract,2022,01003010800_tract
01003011000,110,tract,2022,01003011000_tract
01003010300,103,tract,2022,01003010300_tract
01003010500,105,tract,2022,01003010500_tract
01003011300,113,tract,2022,01003011300_tract
01003010704,107.04,tract,2022,01003010704_tract
01003010100,101,tract,2022,01003010100_tract
01033020802,208.02,tract,2022,01033020802_tract
01033021000,210,tract,2022,01033021000_tract
01033020801,208.01,tract,2022,01033020801_tract
01033020100,201,tract,2022,01033020100_tract
01003010200,102,tract,2022,01003010200_tract
01003010600,106,tract,2022,01003010600_tract
01111000100,1,tract,2022,01111000100_tract
01111000200,2,tract,2022,01111000200_tract
01095030801,308.01,tract,2022,01095030801_tract
01095031100,311,tract,2022,01095031100_tract
01095030902,309.02,tract,2022,01095030902_tract
01043964400,9644,tract,2022,01043964400_tract
01043964500,9645,tract,2022,01043964500_tract
01043964100,9641,tract,2022,01043964100_tract
01043964700,9647,tract,2022,01043964700_tract
01043965600,9656,tract,2022,01043965600_tract
01043965700,9657,tract,2022,01043965700_tract
01043965300,9653,tract,2022,01043965300_tract
01095031200,312,tract,2022,01095031200_tract
01055011002,110.02,tract,2022,01055011002_tract
01055001200,12,tract,2022,01055001200_tract
01055010800,108,tract,2022,01055010800_tract
01055010602,106.02,tract,2022,01055010602_tract
01055000200,2,tract,2022,01055000200_tract
01055010401,104.01,tract,2022,01055010401_tract
01123962501,9625.01,tract,2022,01123962501_tract
01123961900,9619,tract,2022,01123961900_tract
01039962500,9625,tract,2022,01039962500_tract
01039962800,9628,tract,2022,01039962800_tract
01039962000,9620,tract,2022,01039962000_tract
01039962900,9629,tract,2022,01039962900_tract
01109189003,1890.03,tract,2022,01109189003_tract
01043965100,9651,tract,2022,01043965100_tract
01043964600,9646,tract,2022,01043964600_tract
01043965200,9652,tract,2022,01043965200_tract
01043964300,9643,tract,2022,01043964300_tract
01017954600,9546,tract,2022,01017954600_tract
01045020801,208.01,tract,2022,01045020801_tract
01017954200,9542,tract,2022,01017954200_tract
01017953800,9538,tract,2022,01017953800_tract
01017954300,9543,tract,2022,01017954300_tract
01017954700,9547,tract,2022,01017954700_tract
01125011600,116,tract,2022,01125011600_tract
01125011701,117.01,tract,2022,01125011701_tract
01125011800,118,tract,2022,01125011800_tract
01023956800,9568,tract,2022,01023956800_tract
01023956900,9569,tract,2022,01023956900_tract
01023957000,9570,tract,2022,01023957000_tract
01117030219,302.19,tract,2022,01117030219_tract
01117030611,306.11,tract,2022,01117030611_tract
01117030613,306.13,tract,2022,01117030613_tract
01117030614,306.14,tract,2022,01117030614_tract
01117030610,306.10,tract,2022,01117030610_tract
01117030616,306.16,tract,2022,01117030616_tract
01117030503,305.03,tract,2022,01117030503_tract
01117030615,306.15,tract,2022,01117030615_tract
01125012304,123.04,tract,2022,01125012304_tract
01125012404,124.04,tract,2022,01125012404_tract
01125012600,126,tract,2022,01125012600_tract
01125012800,128,tract,2022,01125012800_tract
01125011703,117.03,tract,2022,01125011703_tract
01125012503,125.03,tract,2022,01125012503_tract
01051030901,309.01,tract,2022,01051030901_tract
01117030348,303.48,tract,2022,01117030348_tract
01117030349,303.49,tract,2022,01117030349_tract
01117030221,302.21,tract,2022,01117030221_tract
01117030220,302.20,tract,2022,01117030220_tract
01117030350,303.50,tract,2022,01117030350_tract
01117030612,306.12,tract,2022,01117030612_tract
01117030347,303.47,tract,2022,01117030347_tract
01117030218,302.18,tract,2022,01117030218_tract
01117030346,303.46,tract,2022,01117030346_tract
01117030351,303.51,tract,2022,01117030351_tract
01117030352,303.52,tract,2022,01117030352_tract
01109189001,1890.01,tract,2022,01109189001_tract
01109189102,1891.02,tract,2022,01109189102_tract
01109189002,1890.02,tract,2022,01109189002_tract
01109189101,1891.01,tract,2022,01109189101_tract
01105687002,6870.02,tract,2022,01105687002_tract
01105687001,6870.01,tract,2022,01105687001_tract
01097005900,59,tract,2022,01097005900_tract
01097006104,61.04,tract,2022,01097006104_tract
01097005500,55,tract,2022,01097005500_tract
01097007101,71.01,tract,2022,01097007101_tract
01097003404,34.04,tract,2022,01097003404_tract
01097007300,73,tract,2022,01097007300_tract
01097006600,66,tract,2022,01097006600_tract
01097002000,20,tract,2022,01097002000_tract
01097001502,15.02,tract,2022,01097001502_tract
01015000400,4,tract,2022,01015000400_tract
01097003607,36.07,tract,2022,01097003607_tract
01097001200,12,tract,2022,01097001200_tract
01097005800,58,tract,2022,01097005800_tract
01097006102,61.02,tract,2022,01097006102_tract
01097002200,22,tract,2022,01097002200_tract
01097003800,38,tract,2022,01097003800_tract
01097007103,71.03,tract,2022,01097007103_tract
01097003000,30,tract,2022,01097003000_tract
01117030504,305.04,tract,2022,01117030504_tract
01117980100,9801,tract,2022,01117980100_tract
01015002101,21.01,tract,2022,01015002101_tract
01015001700,17,tract,2022,01015001700_tract
01015000200,2,tract,2022,01015000200_tract
01015002200,22,tract,2022,01015002200_tract
01015000300,3,tract,2022,01015000300_tract
01089010623,106.23,tract,2022,01089010623_tract
01031010900,109,tract,2022,01031010900_tract
01031010500,105,tract,2022,01031010500_tract
01031011000,110,tract,2022,01031011000_tract
01031010800,108,tract,2022,01031010800_tract
01031011300,113,tract,2022,01031011300_tract
01031010600,106,tract,2022,01031010600_tract
01031010700,107,tract,2022,01031010700_tract
01031010200,102,tract,2022,01031010200_tract
01031010300,103,tract,2022,01031010300_tract
01031010400,104,tract,2022,01031010400_tract
01031010100,101,tract,2022,01031010100_tract
01097007600,76,tract,2022,01097007600_tract
01113031000,310,tract,2022,01113031000_tract
01113031200,312,tract,2022,01113031200_tract
01113030800,308,tract,2022,01113030800_tract
01113031100,311,tract,2022,01113031100_tract
01113030200,302,tract,2022,01113030200_tract
01113030300,303,tract,2022,01113030300_tract
01113030500,305,tract,2022,01113030500_tract
01031011100,111,tract,2022,01031011100_tract
01113030700,307,tract,2022,01113030700_tract
01083020500,205,tract,2022,01083020500_tract
01083020300,203,tract,2022,01083020300_tract
01073011109,111.09,tract,2022,01073011109_tract
01073014002,140.02,tract,2022,01073014002_tract
01073011002,110.02,tract,2022,01073011002_tract
01073012704,127.04,tract,2022,01073012704_tract
01073011110,111.10,tract,2022,01073011110_tract
01035960600,9606,tract,2022,01035960600_tract
01035960300,9603,tract,2022,01035960300_tract
01035960500,9605,tract,2022,01035960500_tract
01035960400,9604,tract,2022,01035960400_tract
01009050601,506.01,tract,2022,01009050601_tract
01047956900,9569,tract,2022,01047956900_tract
01125010102,101.02,tract,2022,01125010102_tract
01125010500,105,tract,2022,01125010500_tract
01125010406,104.06,tract,2022,01125010406_tract
01125010703,107.03,tract,2022,01125010703_tract
01125010101,101.01,tract,2022,01125010101_tract
01125010204,102.04,tract,2022,01125010204_tract
01125010405,104.05,tract,2022,01125010405_tract
01125010201,102.01,tract,2022,01125010201_tract
01125012305,123.05,tract,2022,01125012305_tract
01125012501,125.01,tract,2022,01125012501_tract
01125010802,108.02,tract,2022,01125010802_tract
01125012403,124.03,tract,2022,01125012403_tract
01125010404,104.04,tract,2022,01125010404_tract
01097007500,75,tract,2022,01097007500_tract
01089001301,13.01,tract,2022,01089001301_tract
01125010303,103.03,tract,2022,01125010303_tract
01125010407,104.07,tract,2022,01125010407_tract
01125010803,108.03,tract,2022,01125010803_tract
01125010203,102.03,tract,2022,01125010203_tract
01125012700,127,tract,2022,01125012700_tract
01125010302,103.02,tract,2022,01125010302_tract
01125010403,104.03,tract,2022,01125010403_tract
01125010601,106.01,tract,2022,01125010601_tract
01125010804,108.04,tract,2022,01125010804_tract
01125011200,112,tract,2022,01125011200_tract
01065040200,402,tract,2022,01065040200_tract
01065040300,403,tract,2022,01065040300_tract
01065040100,401,tract,2022,01065040100_tract
01065040500,405,tract,2022,01065040500_tract
01065040000,400,tract,2022,01065040000_tract
01071951000,9510,tract,2022,01071951000_tract
01071950200,9502,tract,2022,01071950200_tract
01071950400,9504,tract,2022,01071950400_tract
01071950700,9507,tract,2022,01071950700_tract
01071950500,9505,tract,2022,01071950500_tract
01051030902,309.02,tract,2022,01051030902_tract
01051030702,307.02,tract,2022,01051030702_tract
01051030701,307.01,tract,2022,01051030701_tract
01049960900,9609,tract,2022,01049960900_tract
01049960500,9605,tract,2022,01049960500_tract
01117980000,9800,tract,2022,01117980000_tract
01049960200,9602,tract,2022,01049960200_tract
01049961000,9610,tract,2022,01049961000_tract
01049961100,9611,tract,2022,01049961100_tract
01049960800,9608,tract,2022,01049960800_tract
01049961400,9614,tract,2022,01049961400_tract
01049961200,9612,tract,2022,01049961200_tract
01049961300,9613,tract,2022,01049961300_tract
01071950800,9508,tract,2022,01071950800_tract
01061050100,501,tract,2022,01061050100_tract
01061050600,506,tract,2022,01061050600_tract
01061050300,503,tract,2022,01061050300_tract
01061050400,504,tract,2022,01061050400_tract
01061050500,505,tract,2022,01061050500_tract
01061050200,502,tract,2022,01061050200_tract
01073014301,143.01,tract,2022,01073014301_tract
01073010802,108.02,tract,2022,01073010802_tract
01073012103,121.03,tract,2022,01073012103_tract
01073014104,141.04,tract,2022,01073014104_tract
01073010500,105,tract,2022,01073010500_tract
01073014404,144.04,tract,2022,01073014404_tract
01073003200,32,tract,2022,01073003200_tract
01073011706,117.06,tract,2022,01073011706_tract
01073012701,127.01,tract,2022,01073012701_tract
01073005600,56,tract,2022,01073005600_tract
01073012602,126.02,tract,2022,01073012602_tract
01073012104,121.04,tract,2022,01073012104_tract
01073010803,108.03,tract,2022,01073010803_tract
01073005000,50,tract,2022,01073005000_tract
01073012403,124.03,tract,2022,01073012403_tract
01073012302,123.02,tract,2022,01073012302_tract
01073011901,119.01,tract,2022,01073011901_tract
01073011205,112.05,tract,2022,01073011205_tract
01073011210,112.10,tract,2022,01073011210_tract
01073011600,116,tract,2022,01073011600_tract
01073010100,101,tract,2022,01073010100_tract
01089001302,13.02,tract,2022,01089001302_tract
01089003000,30,tract,2022,01089003000_tract
01089003100,31,tract,2022,01089003100_tract
01015981902,9819.02,tract,2022,01015981902_tract
01015000900,9,tract,2022,01015000900_tract
01015002400,24,tract,2022,01015002400_tract
01015001400,14,tract,2022,01015001400_tract
01015000600,6,tract,2022,01015000600_tract
01015002600,26,tract,2022,01015002600_tract
01047956800,9568,tract,2022,01047956800_tract
01015001000,10,tract,2022,01015001000_tract
01015002102,21.02,tract,2022,01015002102_tract
01015981903,9819.03,tract,2022,01015981903_tract
01015002502,25.02,tract,2022,01015002502_tract
01015000700,7,tract,2022,01015000700_tract
01015002300,23,tract,2022,01015002300_tract
01015001202,12.02,tract,2022,01015001202_tract
01063060000,600,tract,2022,01063060000_tract
01063060200,602,tract,2022,01063060200_tract
01073013601,136.01,tract,2022,01073013601_tract
01073013801,138.01,tract,2022,01073013801_tract
01073013901,139.01,tract,2022,01073013901_tract
01073013902,139.02,tract,2022,01073013902_tract
01073014105,141.05,tract,2022,01073014105_tract
01073000500,5,tract,2022,01073000500_tract
01073000700,7,tract,2022,01073000700_tract
01073014405,144.05,tract,2022,01073014405_tract
01073000800,8,tract,2022,01073000800_tract
01073001100,11,tract,2022,01073001100_tract
01073001200,12,tract,2022,01073001200_tract
01073001400,14,tract,2022,01073001400_tract
01073001500,15,tract,2022,01073001500_tract
01073001600,16,tract,2022,01073001600_tract
01073001902,19.02,tract,2022,01073001902_tract
01073002000,20,tract,2022,01073002000_tract
01073002200,22,tract,2022,01073002200_tract
01073002303,23.03,tract,2022,01073002303_tract
01073002305,23.05,tract,2022,01073002305_tract
01073002306,23.06,tract,2022,01073002306_tract
01073002900,29,tract,2022,01073002900_tract
01073003001,30.01,tract,2022,01073003001_tract
01073003002,30.02,tract,2022,01073003002_tract
01073003100,31,tract,2022,01073003100_tract
01073003300,33,tract,2022,01073003300_tract
01073003400,34,tract,2022,01073003400_tract
01085781100,7811,tract,2022,01085781100_tract
01085780800,7808,tract,2022,01085780800_tract
01085781200,7812,tract,2022,01085781200_tract
01085781000,7810,tract,2022,01085781000_tract
01073003500,35,tract,2022,01073003500_tract
01073003600,36,tract,2022,01073003600_tract
01073003802,38.02,tract,2022,01073003802_tract
01073003803,38.03,tract,2022,01073003803_tract
01073003900,39,tract,2022,01073003900_tract
01073004000,40,tract,2022,01073004000_tract
01073004200,42,tract,2022,01073004200_tract
01041963900,9639,tract,2022,01041963900_tract
01041963800,9638,tract,2022,01041963800_tract
01041963400,9634,tract,2022,01041963400_tract
01041963600,9636,tract,2022,01041963600_tract
01041963700,9637,tract,2022,01041963700_tract
01041963500,9635,tract,2022,01041963500_tract
01045021300,213,tract,2022,01045021300_tract
01045021102,211.02,tract,2022,01045021102_tract
01045020300,203,tract,2022,01045020300_tract
01045020400,204,tract,2022,01045020400_tract
01045021101,211.01,tract,2022,01045021101_tract
01045020200,202,tract,2022,01045020200_tract
01045020100,201,tract,2022,01045020100_tract
01045021200,212,tract,2022,01045021200_tract
01073004701,47.01,tract,2022,01073004701_tract
01073004702,47.02,tract,2022,01073004702_tract
01073004800,48,tract,2022,01073004800_tract
01073005101,51.01,tract,2022,01073005101_tract
01073005200,52,tract,2022,01073005200_tract
01073005302,53.02,tract,2022,01073005302_tract
01073005500,55,tract,2022,01073005500_tract
01073005701,57.01,tract,2022,01073005701_tract
01073005702,57.02,tract,2022,01073005702_tract
01073005800,58,tract,2022,01073005800_tract
01073005903,59.03,tract,2022,01073005903_tract
01089002801,28.01,tract,2022,01089002801_tract
01101006000,60,tract,2022,01101006000_tract
01101000300,3,tract,2022,01101000300_tract
01101002800,28,tract,2022,01101002800_tract
01101006100,61,tract,2022,01101006100_tract
01101005402,54.02,tract,2022,01101005402_tract
01101005102,51.02,tract,2022,01101005102_tract
01101005700,57,tract,2022,01101005700_tract
01101005101,51.01,tract,2022,01101005101_tract
01101005800,58,tract,2022,01101005800_tract
01101001400,14,tract,2022,01101001400_tract
01101005604,56.04,tract,2022,01101005604_tract
01101000100,1,tract,2022,01101000100_tract
01101000200,2,tract,2022,01101000200_tract
01101000400,4,tract,2022,01101000400_tract
01101000500,5,tract,2022,01101000500_tract
01101000600,6,tract,2022,01101000600_tract
01101000700,7,tract,2022,01101000700_tract
01101000900,9,tract,2022,01101000900_tract
01101001000,10,tract,2022,01101001000_tract
01121010202,102.02,tract,2022,01121010202_tract
01121010102,101.02,tract,2022,01121010102_tract
01121010201,102.01,tract,2022,01121010201_tract
01121010400,104,tract,2022,01121010400_tract
01101001100,11,tract,2022,01101001100_tract
01101001200,12,tract,2022,01101001200_tract
01101001300,13,tract,2022,01101001300_tract
01101001500,15,tract,2022,01101001500_tract
01101001600,16,tract,2022,01101001600_tract
01053969900,9699,tract,2022,01053969900_tract
01053970400,9704,tract,2022,01053970400_tract
01053970500,9705,tract,2022,01053970500_tract
01053970300,9703,tract,2022,01053970300_tract
01053970600,9706,tract,2022,01053970600_tract
01053970700,9707,tract,2022,01053970700_tract
01053970200,9702,tract,2022,01053970200_tract
01053970100,9701,tract,2022,01053970100_tract
01101001700,17,tract,2022,01101001700_tract
01101001800,18,tract,2022,01101001800_tract
01101001900,19,tract,2022,01101001900_tract
01101002000,20,tract,2022,01101002000_tract
01101002100,21,tract,2022,01101002100_tract
01001020200,202,tract,2022,01001020200_tract
01001020600,206,tract,2022,01001020600_tract
01001020100,201,tract,2022,01001020100_tract
01001020700,207,tract,2022,01001020700_tract
01001020400,204,tract,2022,01001020400_tract
01045020500,205,tract,2022,01045020500_tract
01045020700,207,tract,2022,01045020700_tract
01045021400,214,tract,2022,01045021400_tract
01019955702,9557.02,tract,2022,01019955702_tract
01011952500,9525,tract,2022,01011952500_tract
01111000600,6,tract,2022,01111000600_tract
01027959000,9590,tract,2022,01027959000_tract
01081042003,420.03,tract,2022,01081042003_tract
01121010301,103.01,tract,2022,01121010301_tract
01121010600,106,tract,2022,01121010600_tract
01121010302,103.02,tract,2022,01121010302_tract
01081040901,409.01,tract,2022,01081040901_tract
01019955900,9559,tract,2022,01019955900_tract
01019956000,9560,tract,2022,01019956000_tract
01123962400,9624,tract,2022,01123962400_tract
01123962200,9622,tract,2022,01123962200_tract
01123962502,9625.02,tract,2022,01123962502_tract
01123962000,9620,tract,2022,01123962000_tract
01103000300,3,tract,2022,01103000300_tract
01103000400,4,tract,2022,01103000400_tract
01103000600,6,tract,2022,01103000600_tract
01103000700,7,tract,2022,01103000700_tract
01103000800,8,tract,2022,01103000800_tract
01103000900,9,tract,2022,01103000900_tract
01103001000,10,tract,2022,01103001000_tract
01103005303,53.03,tract,2022,01103005303_tract
01113030403,304.03,tract,2022,01113030403_tract
01113030903,309.03,tract,2022,01113030903_tract
01113030907,309.07,tract,2022,01113030907_tract
01113030602,306.02,tract,2022,01113030602_tract
01113030404,304.04,tract,2022,01113030404_tract
01113030905,309.05,tract,2022,01113030905_tract
01113030904,309.04,tract,2022,01113030904_tract
01113030906,309.06,tract,2022,01113030906_tract
01113030601,306.01,tract,2022,01113030601_tract
01033020200,202,tract,2022,01033020200_tract
01033020300,203,tract,2022,01033020300_tract
01033020400,204,tract,2022,01033020400_tract
01043965502,9655.02,tract,2022,01043965502_tract
01043964902,9649.02,tract,2022,01043964902_tract
01043965501,9655.01,tract,2022,01043965501_tract
01043964201,9642.01,tract,2022,01043964201_tract
01043964202,9642.02,tract,2022,01043964202_tract
01043965002,9650.02,tract,2022,01043965002_tract
01043965001,9650.01,tract,2022,01043965001_tract
01043964901,9649.01,tract,2022,01043964901_tract
01033020500,205,tract,2022,01033020500_tract
01037961200,9612,tract,2022,01037961200_tract
01037961100,9611,tract,2022,01037961100_tract
01037961000,9610,tract,2022,01037961000_tract
01109188900,1889,tract,2022,01109188900_tract
01109188700,1887,tract,2022,01109188700_tract
01109188800,1888,tract,2022,01109188800_tract
01109188600,1886,tract,2022,01109188600_tract
01109189300,1893,tract,2022,01109189300_tract
01109189200,1892,tract,2022,01109189200_tract
01073005905,59.05,tract,2022,01073005905_tract
01073005907,59.07,tract,2022,01073005907_tract
01073005908,59.08,tract,2022,01073005908_tract
01047957200,9572,tract,2022,01047957200_tract
01047956201,9562.01,tract,2022,01047956201_tract
01117030337,303.37,tract,2022,01117030337_tract
01117030704,307.04,tract,2022,01117030704_tract
01073010001,100.01,tract,2022,01073010001_tract
01073010002,100.02,tract,2022,01073010002_tract
01073010200,102,tract,2022,01073010200_tract
01073010301,103.01,tract,2022,01073010301_tract
01073010302,103.02,tract,2022,01073010302_tract
01073010401,104.01,tract,2022,01073010401_tract
01073010402,104.02,tract,2022,01073010402_tract
01097004800,48,tract,2022,01097004800_tract
01073010603,106.03,tract,2022,01073010603_tract
01073010701,107.01,tract,2022,01073010701_tract
01073010702,107.02,tract,2022,01073010702_tract
01073010703,107.03,tract,2022,01073010703_tract
01097003501,35.01,tract,2022,01097003501_tract
01097004900,49,tract,2022,01097004900_tract
01097005000,50,tract,2022,01097005000_tract
01097001501,15.01,tract,2022,01097001501_tract
01097001800,18,tract,2022,01097001800_tract
01015001300,13,tract,2022,01015001300_tract
01015001201,12.01,tract,2022,01015001201_tract
01015000500,5,tract,2022,01015000500_tract
01015000800,8,tract,2022,01015000800_tract
01097003502,35.02,tract,2022,01097003502_tract
01097005100,51,tract,2022,01097005100_tract
01097005200,52,tract,2022,01097005200_tract
01097002900,29,tract,2022,01097002900_tract
01097003602,36.02,tract,2022,01097003602_tract
01097003606,36.06,tract,2022,01097003606_tract
01097003608,36.08,tract,2022,01097003608_tract
01097003703,37.03,tract,2022,01097003703_tract
01097006403,64.03,tract,2022,01097006403_tract
01097001901,19.01,tract,2022,01097001901_tract
01097001902,19.02,tract,2022,01097001902_tract
01073010704,107.04,tract,2022,01073010704_tract
01073010705,107.05,tract,2022,01073010705_tract
01073010706,107.06,tract,2022,01073010706_tract
01073010801,108.01,tract,2022,01073010801_tract
01055010402,104.02,tract,2022,01055010402_tract
01055010601,106.01,tract,2022,01055010601_tract
01055011200,112,tract,2022,01055011200_tract
01055011001,110.01,tract,2022,01055011001_tract
01097003100,31,tract,2022,01097003100_tract
01015981901,9819.01,tract,2022,01015981901_tract
01103005109,51.09,tract,2022,01103005109_tract
01103005108,51.08,tract,2022,01103005108_tract
01097003202,32.02,tract,2022,01097003202_tract
01097003704,37.04,tract,2022,01097003704_tract
01097003705,37.05,tract,2022,01097003705_tract
01097003706,37.06,tract,2022,01097003706_tract
01097003707,37.07,tract,2022,01097003707_tract
01133965700,9657,tract,2022,01133965700_tract
01097002100,21,tract,2022,01097002100_tract
01097003203,32.03,tract,2022,01097003203_tract
01133965800,9658,tract,2022,01133965800_tract
01133965900,9659,tract,2022,01133965900_tract
01073003700,37,tract,2022,01073003700_tract
01073010804,108.04,tract,2022,01073010804_tract
01073011206,112.06,tract,2022,01073011206_tract
01073011500,115,tract,2022,01073011500_tract
01073011704,117.04,tract,2022,01073011704_tract
01073012001,120.01,tract,2022,01073012001_tract
01073010900,109,tract,2022,01073010900_tract
01073011207,112.07,tract,2022,01073011207_tract
01007010001,100.01,tract,2022,01007010001_tract
01073011208,112.08,tract,2022,01073011208_tract
01103005106,51.06,tract,2022,01103005106_tract
01073011209,112.09,tract,2022,01073011209_tract
01073011803,118.03,tract,2022,01073011803_tract
01073011804,118.04,tract,2022,01073011804_tract
01073012200,122,tract,2022,01073012200_tract
01073014406,144.06,tract,2022,01073014406_tract
01105686800,6868,tract,2022,01105686800_tract
01073012500,125,tract,2022,01073012500_tract
01073013100,131,tract,2022,01073013100_tract
01073000100,1,tract,2022,01073000100_tract
01073000300,3,tract,2022,01073000300_tract
01073012401,124.01,tract,2022,01073012401_tract
01073012402,124.02,tract,2022,01073012402_tract
01117030336,303.36,tract,2022,01117030336_tract
01005950900,9509,tract,2022,01005950900_tract
01005950100,9501,tract,2022,01005950100_tract
01005950600,9506,tract,2022,01005950600_tract
01005950200,9502,tract,2022,01005950200_tract
01005950300,9503,tract,2022,01005950300_tract
01005950500,9505,tract,2022,01005950500_tract
01005950400,9504,tract,2022,01005950400_tract
01005950700,9507,tract,2022,01005950700_tract
01005950800,9508,tract,2022,01005950800_tract
01073000400,4,tract,2022,01073000400_tract
01073012907,129.07,tract,2022,01073012907_tract
01073012908,129.08,tract,2022,01073012908_tract
01073013002,130.02,tract,2022,01073013002_tract
01073013200,132,tract,2022,01073013200_tract
01073013300,133,tract,2022,01073013300_tract
01073013400,134,tract,2022,01073013400_tract
01105687100,6871,tract,2022,01105687100_tract
01095030402,304.02,tract,2022,01095030402_tract
01035960200,9602,tract,2022,01035960200_tract
01103005107,51.07,tract,2022,01103005107_tract
01103005701,57.01,tract,2022,01103005701_tract
01121011100,111,tract,2022,01121011100_tract
01121011700,117,tract,2022,01121011700_tract
01121010900,109,tract,2022,01121010900_tract
01121011600,116,tract,2022,01121011600_tract
01121011400,114,tract,2022,01121011400_tract
01121010700,107,tract,2022,01121010700_tract
01121012000,120,tract,2022,01121012000_tract
01121011200,112,tract,2022,01121011200_tract
01121010500,105,tract,2022,01121010500_tract
01121011000,110,tract,2022,01121011000_tract
01121011900,119,tract,2022,01121011900_tract
01091973300,9733,tract,2022,01091973300_tract
01091973400,9734,tract,2022,01091973400_tract
01091973100,9731,tract,2022,01091973100_tract
01091973200,9732,tract,2022,01091973200_tract
01081042006,420.06,tract,2022,01081042006_tract
01121011800,118,tract,2022,01121011800_tract
01089002912,29.12,tract,2022,01089002912_tract
01101005410,54.10,tract,2022,01101005410_tract
01101005605,56.05,tract,2022,01101005605_tract
01081040602,406.02,tract,2022,01081040602_tract
01089002922,29.22,tract,2022,01089002922_tract
01089011012,110.12,tract,2022,01089011012_tract
01089011013,110.13,tract,2022,01089011013_tract
01089010902,109.02,tract,2022,01089010902_tract
01117030405,304.05,tract,2022,01117030405_tract
01115040104,401.04,tract,2022,01115040104_tract
01115040105,401.05,tract,2022,01115040105_tract
01115040401,404.01,tract,2022,01115040401_tract
01115040402,404.02,tract,2022,01115040402_tract
01083020101,201.01,tract,2022,01083020101_tract
01083020202,202.02,tract,2022,01083020202_tract
01083020201,202.01,tract,2022,01083020201_tract
01101005407,54.07,tract,2022,01101005407_tract
01057020100,201,tract,2022,01057020100_tract
01057020000,200,tract,2022,01057020000_tract
01057020400,204,tract,2022,01057020400_tract
01057020200,202,tract,2022,01057020200_tract
01117030215,302.15,tract,2022,01117030215_tract
01117030407,304.07,tract,2022,01117030407_tract
01057020300,203,tract,2022,01057020300_tract
01117030340,303.40,tract,2022,01117030340_tract
01117030341,303.41,tract,2022,01117030341_tract
01117030502,305.02,tract,2022,01117030502_tract
01117030703,307.03,tract,2022,01117030703_tract
01117030406,304.06,tract,2022,01117030406_tract
01009050200,502,tract,2022,01009050200_tract
01129044200,442,tract,2022,01129044200_tract
01129044100,441,tract,2022,01129044100_tract
01129044000,440,tract,2022,01129044000_tract
01129043900,439,tract,2022,01129043900_tract
01129044300,443,tract,2022,01129044300_tract
01089001500,15,tract,2022,01089001500_tract
01089001700,17,tract,2022,01089001700_tract
01089001903,19.03,tract,2022,01089001903_tract
01089002000,20,tract,2022,01089002000_tract
01047956400,9564,tract,2022,01047956400_tract
01047956600,9566,tract,2022,01047956600_tract
01083020600,206,tract,2022,01083020600_tract
01083020700,207,tract,2022,01083020700_tract
01083020900,209,tract,2022,01083020900_tract
01047957100,9571,tract,2022,01047957100_tract
01047957000,9570,tract,2022,01047957000_tract
01047956300,9563,tract,2022,01047956300_tract
01047956500,9565,tract,2022,01047956500_tract
01069040900,409,tract,2022,01069040900_tract
01069040100,401,tract,2022,01069040100_tract
01069041400,414,tract,2022,01069041400_tract
01069042000,420,tract,2022,01069042000_tract
01069041800,418,tract,2022,01069041800_tract
01069041700,417,tract,2022,01069041700_tract
01069041600,416,tract,2022,01069041600_tract
01125011401,114.01,tract,2022,01125011401_tract
01125011901,119.01,tract,2022,01125011901_tract
01089002100,21,tract,2022,01089002100_tract
01089002300,23,tract,2022,01089002300_tract
01089002400,24,tract,2022,01089002400_tract
01089002501,25.01,tract,2022,01089002501_tract
01089002502,25.02,tract,2022,01089002502_tract
01083021000,210,tract,2022,01083021000_tract
01083020402,204.02,tract,2022,01083020402_tract
01117030211,302.11,tract,2022,01117030211_tract
01117030103,301.03,tract,2022,01117030103_tract
01117030900,309,tract,2022,01117030900_tract
01117030102,301.02,tract,2022,01117030102_tract
01089002600,26,tract,2022,01089002600_tract
01089002701,27.01,tract,2022,01089002701_tract
01089002721,27.21,tract,2022,01089002721_tract
01117030408,304.08,tract,2022,01117030408_tract
01117030345,303.45,tract,2022,01117030345_tract
01117030212,302.12,tract,2022,01117030212_tract
01117030216,302.16,tract,2022,01117030216_tract
01009050400,504,tract,2022,01009050400_tract
01077010200,102,tract,2022,01077010200_tract
01077011602,116.02,tract,2022,01077011602_tract
01077010400,104,tract,2022,01077010400_tract
01077010100,101,tract,2022,01077010100_tract
01077011300,113,tract,2022,01077011300_tract
01077011502,115.02,tract,2022,01077011502_tract
01077010800,108,tract,2022,01077010800_tract
01077011200,112,tract,2022,01077011200_tract
01077011700,117,tract,2022,01077011700_tract
01003010903,109.03,tract,2022,01003010903_tract
01003011601,116.01,tract,2022,01003011601_tract
01003010906,109.06,tract,2022,01003010906_tract
01003011202,112.02,tract,2022,01003011202_tract
01025957500,9575,tract,2022,01025957500_tract
01025957902,9579.02,tract,2022,01025957902_tract
01025957901,9579.01,tract,2022,01025957901_tract
01025957800,9578,tract,2022,01025957800_tract
01001020300,203,tract,2022,01001020300_tract
01001021100,211,tract,2022,01001021100_tract
01001021000,210,tract,2022,01001021000_tract
01069040400,404,tract,2022,01069040400_tract
01069040500,405,tract,2022,01069040500_tract
01069040600,406,tract,2022,01069040600_tract
01077011101,111.01,tract,2022,01077011101_tract
01077011802,118.02,tract,2022,01077011802_tract
01077011603,116.03,tract,2022,01077011603_tract
01119011400,114,tract,2022,01119011400_tract
01097990000,9900,tract,2022,01097990000_tract
01033020600,206,tract,2022,01033020600_tract
01089001401,14.01,tract,2022,01089001401_tract
01087232300,2323,tract,2022,01087232300_tract
01087231900,2319,tract,2022,01087231900_tract
01087231700,2317,tract,2022,01087231700_tract
01087232200,2322,tract,2022,01087232200_tract
01087232000,2320,tract,2022,01087232000_tract
01087231500,2315,tract,2022,01087231500_tract
01087231400,2314,tract,2022,01087231400_tract
01087231800,2318,tract,2022,01087231800_tract
28131020204,202.04,tract,2022,28131020204_tract
28131020206,202.06,tract,2022,28131020206_tract
28131020205,202.05,tract,2022,28131020205_tract
28131020203,202.03,tract,2022,28131020203_tract
28041950201,9502.01,tract,2022,28041950201_tract
28041950102,9501.02,tract,2022,28041950102_tract
28041950202,9502.02,tract,2022,28041950202_tract
28041950101,9501.01,tract,2022,28041950101_tract
28071950304,9503.04,tract,2022,28071950304_tract
28025950500,9505,tract,2022,28025950500_tract
28025950100,9501,tract,2022,28025950100_tract
28025950200,9502,tract,2022,28025950200_tract
28071950203,9502.03,tract,2022,28071950203_tract
28071950204,9502.04,tract,2022,28071950204_tract
28071950303,9503.03,tract,2022,28071950303_tract
28071950504,9505.04,tract,2022,28071950504_tract
28071950404,9504.04,tract,2022,28071950404_tract
28071950505,9505.05,tract,2022,28071950505_tract
28071950507,9505.07,tract,2022,28071950507_tract
28071950506,9505.06,tract,2022,28071950506_tract
28071950403,9504.03,tract,2022,28071950403_tract
28083950600,9506,tract,2022,28083950600_tract
28083950300,9503,tract,2022,28083950300_tract
28083950200,9502,tract,2022,28083950200_tract
28083950100,9501,tract,2022,28083950100_tract
28161950200,9502,tract,2022,28161950200_tract
28161950100,9501,tract,2022,28161950100_tract
28107950301,9503.01,tract,2022,28107950301_tract
28083950700,9507,tract,2022,28083950700_tract
28121020803,208.03,tract,2022,28121020803_tract
28121020500,205,tract,2022,28121020500_tract
28121020301,203.01,tract,2022,28121020301_tract
28121020101,201.01,tract,2022,28121020101_tract
28121020402,204.02,tract,2022,28121020402_tract
28121021001,210.01,tract,2022,28121021001_tract
28083950800,9508,tract,2022,28083950800_tract
28083950900,9509,tract,2022,28083950900_tract
28083950400,9504,tract,2022,28083950400_tract
28123020101,201.01,tract,2022,28123020101_tract
28123020301,203.01,tract,2022,28123020301_tract
28123020102,201.02,tract,2022,28123020102_tract
28123020302,203.02,tract,2022,28123020302_tract
28107950601,9506.01,tract,2022,28107950601_tract
28107950302,9503.02,tract,2022,28107950302_tract
28107950602,9506.02,tract,2022,28107950602_tract
28107950502,9505.02,tract,2022,28107950502_tract
28107950102,9501.02,tract,2022,28107950102_tract
28107950101,9501.01,tract,2022,28107950101_tract
28107950501,9505.01,tract,2022,28107950501_tract
28049002300,23,tract,2022,28049002300_tract
28047003407,34.07,tract,2022,28047003407_tract
28047003508,35.08,tract,2022,28047003508_tract
28093950301,9503.01,tract,2022,28093950301_tract
28093950201,9502.01,tract,2022,28093950201_tract
28093950101,9501.01,tract,2022,28093950101_tract
28093950502,9505.02,tract,2022,28093950502_tract
28093950501,9505.01,tract,2022,28093950501_tract
28093950202,9502.02,tract,2022,28093950202_tract
28093950102,9501.02,tract,2022,28093950102_tract
28115950101,9501.01,tract,2022,28115950101_tract
28121020217,202.17,tract,2022,28121020217_tract
28107950201,9502.01,tract,2022,28107950201_tract
28107950202,9502.02,tract,2022,28107950202_tract
28031950401,9504.01,tract,2022,28031950401_tract
28031950402,9504.02,tract,2022,28031950402_tract
28049010301,103.01,tract,2022,28049010301_tract
28049001000,10,tract,2022,28049001000_tract
28049001200,12,tract,2022,28049001200_tract
28049002500,25,tract,2022,28049002500_tract
28049001500,15,tract,2022,28049001500_tract
28049001600,16,tract,2022,28049001600_tract
28011950601,9506.01,tract,2022,28011950601_tract
28011950602,9506.02,tract,2022,28011950602_tract
28149950102,9501.02,tract,2022,28149950102_tract
28149950101,9501.01,tract,2022,28149950101_tract
28109950300,9503,tract,2022,28109950300_tract
28093950302,9503.02,tract,2022,28093950302_tract
28049010305,103.05,tract,2022,28049010305_tract
28081950403,9504.03,tract,2022,28081950403_tract
28081950404,9504.04,tract,2022,28081950404_tract
28081950203,9502.03,tract,2022,28081950203_tract
28081950501,9505.01,tract,2022,28081950501_tract
28081951102,9511.02,tract,2022,28081951102_tract
28081951101,9511.01,tract,2022,28081951101_tract
28081950204,9502.04,tract,2022,28081950204_tract
28081950502,9505.02,tract,2022,28081950502_tract
28115950102,9501.02,tract,2022,28115950102_tract
28127950301,9503.01,tract,2022,28127950301_tract
28127950302,9503.02,tract,2022,28127950302_tract
28127950102,9501.02,tract,2022,28127950102_tract
28127950401,9504.01,tract,2022,28127950401_tract
28127950403,9504.03,tract,2022,28127950403_tract
28127950101,9501.01,tract,2022,28127950101_tract
28127950402,9504.02,tract,2022,28127950402_tract
28121020804,208.04,tract,2022,28121020804_tract
28121020304,203.04,tract,2022,28121020304_tract
28121021005,210.05,tract,2022,28121021005_tract
28121021004,210.04,tract,2022,28121021004_tract
28121020602,206.02,tract,2022,28121020602_tract
28121020601,206.01,tract,2022,28121020601_tract
28121020219,202.19,tract,2022,28121020219_tract
28121020303,203.03,tract,2022,28121020303_tract
28121020216,202.16,tract,2022,28121020216_tract
28121020705,207.05,tract,2022,28121020705_tract
28121020218,202.18,tract,2022,28121020218_tract
28121020805,208.05,tract,2022,28121020805_tract
28121020902,209.02,tract,2022,28121020902_tract
28057950100,9501,tract,2022,28057950100_tract
28057950300,9503,tract,2022,28057950300_tract
28057950500,9505,tract,2022,28057950500_tract
28057950400,9504,tract,2022,28057950400_tract
28029950502,9505.02,tract,2022,28029950502_tract
28161950302,9503.02,tract,2022,28161950302_tract
28161950301,9503.01,tract,2022,28161950301_tract
28029950102,9501.02,tract,2022,28029950102_tract
28029950101,9501.01,tract,2022,28029950101_tract
28029950501,9505.01,tract,2022,28029950501_tract
28121020105,201.05,tract,2022,28121020105_tract
28121020901,209.01,tract,2022,28121020901_tract
28121020103,201.03,tract,2022,28121020103_tract
28121020806,208.06,tract,2022,28121020806_tract
28121020104,201.04,tract,2022,28121020104_tract
28145950300,9503,tract,2022,28145950300_tract
28121020215,202.15,tract,2022,28121020215_tract
28121020214,202.14,tract,2022,28121020214_tract
28071950100,9501,tract,2022,28071950100_tract
28151000100,1,tract,2022,28151000100_tract
28151000200,2,tract,2022,28151000200_tract
28151000800,8,tract,2022,28151000800_tract
28151000400,4,tract,2022,28151000400_tract
28151000300,3,tract,2022,28151000300_tract
28151002000,20,tract,2022,28151002000_tract
28151001500,15,tract,2022,28151001500_tract
28059041900,419,tract,2022,28059041900_tract
28059041800,418,tract,2022,28059041800_tract
28059042000,420,tract,2022,28059042000_tract
28121021003,210.03,tract,2022,28121021003_tract
28121020401,204.01,tract,2022,28121020401_tract
28121020801,208.01,tract,2022,28121020801_tract
28049003200,32,tract,2022,28049003200_tract
28049003400,34,tract,2022,28049003400_tract
28065950202,9502.02,tract,2022,28065950202_tract
28065950201,9502.01,tract,2022,28065950201_tract
28137950301,9503.01,tract,2022,28137950301_tract
28097950302,9503.02,tract,2022,28097950302_tract
28097950301,9503.01,tract,2022,28097950301_tract
28049003500,35,tract,2022,28049003500_tract
28145950500,9505,tract,2022,28145950500_tract
28145950100,9501,tract,2022,28145950100_tract
28145950600,9506,tract,2022,28145950600_tract
28145950400,9504,tract,2022,28145950400_tract
28145950200,9502,tract,2022,28145950200_tract
28009950102,9501.02,tract,2022,28009950102_tract
28009950101,9501.01,tract,2022,28009950101_tract
28151001700,17,tract,2022,28151001700_tract
28049002200,22,tract,2022,28049002200_tract
28049003600,36,tract,2022,28049003600_tract
28059042100,421,tract,2022,28059042100_tract
28049000500,5,tract,2022,28049000500_tract
28011950702,9507.02,tract,2022,28011950702_tract
28049003700,37,tract,2022,28049003700_tract
28049000600,6,tract,2022,28049000600_tract
28011950701,9507.01,tract,2022,28011950701_tract
28151000600,6,tract,2022,28151000600_tract
28151000900,9,tract,2022,28151000900_tract
28151001000,10,tract,2022,28151001000_tract
28151001100,11,tract,2022,28151001100_tract
28151001200,12,tract,2022,28151001200_tract
28151001300,13,tract,2022,28151001300_tract
28049000900,9,tract,2022,28049000900_tract
28039950302,9503.02,tract,2022,28039950302_tract
28039950102,9501.02,tract,2022,28039950102_tract
28039950101,9501.01,tract,2022,28039950101_tract
28047004000,40,tract,2022,28047004000_tract
28047002401,24.01,tract,2022,28047002401_tract
28047001203,12.03,tract,2022,28047001203_tract
28047003902,39.02,tract,2022,28047003902_tract
28047001205,12.05,tract,2022,28047001205_tract
28047001204,12.04,tract,2022,28047001204_tract
28047001506,15.06,tract,2022,28047001506_tract
28047001207,12.07,tract,2022,28047001207_tract
28047003217,32.17,tract,2022,28047003217_tract
28047001206,12.06,tract,2022,28047001206_tract
28047001701,17.01,tract,2022,28047001701_tract
28047001503,15.03,tract,2022,28047001503_tract
28047001703,17.03,tract,2022,28047001703_tract
28047001402,14.02,tract,2022,28047001402_tract
28047001301,13.01,tract,2022,28047001301_tract
28047003901,39.01,tract,2022,28047003901_tract
28047002801,28.01,tract,2022,28047002801_tract
28047002001,20.01,tract,2022,28047002001_tract
28047001302,13.02,tract,2022,28047001302_tract
28047001504,15.04,tract,2022,28047001504_tract
28023950202,9502.02,tract,2022,28023950202_tract
28023950201,9502.01,tract,2022,28023950201_tract
28151001400,14,tract,2022,28151001400_tract
28071950301,9503.01,tract,2022,28071950301_tract
28111950102,9501.02,tract,2022,28111950102_tract
28111950101,9501.01,tract,2022,28111950101_tract
28137950302,9503.02,tract,2022,28137950302_tract
28151001600,16,tract,2022,28151001600_tract
28151002100,21,tract,2022,28151002100_tract
28087000406,4.06,tract,2022,28087000406_tract
28087000405,4.05,tract,2022,28087000405_tract
28087980000,9800,tract,2022,28087980000_tract
28087000103,1.03,tract,2022,28087000103_tract
28087000301,3.01,tract,2022,28087000301_tract
28087000104,1.04,tract,2022,28087000104_tract
28087000302,3.02,tract,2022,28087000302_tract
28087000902,9.02,tract,2022,28087000902_tract
28045030101,301.01,tract,2022,28045030101_tract
28087000901,9.01,tract,2022,28087000901_tract
28085950500,9505,tract,2022,28085950500_tract
28085950100,9501,tract,2022,28085950100_tract
28045030102,301.02,tract,2022,28045030102_tract
28045030302,303.02,tract,2022,28045030302_tract
28045030201,302.01,tract,2022,28045030201_tract
28045030202,302.02,tract,2022,28045030202_tract
28045030203,302.03,tract,2022,28045030203_tract
28045030301,303.01,tract,2022,28045030301_tract
28085950401,9504.01,tract,2022,28085950401_tract
28085950601,9506.01,tract,2022,28085950601_tract
28085950602,9506.02,tract,2022,28085950602_tract
28085950301,9503.01,tract,2022,28085950301_tract
28045030502,305.02,tract,2022,28045030502_tract
28045030303,303.03,tract,2022,28045030303_tract
28045030606,306.06,tract,2022,28045030606_tract
28047001401,14.01,tract,2022,28047001401_tract
28047003311,33.11,tract,2022,28047003311_tract
28047003312,33.12,tract,2022,28047003312_tract
28019950200,9502,tract,2022,28019950200_tract
28019950300,9503,tract,2022,28019950300_tract
28019950100,9501,tract,2022,28019950100_tract
28045030304,303.04,tract,2022,28045030304_tract
28045030605,306.05,tract,2022,28045030605_tract
28045030501,305.01,tract,2022,28045030501_tract
28045030503,305.03,tract,2022,28045030503_tract
28045030604,306.04,tract,2022,28045030604_tract
28045030603,306.03,tract,2022,28045030603_tract
28095950600,9506,tract,2022,28095950600_tract
28095950400,9504,tract,2022,28095950400_tract
28095950800,9508,tract,2022,28095950800_tract
28089030401,304.01,tract,2022,28089030401_tract
28095950300,9503,tract,2022,28095950300_tract
28095950700,9507,tract,2022,28095950700_tract
28089030403,304.03,tract,2022,28089030403_tract
28089030109,301.09,tract,2022,28089030109_tract
28089030111,301.11,tract,2022,28089030111_tract
28089030112,301.12,tract,2022,28089030112_tract
28089030402,304.02,tract,2022,28089030402_tract
28089030208,302.08,tract,2022,28089030208_tract
28089030207,302.07,tract,2022,28089030207_tract
28089030110,301.10,tract,2022,28089030110_tract
28137950201,9502.01,tract,2022,28137950201_tract
28137950202,9502.02,tract,2022,28137950202_tract
28109950405,9504.05,tract,2022,28109950405_tract
28089031100,311,tract,2022,28089031100_tract
28089030502,305.02,tract,2022,28089030502_tract
28089030501,305.01,tract,2022,28089030501_tract
28089030206,302.06,tract,2022,28089030206_tract
28033070521,705.21,tract,2022,28033070521_tract
28005950302,9503.02,tract,2022,28005950302_tract
28005950301,9503.01,tract,2022,28005950301_tract
28047003507,35.07,tract,2022,28047003507_tract
28109950102,9501.02,tract,2022,28109950102_tract
28109950702,9507.02,tract,2022,28109950702_tract
28109950504,9505.04,tract,2022,28109950504_tract
28109950701,9507.01,tract,2022,28109950701_tract
28109950403,9504.03,tract,2022,28109950403_tract
28109950202,9502.02,tract,2022,28109950202_tract
28109950506,9505.06,tract,2022,28109950506_tract
28109950505,9505.05,tract,2022,28109950505_tract
28109950406,9504.06,tract,2022,28109950406_tract
28109950503,9505.03,tract,2022,28109950503_tract
28109950101,9501.01,tract,2022,28109950101_tract
28109950404,9504.04,tract,2022,28109950404_tract
28109950201,9502.01,tract,2022,28109950201_tract
28153950302,9503.02,tract,2022,28153950302_tract
28153950301,9503.01,tract,2022,28153950301_tract
28153950101,9501.01,tract,2022,28153950101_tract
28153950402,9504.02,tract,2022,28153950402_tract
28153950401,9504.01,tract,2022,28153950401_tract
28153950102,9501.02,tract,2022,28153950102_tract
28031950100,9501,tract,2022,28031950100_tract
28031950200,9502,tract,2022,28031950200_tract
28035000601,6.01,tract,2022,28035000601_tract
28047003313,33.13,tract,2022,28047003313_tract
28047003310,33.10,tract,2022,28047003310_tract
28047003308,33.08,tract,2022,28047003308_tract
28075000800,8,tract,2022,28075000800_tract
28035010601,106.01,tract,2022,28035010601_tract
28035010602,106.02,tract,2022,28035010602_tract
28035010202,102.02,tract,2022,28035010202_tract
28035010201,102.01,tract,2022,28035010201_tract
28035010104,101.04,tract,2022,28035010104_tract
28035000602,6.02,tract,2022,28035000602_tract
28035010103,101.03,tract,2022,28035010103_tract
28051950200,9502,tract,2022,28051950200_tract
28051950100,9501,tract,2022,28051950100_tract
28051950400,9504,tract,2022,28051950400_tract
28085950302,9503.02,tract,2022,28085950302_tract
28085950402,9504.02,tract,2022,28085950402_tract
28113950502,9505.02,tract,2022,28113950502_tract
28113950601,9506.01,tract,2022,28113950601_tract
28113950501,9505.01,tract,2022,28113950501_tract
28113950104,9501.04,tract,2022,28113950104_tract
28113950602,9506.02,tract,2022,28113950602_tract
28113950103,9501.03,tract,2022,28113950103_tract
28071950402,9504.02,tract,2022,28071950402_tract
28137950400,9504,tract,2022,28137950400_tract
28137950100,9501,tract,2022,28137950100_tract
28119950200,9502,tract,2022,28119950200_tract
28119950100,9501,tract,2022,28119950100_tract
28119950300,9503,tract,2022,28119950300_tract
28111950200,9502,tract,2022,28111950200_tract
28031950300,9503,tract,2022,28031950300_tract
28073020600,206,tract,2022,28073020600_tract
28047003512,35.12,tract,2022,28047003512_tract
28047003215,32.15,tract,2022,28047003215_tract
28047003406,34.06,tract,2022,28047003406_tract
28047003209,32.09,tract,2022,28047003209_tract
28047003002,30.02,tract,2022,28047003002_tract
28085950201,9502.01,tract,2022,28085950201_tract
28085950202,9502.02,tract,2022,28085950202_tract
28033070422,704.22,tract,2022,28033070422_tract
28033070411,704.11,tract,2022,28033070411_tract
28033070821,708.21,tract,2022,28033070821_tract
28033070325,703.25,tract,2022,28033070325_tract
28033070822,708.22,tract,2022,28033070822_tract
28047003403,34.03,tract,2022,28047003403_tract
28103950200,9502,tract,2022,28103950200_tract
28103950300,9503,tract,2022,28103950300_tract
28103950100,9501,tract,2022,28103950100_tract
28049000302,3.02,tract,2022,28049000302_tract
28049000301,3.01,tract,2022,28049000301_tract
28049011400,114,tract,2022,28049011400_tract
28049002100,21,tract,2022,28049002100_tract
28049011500,115,tract,2022,28049011500_tract
28089030108,301.08,tract,2022,28089030108_tract
28045990000,9900,tract,2022,28045990000_tract
28047003800,38,tract,2022,28047003800_tract
28047990000,9900,tract,2022,28047990000_tract
28075010700,107,tract,2022,28075010700_tract
28047003600,36,tract,2022,28047003600_tract
28105950401,9504.01,tract,2022,28105950401_tract
28105950102,9501.02,tract,2022,28105950102_tract
28105950402,9504.02,tract,2022,28105950402_tract
28105950201,9502.01,tract,2022,28105950201_tract
28105950101,9501.01,tract,2022,28105950101_tract
28105950701,9507.01,tract,2022,28105950701_tract
28105950604,9506.04,tract,2022,28105950604_tract
28105950702,9507.02,tract,2022,28105950702_tract
28105950603,9506.03,tract,2022,28105950603_tract
28105950202,9502.02,tract,2022,28105950202_tract
28047003212,32.12,tract,2022,28047003212_tract
28047003511,35.11,tract,2022,28047003511_tract
28047003510,35.10,tract,2022,28047003510_tract
28047003213,32.13,tract,2022,28047003213_tract
28047003001,30.01,tract,2022,28047003001_tract
28047003514,35.14,tract,2022,28047003514_tract
28047003306,33.06,tract,2022,28047003306_tract
28047003409,34.09,tract,2022,28047003409_tract
28047003408,34.08,tract,2022,28047003408_tract
28063950103,9501.03,tract,2022,28063950103_tract
28063950101,9501.01,tract,2022,28063950101_tract
28063950102,9501.02,tract,2022,28063950102_tract
28027950500,9505,tract,2022,28027950500_tract
28027950300,9503,tract,2022,28027950300_tract
28001000300,3,tract,2022,28001000300_tract
28005950200,9502,tract,2022,28005950200_tract
28005950100,9501,tract,2022,28005950100_tract
28109950600,9506,tract,2022,28109950600_tract
28027950400,9504,tract,2022,28027950400_tract
28027950600,9506,tract,2022,28027950600_tract
28027950700,9507,tract,2022,28027950700_tract
28027950200,9502,tract,2022,28027950200_tract
28027950100,9501,tract,2022,28027950100_tract
28101050301,503.01,tract,2022,28101050301_tract
28101050302,503.02,tract,2022,28101050302_tract
28129950202,9502.02,tract,2022,28129950202_tract
28129950302,9503.02,tract,2022,28129950302_tract
28129950201,9502.01,tract,2022,28129950201_tract
28129950301,9503.01,tract,2022,28129950301_tract
28001000500,5,tract,2022,28001000500_tract
28001000400,4,tract,2022,28001000400_tract
28001000700,7,tract,2022,28001000700_tract
28001000600,6,tract,2022,28001000600_tract
28001000200,2,tract,2022,28001000200_tract
28001000900,9,tract,2022,28001000900_tract
28147950101,9501.01,tract,2022,28147950101_tract
28081950800,9508,tract,2022,28081950800_tract
28081950700,9507,tract,2022,28081950700_tract
28147950102,9501.02,tract,2022,28147950102_tract
28147950301,9503.01,tract,2022,28147950301_tract
28147950302,9503.02,tract,2022,28147950302_tract
28113950300,9503,tract,2022,28113950300_tract
28113950700,9507,tract,2022,28113950700_tract
28047003208,32.08,tract,2022,28047003208_tract
28001000800,8,tract,2022,28001000800_tract
28001000101,1.01,tract,2022,28001000101_tract
28001000102,1.02,tract,2022,28001000102_tract
28075010501,105.01,tract,2022,28075010501_tract
28155950100,9501,tract,2022,28155950100_tract
28155950300,9503,tract,2022,28155950300_tract
28155950200,9502,tract,2022,28155950200_tract
28075010601,106.01,tract,2022,28075010601_tract
28075010502,105.02,tract,2022,28075010502_tract
28075010303,103.03,tract,2022,28075010303_tract
28075010205,102.05,tract,2022,28075010205_tract
28075000402,4.02,tract,2022,28075000402_tract
28075010204,102.04,tract,2022,28075010204_tract
28141950401,9504.01,tract,2022,28141950401_tract
28075000401,4.01,tract,2022,28075000401_tract
28075010203,102.03,tract,2022,28075010203_tract
28075010304,103.04,tract,2022,28075010304_tract
28065950102,9501.02,tract,2022,28065950102_tract
28065950101,9501.01,tract,2022,28065950101_tract
28141950102,9501.02,tract,2022,28141950102_tract
28141950101,9501.01,tract,2022,28141950101_tract
28141950302,9503.02,tract,2022,28141950302_tract
28141950402,9504.02,tract,2022,28141950402_tract
28141950301,9503.01,tract,2022,28141950301_tract
28139950201,9502.01,tract,2022,28139950201_tract
28139950202,9502.02,tract,2022,28139950202_tract
28139950401,9504.01,tract,2022,28139950401_tract
28139950402,9504.02,tract,2022,28139950402_tract
28051950502,9505.02,tract,2022,28051950502_tract
28075010602,106.02,tract,2022,28075010602_tract
28075010206,102.06,tract,2022,28075010206_tract
28077960200,9602,tract,2022,28077960200_tract
28077960100,9601,tract,2022,28077960100_tract
28077960300,9603,tract,2022,28077960300_tract
28037950102,9501.02,tract,2022,28037950102_tract
28037950101,9501.01,tract,2022,28037950101_tract
28021950200,9502,tract,2022,28021950200_tract
28051950501,9505.01,tract,2022,28051950501_tract
28035000500,5,tract,2022,28035000500_tract
28035001100,11,tract,2022,28035001100_tract
28035000800,8,tract,2022,28035000800_tract
28035010500,105,tract,2022,28035010500_tract
28035010400,104,tract,2022,28035010400_tract
28035010300,103,tract,2022,28035010300_tract
28021950100,9501,tract,2022,28021950100_tract
28021950300,9503,tract,2022,28021950300_tract
28035000900,9,tract,2022,28035000900_tract
28051950300,9503,tract,2022,28051950300_tract
28023950300,9503,tract,2022,28023950300_tract
28023950400,9504,tract,2022,28023950400_tract
28023950100,9501,tract,2022,28023950100_tract
28003950100,9501,tract,2022,28003950100_tract
28003950300,9503,tract,2022,28003950300_tract
28003950700,9507,tract,2022,28003950700_tract
28003950600,9506,tract,2022,28003950600_tract
28087000700,7,tract,2022,28087000700_tract
28035000300,3,tract,2022,28035000300_tract
28035001000,10,tract,2022,28035001000_tract
28035000700,7,tract,2022,28035000700_tract
28035000200,2,tract,2022,28035000200_tract
28139950100,9501,tract,2022,28139950100_tract
28139950300,9503,tract,2022,28139950300_tract
28097950100,9501,tract,2022,28097950100_tract
28097950200,9502,tract,2022,28097950200_tract
28117950500,9505,tract,2022,28117950500_tract
28117950400,9504,tract,2022,28117950400_tract
28087000800,8,tract,2022,28087000800_tract
28087000500,5,tract,2022,28087000500_tract
28087001000,10,tract,2022,28087001000_tract
28087000600,6,tract,2022,28087000600_tract
28087001100,11,tract,2022,28087001100_tract
28015950100,9501,tract,2022,28015950100_tract
28053950300,9503,tract,2022,28053950300_tract
28081950102,9501.02,tract,2022,28081950102_tract
28081950101,9501.01,tract,2022,28081950101_tract
28081950302,9503.02,tract,2022,28081950302_tract
28081950901,9509.01,tract,2022,28081950901_tract
28081951002,9510.02,tract,2022,28081951002_tract
28073020102,201.02,tract,2022,28073020102_tract
28073020502,205.02,tract,2022,28073020502_tract
28073020402,204.02,tract,2022,28073020402_tract
28073020501,205.01,tract,2022,28073020501_tract
28073020401,204.01,tract,2022,28073020401_tract
28073020205,202.05,tract,2022,28073020205_tract
28073020206,202.06,tract,2022,28073020206_tract
28073020306,203.06,tract,2022,28073020306_tract
28073020304,203.04,tract,2022,28073020304_tract
28073020303,203.03,tract,2022,28073020303_tract
28073020101,201.01,tract,2022,28073020101_tract
28073020307,203.07,tract,2022,28073020307_tract
28073020308,203.08,tract,2022,28073020308_tract
28073020204,202.04,tract,2022,28073020204_tract
28073020203,202.03,tract,2022,28073020203_tract
28073020305,203.05,tract,2022,28073020305_tract
28081951001,9510.01,tract,2022,28081951001_tract
28081950202,9502.02,tract,2022,28081950202_tract
28081950602,9506.02,tract,2022,28081950602_tract
28081950601,9506.01,tract,2022,28081950601_tract
28081950301,9503.01,tract,2022,28081950301_tract
28033070522,705.22,tract,2022,28033070522_tract
28081980000,9800,tract,2022,28081980000_tract
28081950902,9509.02,tract,2022,28081950902_tract
28081950401,9504.01,tract,2022,28081950401_tract
28049011600,116,tract,2022,28049011600_tract
28053950100,9501,tract,2022,28053950100_tract
28053950200,9502,tract,2022,28053950200_tract
28075000300,3,tract,2022,28075000300_tract
28049010501,105.01,tract,2022,28049010501_tract
28049011203,112.03,tract,2022,28049011203_tract
28049011204,112.04,tract,2022,28049011204_tract
28049010502,105.02,tract,2022,28049010502_tract
28049010104,101.04,tract,2022,28049010104_tract
28049011105,111.05,tract,2022,28049011105_tract
28049011104,111.04,tract,2022,28049011104_tract
28049010103,101.03,tract,2022,28049010103_tract
28127950500,9505,tract,2022,28127950500_tract
28049010807,108.07,tract,2022,28049010807_tract
28075000600,6,tract,2022,28075000600_tract
28101050500,505,tract,2022,28101050500_tract
28101050400,504,tract,2022,28101050400_tract
28101050200,502,tract,2022,28101050200_tract
28101050100,501,tract,2022,28101050100_tract
28129950100,9501,tract,2022,28129950100_tract
28127950200,9502,tract,2022,28127950200_tract
28049010801,108.01,tract,2022,28049010801_tract
28049010400,104,tract,2022,28049010400_tract
28049011001,110.01,tract,2022,28049011001_tract
28049010600,106,tract,2022,28049010600_tract
28049010304,103.04,tract,2022,28049010304_tract
28049003300,33,tract,2022,28049003300_tract
28049003800,38,tract,2022,28049003800_tract
28163950200,9502,tract,2022,28163950200_tract
28163950100,9501,tract,2022,28163950100_tract
28163950500,9505,tract,2022,28163950500_tract
28163950400,9504,tract,2022,28163950400_tract
28163950300,9503,tract,2022,28163950300_tract
28049000800,8,tract,2022,28049000800_tract
28049010806,108.06,tract,2022,28049010806_tract
28049010201,102.01,tract,2022,28049010201_tract
28049011103,111.03,tract,2022,28049011103_tract
28049002700,27,tract,2022,28049002700_tract
28049010202,102.02,tract,2022,28049010202_tract
28049001300,13,tract,2022,28049001300_tract
28049010700,107,tract,2022,28049010700_tract
28049010203,102.03,tract,2022,28049010203_tract
28049011101,111.01,tract,2022,28049011101_tract
28049000700,7,tract,2022,28049000700_tract
28049010102,101.02,tract,2022,28049010102_tract
28049010901,109.01,tract,2022,28049010901_tract
28049002400,24,tract,2022,28049002400_tract
28049003000,30,tract,2022,28049003000_tract
28049001100,11,tract,2022,28049001100_tract
28049000100,1,tract,2022,28049000100_tract
28049001400,14,tract,2022,28049001400_tract
28049000200,2,tract,2022,28049000200_tract
28089030600,306,tract,2022,28089030600_tract
28089030302,303.02,tract,2022,28089030302_tract
28089031000,310,tract,2022,28089031000_tract
28089030203,302.03,tract,2022,28089030203_tract
28089030301,303.01,tract,2022,28089030301_tract
28089030104,301.04,tract,2022,28089030104_tract
28149950300,9503,tract,2022,28149950300_tract
28089030204,302.04,tract,2022,28089030204_tract
28131020100,201,tract,2022,28131020100_tract
28149950700,9507,tract,2022,28149950700_tract
28149950200,9502,tract,2022,28149950200_tract
28149950500,9505,tract,2022,28149950500_tract
28149951102,9511.02,tract,2022,28149951102_tract
28149950400,9504,tract,2022,28149950400_tract
28149951101,9511.01,tract,2022,28149951101_tract
28149950600,9506,tract,2022,28149950600_tract
28149950800,9508,tract,2022,28149950800_tract
28099010400,104,tract,2022,28099010400_tract
28099010500,105,tract,2022,28099010500_tract
28099940100,9401,tract,2022,28099940100_tract
28099010600,106,tract,2022,28099010600_tract
28099010200,102,tract,2022,28099010200_tract
28099010700,107,tract,2022,28099010700_tract
28093950401,9504.01,tract,2022,28093950401_tract
28093950402,9504.02,tract,2022,28093950402_tract
28095950502,9505.02,tract,2022,28095950502_tract
28095950501,9505.01,tract,2022,28095950501_tract
28043950500,9505,tract,2022,28043950500_tract
28043950300,9503,tract,2022,28043950300_tract
28017950100,9501,tract,2022,28017950100_tract
28067980000,9800,tract,2022,28067980000_tract
28037950200,9502,tract,2022,28037950200_tract
28015950201,9502.01,tract,2022,28015950201_tract
28015950202,9502.02,tract,2022,28015950202_tract
28049010804,108.04,tract,2022,28049010804_tract
28049010805,108.05,tract,2022,28049010805_tract
28049010902,109.02,tract,2022,28049010902_tract
28049011002,110.02,tract,2022,28049011002_tract
28105950601,9506.01,tract,2022,28105950601_tract
28043950400,9504,tract,2022,28043950400_tract
28061950200,9502,tract,2022,28061950200_tract
28049011300,113,tract,2022,28049011300_tract
28049011201,112.01,tract,2022,28049011201_tract
28133950200,9502,tract,2022,28133950200_tract
28067950402,9504.02,tract,2022,28067950402_tract
28067950302,9503.02,tract,2022,28067950302_tract
28067950301,9503.01,tract,2022,28067950301_tract
28067950401,9504.01,tract,2022,28067950401_tract
28017950200,9502,tract,2022,28017950200_tract
28047000900,9,tract,2022,28047000900_tract
28007060600,606,tract,2022,28007060600_tract
28007060400,604,tract,2022,28007060400_tract
28007060100,601,tract,2022,28007060100_tract
28007060300,603,tract,2022,28007060300_tract
28007060500,605,tract,2022,28007060500_tract
28007060200,602,tract,2022,28007060200_tract
28089030107,301.07,tract,2022,28089030107_tract
28011950300,9503,tract,2022,28011950300_tract
28011950200,9502,tract,2022,28011950200_tract
28011950500,9505,tract,2022,28011950500_tract
28011950400,9504,tract,2022,28011950400_tract
28011950100,9501,tract,2022,28011950100_tract
28151000702,7.02,tract,2022,28151000702_tract
28069030100,301,tract,2022,28069030100_tract
28069030200,302,tract,2022,28069030200_tract
28063950200,9502,tract,2022,28063950200_tract
28033070811,708.11,tract,2022,28033070811_tract
28017950300,9503,tract,2022,28017950300_tract
28153950200,9502,tract,2022,28153950200_tract
28047000600,6,tract,2022,28047000600_tract
28047001900,19,tract,2022,28047001900_tract
28047002300,23,tract,2022,28047002300_tract
28047002500,25,tract,2022,28047002500_tract
28047002600,26,tract,2022,28047002600_tract
28143950102,9501.02,tract,2022,28143950102_tract
28143950101,9501.01,tract,2022,28143950101_tract
28113950102,9501.02,tract,2022,28113950102_tract
28157950201,9502.01,tract,2022,28157950201_tract
28157950202,9502.02,tract,2022,28157950202_tract
28047001600,16,tract,2022,28047001600_tract
28047001800,18,tract,2022,28047001800_tract
28075010301,103.01,tract,2022,28075010301_tract
28075010400,104,tract,2022,28075010400_tract
28075001000,10,tract,2022,28075001000_tract
28075000200,2,tract,2022,28075000200_tract
28075000900,9,tract,2022,28075000900_tract
28075000700,7,tract,2022,28075000700_tract
28047002900,29,tract,2022,28047002900_tract
28143950200,9502,tract,2022,28143950200_tract
28151000701,7.01,tract,2022,28151000701_tract
28071950201,9502.01,tract,2022,28071950201_tract
28071950502,9505.02,tract,2022,28071950502_tract
28009950200,9502,tract,2022,28009950200_tract
28067950700,9507,tract,2022,28067950700_tract
28067951000,9510,tract,2022,28067951000_tract
28067950500,9505,tract,2022,28067950500_tract
28121020210,202.10,tract,2022,28121020210_tract
28121020208,202.08,tract,2022,28121020208_tract
28121020212,202.12,tract,2022,28121020212_tract
28121020209,202.09,tract,2022,28121020209_tract
28121980000,9800,tract,2022,28121980000_tract
28115950500,9505,tract,2022,28115950500_tract
28115950200,9502,tract,2022,28115950200_tract
28115950300,9503,tract,2022,28115950300_tract
28115950400,9504,tract,2022,28115950400_tract
28159950200,9502,tract,2022,28159950200_tract
28159950300,9503,tract,2022,28159950300_tract
28159950400,9504,tract,2022,28159950400_tract
28159950100,9501,tract,2022,28159950100_tract
28159950500,9505,tract,2022,28159950500_tract
28147950200,9502,tract,2022,28147950200_tract
28105950300,9503,tract,2022,28105950300_tract
28105950500,9505,tract,2022,28105950500_tract
28095950201,9502.01,tract,2022,28095950201_tract
28095950202,9502.02,tract,2022,28095950202_tract
28095950101,9501.01,tract,2022,28095950101_tract
28095950102,9501.02,tract,2022,28095950102_tract
28059040105,401.05,tract,2022,28059040105_tract
28059041002,410.02,tract,2022,28059041002_tract
28059041301,413.01,tract,2022,28059041301_tract
28033070722,707.22,tract,2022,28033070722_tract
28033070222,702.22,tract,2022,28033070222_tract
28033070812,708.12,tract,2022,28033070812_tract
28157950100,9501,tract,2022,28157950100_tract
28059041302,413.02,tract,2022,28059041302_tract
28059041102,411.02,tract,2022,28059041102_tract
28059040205,402.05,tract,2022,28059040205_tract
28059040901,409.01,tract,2022,28059040901_tract
28059040801,408.01,tract,2022,28059040801_tract
28059040104,401.04,tract,2022,28059040104_tract
28059041101,411.01,tract,2022,28059041101_tract
28059040103,401.03,tract,2022,28059040103_tract
28059040702,407.02,tract,2022,28059040702_tract
28059041001,410.01,tract,2022,28059041001_tract
28059040106,401.06,tract,2022,28059040106_tract
28059040206,402.06,tract,2022,28059040206_tract
28059040207,402.07,tract,2022,28059040207_tract
28059040402,404.02,tract,2022,28059040402_tract
28059040701,407.01,tract,2022,28059040701_tract
28059040802,408.02,tract,2022,28059040802_tract
28059040208,402.08,tract,2022,28059040208_tract
28059040902,409.02,tract,2022,28059040902_tract
28059040903,409.03,tract,2022,28059040903_tract
28059042202,422.02,tract,2022,28059042202_tract
28059042201,422.01,tract,2022,28059042201_tract
28059040301,403.01,tract,2022,28059040301_tract
28059040302,403.02,tract,2022,28059040302_tract
28059040401,404.01,tract,2022,28059040401_tract
28033070830,708.30,tract,2022,28033070830_tract
28123020400,204,tract,2022,28123020400_tract
28123020600,206,tract,2022,28123020600_tract
28123020200,202,tract,2022,28123020200_tract
28123020500,205,tract,2022,28123020500_tract
28039950304,9503.04,tract,2022,28039950304_tract
28039950303,9503.03,tract,2022,28039950303_tract
28033070900,709,tract,2022,28033070900_tract
28033071200,712,tract,2022,28033071200_tract
28033070610,706.10,tract,2022,28033070610_tract
28055950100,9501,tract,2022,28055950100_tract
28029950200,9502,tract,2022,28029950200_tract
28029950400,9504,tract,2022,28029950400_tract
28029950300,9503,tract,2022,28029950300_tract
28013950400,9504,tract,2022,28013950400_tract
28013950100,9501,tract,2022,28013950100_tract
28013950500,9505,tract,2022,28013950500_tract
28013950200,9502,tract,2022,28013950200_tract
28013950300,9503,tract,2022,28013950300_tract
28079040100,401,tract,2022,28079040100_tract
28079040500,405,tract,2022,28079040500_tract
28133950100,9501,tract,2022,28133950100_tract
28117950101,9501.01,tract,2022,28117950101_tract
28117950202,9502.02,tract,2022,28117950202_tract
28117950301,9503.01,tract,2022,28117950301_tract
28117950201,9502.01,tract,2022,28117950201_tract
28117950302,9503.02,tract,2022,28117950302_tract
28117950102,9501.02,tract,2022,28117950102_tract
28033070412,704.12,tract,2022,28033070412_tract
28033070210,702.10,tract,2022,28033070210_tract
28043950202,9502.02,tract,2022,28043950202_tract
28043950102,9501.02,tract,2022,28043950102_tract
28043950201,9502.01,tract,2022,28043950201_tract
28043950101,9501.01,tract,2022,28043950101_tract
28033070310,703.10,tract,2022,28033070310_tract
28033070322,703.22,tract,2022,28033070322_tract
28045030400,304,tract,2022,28045030400_tract
28029950600,9506,tract,2022,28029950600_tract
28125950200,9502,tract,2022,28125950200_tract
28125950100,9501,tract,2022,28125950100_tract
28107950400,9504,tract,2022,28107950400_tract
28057950202,9502.02,tract,2022,28057950202_tract
28057950201,9502.01,tract,2022,28057950201_tract
28003950502,9505.02,tract,2022,28003950502_tract
28003950401,9504.01,tract,2022,28003950401_tract
28003950402,9504.02,tract,2022,28003950402_tract
28003950501,9505.01,tract,2022,28003950501_tract
28003950202,9502.02,tract,2022,28003950202_tract
28003950201,9502.01,tract,2022,28003950201_tract
28017950401,9504.01,tract,2022,28017950401_tract
28017950402,9504.02,tract,2022,28017950402_tract
28163950602,9506.02,tract,2022,28163950602_tract
28163950601,9506.01,tract,2022,28163950601_tract
28099010102,101.02,tract,2022,28099010102_tract
28099010101,101.01,tract,2022,28099010101_tract
28079040401,404.01,tract,2022,28079040401_tract
28079040402,404.02,tract,2022,28079040402_tract
28035010101,101.01,tract,2022,28035010101_tract
28035010700,107,tract,2022,28035010700_tract
28143980000,9800,tract,2022,28143980000_tract
28047980000,9800,tract,2022,28047980000_tract
28047003700,37,tract,2022,28047003700_tract
28091950100,9501,tract,2022,28091950100_tract
28091950400,9504,tract,2022,28091950400_tract
28091950600,9506,tract,2022,28091950600_tract
28091950500,9505,tract,2022,28091950500_tract
28091950300,9503,tract,2022,28091950300_tract
28091950200,9502,tract,2022,28091950200_tract
28121020703,207.03,tract,2022,28121020703_tract
28121020213,202.13,tract,2022,28121020213_tract
28049010809,108.09,tract,2022,28049010809_tract
28049010808,108.08,tract,2022,28049010808_tract
28033070102,701.02,tract,2022,28033070102_tract
28033070323,703.23,tract,2022,28033070323_tract
28033070324,703.24,tract,2022,28033070324_tract
28033070721,707.21,tract,2022,28033070721_tract
28033070101,701.01,tract,2022,28033070101_tract
28033070421,704.21,tract,2022,28033070421_tract
28033070633,706.33,tract,2022,28033070633_tract
28049000400,4,tract,2022,28049000400_tract
28089030202,302.02,tract,2022,28089030202_tract
28033070523,705.23,tract,2022,28033070523_tract
28033070631,706.31,tract,2022,28033070631_tract
28033070524,705.24,tract,2022,28033070524_tract
28033070724,707.24,tract,2022,28033070724_tract
28033070635,706.35,tract,2022,28033070635_tract
28033071002,710.02,tract,2022,28033071002_tract
28033071001,710.01,tract,2022,28033071001_tract
28033070723,707.23,tract,2022,28033070723_tract
28033071123,711.23,tract,2022,28033071123_tract
28033070632,706.32,tract,2022,28033070632_tract
28033071122,711.22,tract,2022,28033071122_tract
28033071124,711.24,tract,2022,28033071124_tract
28033070634,706.34,tract,2022,28033070634_tract
28059042900,429,tract,2022,28059042900_tract
28033071121,711.21,tract,2022,28033071121_tract
28133950401,9504.01,tract,2022,28133950401_tract
28025950400,9504,tract,2022,28025950400_tract
28025950300,9503,tract,2022,28025950300_tract
28133950402,9504.02,tract,2022,28133950402_tract
28059040203,402.03,tract,2022,28059040203_tract
28135950400,9504,tract,2022,28135950400_tract
28135950100,9501,tract,2022,28135950100_tract
28135950300,9503,tract,2022,28135950300_tract
28135950200,9502,tract,2022,28135950200_tract
28075001101,11.01,tract,2022,28075001101_tract
28075001102,11.02,tract,2022,28075001102_tract
28075980000,9800,tract,2022,28075980000_tract
28067950201,9502.01,tract,2022,28067950201_tract
28061950101,9501.01,tract,2022,28061950101_tract
28059990000,9900,tract,2022,28059990000_tract
28039950200,9502,tract,2022,28039950200_tract
28079040700,407,tract,2022,28079040700_tract
28149950902,9509.02,tract,2022,28149950902_tract
28149950901,9509.01,tract,2022,28149950901_tract
28079040600,406,tract,2022,28079040600_tract
28089030205,302.05,tract,2022,28089030205_tract
28059040500,405,tract,2022,28059040500_tract
28059042600,426,tract,2022,28059042600_tract
28089030900,309,tract,2022,28089030900_tract
28059040600,406,tract,2022,28059040600_tract
28087000102,1.02,tract,2022,28087000102_tract
28087000404,4.04,tract,2022,28087000404_tract
28087000403,4.03,tract,2022,28087000403_tract
28059041500,415,tract,2022,28059041500_tract
28059041600,416,tract,2022,28059041600_tract
28059041700,417,tract,2022,28059041700_tract
28089030105,301.05,tract,2022,28089030105_tract
28133950600,9506,tract,2022,28133950600_tract
28133950300,9503,tract,2022,28133950300_tract
28133950500,9505,tract,2022,28133950500_tract
28033070221,702.21,tract,2022,28033070221_tract
28141950200,9502,tract,2022,28141950200_tract
28113950400,9504,tract,2022,28113950400_tract
28113950200,9502,tract,2022,28113950200_tract
28059042700,427,tract,2022,28059042700_tract
28059041400,414,tract,2022,28059041400_tract
28059042500,425,tract,2022,28059042500_tract
28067950101,9501.01,tract,2022,28067950101_tract
28067950202,9502.02,tract,2022,28067950202_tract
28067950102,9501.02,tract,2022,28067950102_tract
28067950602,9506.02,tract,2022,28067950602_tract
28067950601,9506.01,tract,2022,28067950601_tract
28067950901,9509.01,tract,2022,28067950901_tract
28067950801,9508.01,tract,2022,28067950801_tract
28067950802,9508.02,tract,2022,28067950802_tract
28067951101,9511.01,tract,2022,28067951101_tract
28067951102,9511.02,tract,2022,28067951102_tract
28067950902,9509.02,tract,2022,28067950902_tract
28061950401,9504.01,tract,2022,28061950401_tract
28061950402,9504.02,tract,2022,28061950402_tract
28047003104,31.04,tract,2022,28047003104_tract
28061950102,9501.02,tract,2022,28061950102_tract
28061950301,9503.01,tract,2022,28061950301_tract
28061950302,9503.02,tract,2022,28061950302_tract
28047003216,32.16,tract,2022,28047003216_tract
28047002402,24.02,tract,2022,28047002402_tract
28047003513,35.13,tract,2022,28047003513_tract
28047003105,31.05,tract,2022,28047003105_tract
28047003103,31.03,tract,2022,28047003103_tract
28047003305,33.05,tract,2022,28047003305_tract
28047003506,35.06,tract,2022,28047003506_tract
28047003405,34.05,tract,2022,28047003405_tract
28047002802,28.02,tract,2022,28047002802_tract
28047002002,20.02,tract,2022,28047002002_tract
28047003211,32.11,tract,2022,28047003211_tract
28047003509,35.09,tract,2022,28047003509_tract
28047001702,17.02,tract,2022,28047001702_tract
28047003106,31.06,tract,2022,28047003106_tract
28047002701,27.01,tract,2022,28047002701_tract
28047003309,33.09,tract,2022,28047003309_tract
28047003210,32.10,tract,2022,28047003210_tract
28047003214,32.14,tract,2022,28047003214_tract
28047002702,27.02,tract,2022,28047002702_tract
28047003307,33.07,tract,2022,28047003307_tract
28047001505,15.05,tract,2022,28047001505_tract
28047003107,31.07,tract,2022,28047003107_tract
